
RUNNING VARS → 
        CITY=Almeria, 

        OPERATION=0,
            CREATE_SESSION=0,
            CLOSE_SESSION=0,
            SESSION=None,
            IMAGES=0,
            GET_SCRAPERS=

        SCRAPER=ClassicJazz
        DAG_RUN_URL=/dags/FisgonTaskSelenium/log?remoteNode=local&step=tarea_1&dagRunId=019c90f9-9f06-7b14-9a6b-d23e581dfc73

Running for Almeria: ClassicJazz
ClassicJazz
RUNNING SESSION =  2026_02_24_18_31_Martes
Starting WebDriver...
http://localhost:4444/wd/hub
*********************times =1
sleeping 7
Scrolling...
sleeping 1
Getting content
clicking
sleeping 3
sleeping 7
*********************times =2
sleeping 7
Scrolling...
sleeping 1
Getting content
clicking
sleeping 3
sleeping 7
*** SCRAPED 162 URLS WITH EVENTS **
New url events = 106
0 / 106
Getting https://clasijazz.com/evento/bonilla-sipiagin-ny-brass-quintet-latin-flavored-jazz/
Sleep 4
2026-03-13T22:00:00 2026-03-13T23:30:00
--------------------
{'id': '1a5ce222', 'show': 1, 'in_city': 1, 'one_day': 1, 'wrong_date_time': 0, 'event': 'Bonilla / Sipiagin NY Brass Quintet  “Latin Flavored Jazz”', 'slug': 'bonilla-sipiagin-ny-brass-quintet-latin-flavored-jazz', 'category': '__NOT_DEFINIED__', 'id_venue': 'Q6b6LRjT', 'venue': 'Sede Clasijazz', 'std_venue': 'Clasijazz', 'start_date': '2026-03-13', 'start_time': '22:00:00', 'end_date': '2026-03-13', 'end_time': '23:30:00', 'description': '20 € NS / 10 € S Sala Principal ¡¡ Esto va a ser muy fuerte !! Un viaje a Nueva York sin moverse de Almería. Conocidos y reconocidos por su arte desbordante, Alex y Luis llevan los sonidos de la ciudad de Nueva York a la vanguardia de su música, siguiendo el espíritu de sus mentores: Charles Mingus, Lester Bowie y otros. El NY Brass Quintet cuenta con el respaldo de una potente sección rítmica compuesta por Martin Sasse al piano, Ignasi González al contrabajo y Joris Dudli a la batería. “Bonilla se mueve en direcciones que amplían nuestras nociones del jazz y nos llevan a nuevos y sorprendentes reinos con una creatividad y versatilidad notables” (Newsday). “La participación de Luis en cualquier escenario evoca una exuberancia contagiosa.” (revista Jazzwise).» Luis Bonilla, trombón Bonilla se mudó a la ciudad de Nueva York en 1989 con la esperanza de tocar con uno de sus ídolos musicales, el baterista Art Blakey. Bonilla finalmente consiguió el apoyo de Lester Bowie como trombonista del grupo. Se ha mantenido como músico de sesión y acompañante de McCoy Tyner, Dizzy Gillespie, Tom Harrell, Freddie Hubbard, Astrud Gilberto, Willie Colón y Toshiko Akiyoshi. Ha demostrado su versatilidad como músico, trabajando y grabando con artistas tan diversos como Tito Nieves, Phil Collins, Tony Bennett, Alejandro Sanz, Diana Ross, Marc Anthony, La India y Mary J. Blige. Ha sido miembro de la Mingus Big Band y de la Orquesta Afro Cubana de Jazz del Lincoln Center. En febrero de 2009, recibió dos premios Grammy con la Orquesta Vanguard Jazz y colaboró con la Orquesta Afro Latin Jazz. Luis fue galardonado con el premio Rising Star de la revista Downbeat en 2010 y 2011. Como trombonista, formó parte de la encuesta de lectores de Downbeats en 2012. Alex Sipiagin, trompeta En festivales de jazz de todo el mundo, Alex Sipiagin ha actuado con figuras como Dave Holland, Michael Brecker, Gonzalo Rubalcaba, los grupos Mingus y muchos más. Al principio de su carrera, Alex se convirtió en un músico predilecto de diversas bandas, como la Orquesta de Gil Evans, la Orquesta Zebra Coast de Gil Goldstein, la George Gruntz Concert Jazz Band, la banda Mozamba del baterista Bob Moses, la Mingus Big Band, así como la Mingus Dynasty y la Orquesta Mingus, y las Dave Holland Big Band, Sextet y Octet. En 2003, grabó con el Quindectet de Michael Brecker, y también realizó giras con el Sexteto de Michael Brecker. Alex también ha trabajado con Eric Clapton, Dr. John, Aaron Neville, Elvis Costello, Michael Franks, Dave Sanborn, Deborah Cox, el legendario productor Phil Ramone y Gonzalo Rubalcaba, entre otros artistas. Muchas de las grabaciones en las que ha participado han sido nominadas y/o ganadoras en los Premios Grammy. Martin Sasse, piano Martin Sasse ha trabajado con casi todas las leyendas del jazz internacional a lo largo de su carrera escénica, incluyendo a Al Foster, Jimmy Cobb, Steve Grossman y Lee Konitz, y ha sido considerado durante mucho tiempo uno de los pianistas de jazz más destacados de Europa. Entre sus compañeros habituales se encuentran Philip Catherine, Peter Bernstein, Dennis Mackrel y Scott Hamilton. Ha publicado diez álbumes bajo su propio nombre y ha actuado como invitado en innumerables grabaciones y conciertos por todo el mundo. Sasse ha tocado en los principales festivales, incluso con estrellas mundiales como Bobby McFerrin, Tommy Emmanuel y Sting. Sus giras de conciertos lo han llevado a Japón, China y Egipto.Ignasi González, contrabajo Ignasi González comenzó su carrera profesional en 1987 y se interesó por el jazz a mediados de los 90. Empezó a realizar giras regulares con músicos de la escena neoyorquina como Joe Magnarelli, Grant Stewart, Jim Rotondi, Eric Alexander, Peter Bernstein, Harry Allen, Houston Person y muchos otros. En los últimos quince años, colabora con el saxofonista tenor Scott Hamilton, grabando varios álbumes con él. Hace unos años, comenzó a tocar en la sección rítmica habitual del gran Benny Golson, en sus giras por toda Europa. Joris Dudli, bateria Iniciando su trayectoria musical a finales de los 70 como músico de estudio a sus 18 años, Dudli ha participado en numerosas grabaciones de leyendas del pop austriaco. Tras convertirse en miembro estable de la «Orquesta del Arte de Viena», trabajó con todos los grandes del jazz austriaco, incluso con «Syndicate» de Joe Zawinul en 2004. A finales de los 80, el trompetista estadounidense Art Farmer jugó un papel fundamental en la conexión de Dudli con la escena jazzística neoyorquina. Grabó y actuó con: Vincent Herring, Benny Bailey, Johnny Griffin, Clifford Jordan, Jimmy Heath, Tom Harell, Joe Henderson, Joe Lovano, Mulgrew Miller, Sal Nistico, Harold Vick y muchos otros.', 'others': {'price': '10,00€ – 20,00€', 'category': 'Programación', 'location_url': 'https://clasijazz.com/local/sede-clasijazz/', 'location': 'Maestro Serrano 9, Almería'}, 'source': 'ClassicJazz', 'exec_time': '20260224T184649', 'session': '2026_02_24_18_31_Martes', 'image': 'https://clasijazz.com/wp-content/uploads/2026/02/image-35.jpg', 'url': 'https://clasijazz.com/evento/bonilla-sipiagin-ny-brass-quintet-latin-flavored-jazz/'}
1 / 106
Getting https://clasijazz.com/evento/como-cascara-de-limon/
Sleep 4
2026-03-14T18:30:00 2026-03-14T19:30:00
--------------------
{'id': '646053be', 'show': 1, 'in_city': 1, 'one_day': 1, 'wrong_date_time': 0, 'event': 'Como Cáscara De Limón', 'slug': 'como-cascara-de-limon', 'category': '__NOT_DEFINIED__', 'id_venue': 'Q6b6LRjT', 'venue': 'Sede Clasijazz', 'std_venue': 'Clasijazz', 'start_date': '2026-03-14', 'start_time': '18:30:00', 'end_date': '2026-03-14', 'end_time': '19:30:00', 'description': 'Sala Principal | 12 € NS / 5 € S SINOPSIS: Las circunstancias de la vida llevan a Lucía a refugiarse en la casa de su amiga Teresa. Los problemas de convivencia que van surgiendo pueden llevar a un desenlace inesperado.', 'others': {'price': '5,00€ – 12,00€', 'category': 'Programación', 'location_url': 'https://clasijazz.com/local/sede-clasijazz/', 'location': 'Maestro Serrano 9, Almería'}, 'source': 'ClassicJazz', 'exec_time': '20260224T184649', 'session': '2026_02_24_18_31_Martes', 'image': 'https://clasijazz.com/wp-content/uploads/2026/02/gata-teatro-como-cascara-de-limon_new.jpg', 'url': 'https://clasijazz.com/evento/como-cascara-de-limon/'}
2 / 106
Getting https://clasijazz.com/evento/residencia-artistica-veta/
Sleep 4
2026-02-17T__NOT_FOUND__ 2026-02-17T__NOT_FOUND__
--------------------
{'id': '13e827ac', 'show': 1, 'in_city': 1, 'one_day': '__ERROR__', 'wrong_date_time': 1, 'event': 'Residencia Artística VETA', 'slug': 'residencia-artistica-veta', 'category': '__NOT_DEFINIED__', 'id_venue': 'Q6b6LRjT', 'venue': 'El Molino – Clasijazz rural', 'std_venue': 'Clasijazz', 'start_date': '2026-02-17', 'start_time': '__NOT_FOUND__', 'end_date': '2026-02-17', 'end_time': '__NOT_FOUND__', 'description': 'VETA VETA es un proyecto de percusión experimental y registro de paisajes sonoros en colaboración con Clasijazz Rural, que parte de las enseñanzas de Susie Ibarra (Premio Pulitzer 2025) y Jake Landau. Créditos: Carolina Cebrino – registro sonoro, percusión y composición Javier Amat – asesoría en ingeniería agronómica arborista David Montero – acompañamiento artístico Pedro Ernesto Moreno – investigación en paisaje sonoro y arreglos musicales. Foto: José Serrano Agradecimientos: Mª José Martínez y Parque del Alamillo (Sevilla)', 'others': {'price': '__NOT_DEFINIED__', 'category': 'Programación', 'location_url': 'https://clasijazz.com/local/el-molino/', 'location': 'X9MW+8V, Terque'}, 'source': 'ClassicJazz', 'exec_time': '20260224T184649', 'session': '2026_02_24_18_31_Martes', 'image': 'https://clasijazz.com/wp-content/uploads/2026/02/CARTELdefinitivoVETA-scaled.jpg', 'url': 'https://clasijazz.com/evento/residencia-artistica-veta/'}
3 / 106
Getting https://clasijazz.com/evento/unity-gospel-choir-con-clasijazz-big-band-didier-likeng-ramon-escale-unity-festival/
Sleep 4
2026-03-01T12:30:00 2026-03-01T13:30:00
--------------------
{'id': 'd176dd15', 'show': 1, 'in_city': 1, 'one_day': 1, 'wrong_date_time': 0, 'event': 'Unity Gospel Choir Con Clasijazz Big Band, Didier Likeng & Ramon Escalé – Unity Festival', 'slug': 'unity-gospel-choir-con-clasijazz-big-band-didier-likeng-ramon-escale-unity-festi', 'category': '__NOT_DEFINIED__', 'id_venue': '27qNP7DH', 'venue': 'Auditorio Maestro Padilla', 'std_venue': 'Auditorio Municipal Maestro Padilla', 'start_date': '2026-03-01', 'start_time': '12:30:00', 'end_date': '2026-03-01', 'end_time': '13:30:00', 'description': '25€ ZONA A / 20 € ZONA B Auditorio Maestro Padilla ESP Como seña de identidad, Unity quiere hacer del Gospel una música transversal en constante evolución y relacionándose de manera natural con otras músicas, en este caso, la africana. Presentación en público por primera vez del Unity Choir, formado por cantantes seleccionados de 12 países europeos. El concierto es parte del Unity Clasijazz Gospel Festival. Se realiza como una primera edición y está dedicada a África. *Entradas: https://www.flowte.me/storefront/almeria-cultura-401?e=36943https://almeriaculturaentradas.es/ ENG As a hallmark, Unity aims to make Gospel a cross-genre music in constant evolution, naturally connecting with other musical styles — in this case, African music. This will be the public debut of the Unity Choir, made up of selected singers from 12 European countries. The concert is part of the Unity Clasijazz Gospel Festival. This is its first edition and it is dedicated to Africa. *Tickets: https://www.flowte.me/storefront/almeria-cultura-401?e=36943https://almeriaculturaentradas.es/', 'others': {'price': '__NOT_DEFINIED__', 'category': 'Programación', 'location_url': 'https://clasijazz.com/local/auditorio-maestro-padilla/', 'location': 'Pl. Alfredo Kraus, 04007 Almería, Almería'}, 'source': 'ClassicJazz', 'exec_time': '20260224T184649', 'session': '2026_02_24_18_31_Martes', 'image': 'https://clasijazz.com/wp-content/uploads/2025/10/Cinque-Cullar-The-Peace-Troupe-Chicago-USA.jpg', 'url': 'https://clasijazz.com/evento/unity-gospel-choir-con-clasijazz-big-band-didier-likeng-ramon-escale-unity-festival/'}
4 / 106
Getting https://clasijazz.com/evento/club-de-lectura-port-of-spain/
Sleep 4
2026-02-26T19:30:00 2026-02-26T21:00:00
--------------------
{'id': '9c36e571', 'show': 1, 'in_city': 1, 'one_day': 1, 'wrong_date_time': 0, 'event': 'Club De Lectura', 'slug': 'club-de-lectura', 'category': '__NOT_DEFINIED__', 'id_venue': 'ddgm4gQP', 'venue': 'Port Of Spain', 'std_venue': 'Port Of Spain', 'start_date': '2026-02-26', 'start_time': '19:30:00', 'end_date': '2026-02-26', 'end_time': '21:00:00', 'description': 'Port of Spain Entrada libre En este mes de febrero nos lanzamos con esta lectura a caballo entre la memoria personal y el ensayo, el testimonio y la denuncia, este libro de Nadeesha Uyangoda es como un fogonazo de luz sobre la verdadera oscuridad de la Europa del siglo XXI. La autora no sólo pone en tela de juicio las convicciones de los blancos y revela el racismo sistemático como algo que se experimenta de manera individual pero a la vez colectiva, sino que problematiza sus propias actitudes como una mujer «negra» criada en Italia: «Yo era ?soy? el anuncio publicitario perfecto para un programa de asimilación cultural», cuenta sobre su proceso de «integración» antes de empezar a cuestionarlo todo y dejar de «huir de la raza».', 'others': {'price': '__NOT_DEFINIED__', 'category': 'Programación', 'location_url': 'https://clasijazz.com/local/port-of-spain/', 'location': 'Parque Nicolás Salmeron 20, Almería'}, 'source': 'ClassicJazz', 'exec_time': '20260224T184649', 'session': '2026_02_24_18_31_Martes', 'image': 'https://clasijazz.com/wp-content/uploads/2026/01/WhatsApp-Image-2026-01-10-at-19.53.33-1.jpeg', 'url': 'https://clasijazz.com/evento/club-de-lectura-port-of-spain/'}
5 / 106
Getting https://clasijazz.com/evento/anders-boye-knudsen-quartet/
Sleep 4
2026-02-14T22:00:00 2026-02-14T23:30:00
--------------------
{'id': '10cecee5', 'show': 1, 'in_city': 1, 'one_day': 1, 'wrong_date_time': 0, 'event': 'Anders Boye Knudsen Quartet', 'slug': 'anders-boye-knudsen-quartet', 'category': '__NOT_DEFINIED__', 'id_venue': 'Q6b6LRjT', 'venue': 'Sede Clasijazz', 'std_venue': 'Clasijazz', 'start_date': '2026-02-14', 'start_time': '22:00:00', 'end_date': '2026-02-14', 'end_time': '23:30:00', 'description': '15€ NS / 7€ S | Sala Principal Bio El grupo de Anders Boye Knudsen nos transporta en un viaje musical a través de los bellos paisajes daneses y las enérgicas y salvajes escenas de las capitales europeas.Se trata de un joven cuarteto de jazz contemporáneo liderado por el contrabajista danés Anders Boye, que interpretará su último EP recientemente publicado, Alverdens Himmel, junto a otras composiciones originales y versiones del folclore danés y escandinavo en clave de jazz. Formación: Anders Boye Knudsen – contrabajo (Dinamarca) Marcos Merino – piano (España) Toms Rudzinskis – saxo (Letonia) Jose Cabello – batería (España) Reseñas “Composiciones originales y bellas melodías, progresivamente rítmicas y enérgicas que invitan al baile, otras sosegadas y misteriosas que podrían acompañarte por los bosques. Anders, siempre con una sonrisa y atenta dedicación, ha reunido a un cuarteto de músicos talentosos que pasean y disfrutan esos paisajes que Anders pinta en sus composiciones.La noche de ayer tuvo solos que, más que solitarios, los hicieron comunitarios, un gesto de generosidad y empatía entre músicos y público. Público atento, concentrado y disfrutón, como sus músicos.” — Carolina, directora de Café El Despertar (Madrid), octubre 2024 Conciertos destacados anteriores Munilla Jazz Festival 2025 Baltic Tour 2024 + 2025 (Riga, Tallinn, Vilnius) Rvbicon, Santander Jazz Club Meidinerz, Gijón Café El Despertar, Madrid Club Matador, Madrid Rock & Blues, Zaragoza Supernova Jazz Blast Showcase Band 2024, Dinamarca Aarhus Jazz Festival, Dinamarca Links y redes sociales Alverdens Himmel EP – Spotify Instagram Facebook Linktree', 'others': {'price': '__NOT_DEFINIED__', 'category': 'Programación', 'location_url': 'https://clasijazz.com/local/sede-clasijazz/', 'location': 'Maestro Serrano 9, Almería'}, 'source': 'ClassicJazz', 'exec_time': '20260224T184649', 'session': '2026_02_24_18_31_Martes', 'image': 'https://clasijazz.com/wp-content/uploads/2025/12/ABK-Quartet-february-2026.png', 'url': 'https://clasijazz.com/evento/anders-boye-knudsen-quartet/'}
6 / 106
Getting https://clasijazz.com/evento/gunnar-halle-remedy-quartet/
Sleep 4
2026-03-28T22:00:00 2026-03-28T23:30:00
--------------------
{'id': 'f1ede094', 'show': 1, 'in_city': 1, 'one_day': 1, 'wrong_date_time': 0, 'event': 'Gunnar Halle Remedy Quartet', 'slug': 'gunnar-halle-remedy-quartet', 'category': '__NOT_DEFINIED__', 'id_venue': 'Q6b6LRjT', 'venue': 'Sede Clasijazz', 'std_venue': 'Clasijazz', 'start_date': '2026-03-28', 'start_time': '22:00:00', 'end_date': '2026-03-28', 'end_time': '23:30:00', 'description': '20 € NS / 10 € S Sala Principal Es una verdadera pasada el grupo de Gunnar Halle , nuestro querido amigo de Noruega , integrante de la New Jungle Orchestra. Es una pasada. Gunnar Halle – trumpet, Stephan Sieben – guitar (DK), Putte Johander – bass (S), Knut Finsrud – drums (S) El alto riesgo, la libertad artística y el placer sonoro son los protagonistas cuando el cuarteto se embarca en aventuras musicales, tanto planeadas como imprevistas. Tras años de investigación y experimentación, los cuatro escandinavos han llegado a la conclusión de que la interacción exploratoria sin red de seguridad es lo que cura la mayoría de las afecciones indeseadas, tanto en músicos como en público. Que la música recuerde un poco al rock ácido de los 70 y, a veces, a montañas relativamente altas, es inevitable, y los cuatro músicos han dejado de luchar contra ello hace tiempo. Simplemente se dejan llevar, y cualquiera que quiera escuchar y posiblemente aliviar el estrés está invitado a su calidez. Gunnar Halle está trabajando en su tercer álbum con su cuarteto habitual y, una vez más, emprende nuevas aventuras. Tras 11 años de conciertos por Europa, este experimento musical ha empezado a tomar forma. Con su especial relación con Dinamarca y dos álbumes aclamados por la crítica en su haber, el cuarteto colaboró \u200b\u200bcon la Orquesta de la Radio Danesa en 2021 en un concierto en directo en estudio producido por televisión. Este y un par de vídeos más se adjuntan aquí. Puede encontrar más información en www.gunnarhalle.com. Gunnar Halle ha participado en más de 120 álbumes, residió en Dinamarca durante 10 años hasta 2007, fue uno de los fundadores del sello discográfico ILK en Copenhague y ha tocado regularmente con numerosas bandas danesas, noruegas y suecas desde mediados de los noventa, como Dawda Jobarteh, Efterklang, Peter Sommer, Who Made Who, Tys Tys, Pierre Dørges New Jungle Orchestra y, a través de ellos, Povl Dissing, Gitte Henning, John Tchicai y muchos otros. En Noruega, en los últimos años ha tocado con orquestas como las de Eivind Aarset, Mari Boine, Espen Eriksen, Morten Halle Kvintett, Kirsti Huke’s Weaving y Lars Andreas Haug, entre otras. VIDEO: https://youtu.be/vnLFWxZ7_68?feature=shared https://youtu.be/_3jVCWcAgzE?feature=shared https://youtu.be/B9dAymv-DMY?feature=shared SPOTIFY: https://open.spotify.com/album/6g2TwoyQPMyVclQT9ZmUZg?si=jNAYSzOhQIOGf7ifowQubA High risk, artistic freedom and sonic pleasure are in focus when the quartet embarks on planned and unplanned musical antics. After years of research and experimentation, the four Scandinavians have come to the conclusion that exploratory interaction without a safety net is what heals most unwanted conditions in both musicians and audiences. That the music is a bit reminiscent of 70s acid rock and sometimes relatively high mountains is unavoidable, and the four musicians have long stopped fighting it. They simply let it come, and anyone who wants to listen and possibly cure stress is invited into the warmth. Gunnar Halle is working on his third album with his regular quartet, and is once again out on new adventures. After 11 years of concerts around Europe, this musical experiment has really started to find its shape. With its special relationship with Denmark and 2 critically acclaimed albums under its belt, the quartet collaborated with the Danish Radio Orchestra in 2021 in a TV-produced live in studio concert. This and a couple of other videos are attached here. There is more information to be found at www.gunnarhalle.com Gunnar Halle has played on more than 120 albums, lived in Denmark for 10 years until 2007, was among the founders of the record label ILK in Copenhagen, and has played regularly in many Danish, Norwegian and Swedish bands since the mid-nineties. Dawda Jobarteh, Efterklang, Peter Sommer, Who Made Who, Tys Tys, Pierre Dørges New Jungle Orchestra and through them Povl Dissing, Gitte Henning, John Tchicai and many others. Back home in Norway he has in recent years played with orchestras such as, Eivind Aarset, Mari Boine, Espen Eriksen, Morten Halle Kvintett, Kirsti Huke’s Weaving, Lars Andreas Haug and others. Gunnar Halle. Foto© Kristin Lidell. Fotografens namn ska anges vid publicering. Pressbild. Fri publicering.', 'others': {'price': '10,00€ – 20,00€', 'category': 'Programación', 'location_url': 'https://clasijazz.com/local/sede-clasijazz/', 'location': 'Maestro Serrano 9, Almería'}, 'source': 'ClassicJazz', 'exec_time': '20260224T184649', 'session': '2026_02_24_18_31_Martes', 'image': 'https://clasijazz.com/wp-content/uploads/2026/01/1-Quartet-scaled.jpg', 'url': 'https://clasijazz.com/evento/gunnar-halle-remedy-quartet/'}
7 / 106
Getting https://clasijazz.com/evento/cienciajazz-nuevas-tecnologias-aplicadas-a-la-salud-cardiovascular/
Sleep 4
2026-02-19T20:00:00 2026-02-19T21:30:00
--------------------
{'id': '3e642cd3', 'show': 1, 'in_city': 1, 'one_day': 1, 'wrong_date_time': 0, 'event': 'Cienciajazz – Nuevas Tecnologías Aplicadas a La Salud Cardiovascular', 'slug': 'cienciajazz-nuevas-tecnologias-aplicadas-a-la-salud-cardiovascular', 'category': '__NOT_DEFINIED__', 'id_venue': 'Q6b6LRjT', 'venue': 'Sede Clasijazz', 'std_venue': 'Clasijazz', 'start_date': '2026-02-19', 'start_time': '20:00:00', 'end_date': '2026-02-19', 'end_time': '21:30:00', 'description': 'Sala Principal | Entrada Libre Carlos Gómez Navarro. Área de Cardiología del Hospital Universitario Torrecárdenas. En esta charla abordaremos la problemática actual de la salud cardiovascular, y la perspectiva de las soluciones futuras. Comenzaremos con un resumen de los avances en la cardiología de los últimos años, como la hemodinámica y el tratamiento percutáneo invasivo de la cardiopatía isquémica y los nuevos tratamientos para el recambio valvular sin cirugía abierta; el tratamiento de la hipercolesterolemia con inyectables basados en anticuerpos monoclonales y en terapias de ARN mensajero, y el uso de las técnicas de imagen, como la Resonancia Magnética cardíaca, que permite discriminar la «calidad» del tejido miocárdico. Pero nos centraremos sobre todo en dos aspectos fundamentales: El diagnóstico y tratamiento de las arritmias. El desarrollo de tecnología diagnóstica (smartwatches, wereables, tecnología inalámbrica), de tratamiento (navegación magnética cardíaca para ablación de las arritmias, dispositivos vasculares intracardíacos, …) La genética de las enfermedades cardiovasculares. Los descubrimientos en el origen de algunas enfermedades monogénicas productoras de enfermedad cardíaca y muerte súbita (tratamientos a medida, edición genética, …).', 'others': {'price': '__NOT_DEFINIED__', 'category': 'Programación', 'location_url': 'https://clasijazz.com/local/sede-clasijazz/', 'location': 'Maestro Serrano 9, Almería'}, 'source': 'ClassicJazz', 'exec_time': '20260224T184649', 'session': '2026_02_24_18_31_Martes', 'image': 'https://clasijazz.com/wp-content/uploads/2026/01/cienciajazz.png', 'url': 'https://clasijazz.com/evento/cienciajazz-nuevas-tecnologias-aplicadas-a-la-salud-cardiovascular/'}
8 / 106
Getting https://clasijazz.com/evento/entos-el-molino/
Sleep 4
2026-02-14T13:00:00 2026-02-14T14:30:00
--------------------
{'id': 'cdf67163', 'show': 1, 'in_city': 1, 'one_day': 1, 'wrong_date_time': 0, 'event': 'Entós – «EL MOLINO»', 'slug': 'entos-el-molino', 'category': '__NOT_DEFINIED__', 'id_venue': 'Q6b6LRjT', 'venue': 'El Molino – Clasijazz rural', 'std_venue': 'Clasijazz', 'start_date': '2026-02-14', 'start_time': '13:00:00', 'end_date': '2026-02-14', 'end_time': '14:30:00', 'description': 'En 2022, en un encuentro casual en una sesión folk, Celia, Adrián y Javi acuerdan quedar un día para tocar un rato juntos sin más pretensión que pasarlo bien. Lo que empezó como una simple quedada en el momento se transformó en un proyecto con propósito: intentar ser un eslabón más en la cadena de transmisión de la música tradicional asturiana en su generación, dándole su propio enfoque y carácter. El trío se compone de violín, flauta travesera de madera y bouzouki/guitarra, creando una sonoridad acústica que abraza tanto piezas tradicionales asturianas como composiciones originales. La identidad de «Entós» se sitúa en la intersección entre la tradición y la reinterpretación, ofreciendo una experiencia musical que conecta pasado y presente. Adrián J. Argüelles (Uviéu, 1993)Gaitero desde los 11 años (formado con Santi Caleya) y flautista travesero de madera (alumno de Pepín de Muñalén). Fundador de La Bandina La Garrapiella (disco Esmesando, 2022) y participante en grupos como Camín de Fierro o Fesoria Les Ortigues. Celia Nieto (Candamo, 2002)Violinista desde los 7 años, con raíces en la música tradicional y formación clásica. Inició con la Banda de Gaites de Candamo (percusión). Ha tocado en proyectos como Draque (junto a Celia Corrales y Julio Rodríguez), Guieldu (2020–2022), y festivales como FID’O, Festival Intercélticu d’Avilés y Sendim (Portugal). Actualmente compagina Entós con Draque y el veterano grupo Corquiéu. Javier Menéndez (Avilés, 1994)Gaitero desde los 8 años, con título profesional en el Conservatorio de Uviéu. Director musical de la Banda Gaites Villa d’Avilés y miembro de La Bandina La Garrapiella (Esmesando, 2022). Ha colaborado como gaitero y saxofonista en el disco Libres (2018) de Manitou. Desde 2020 toca bouzouki y guitarra DADGAD, y con esos instrumentos se integra como cuerdista en Entós. El Ciclo Atlántico de Clasijazz es un nuevo ciclo de conciertos y sesiones de música tradicional del arco atlántico que tendrá lugar en Port of Spain y en El Molino de Terque (Clasijazz Rural).', 'others': {'price': '__NOT_DEFINIED__', 'category': 'Ciclo Atlántico, Programación', 'location_url': 'https://clasijazz.com/local/el-molino/', 'location': 'X9MW+8V, Terque'}, 'source': 'ClassicJazz', 'exec_time': '20260224T184649', 'session': '2026_02_24_18_31_Martes', 'image': 'https://clasijazz.com/wp-content/uploads/2025/09/Entos-3.jpeg', 'url': 'https://clasijazz.com/evento/entos-el-molino/'}
9 / 106
Getting https://clasijazz.com/evento/jam-session-4/2026-04-29/
Sleep 4
2026-04-29T22:00:00 2026-04-29T23:30:00
--------------------
{'id': '2cb24bfc', 'show': 1, 'in_city': 1, 'one_day': 1, 'wrong_date_time': 0, 'event': 'Jam Session', 'slug': 'jam-session', 'category': '__NOT_DEFINIED__', 'id_venue': 'Q6b6LRjT', 'venue': 'Sede Clasijazz', 'std_venue': 'Clasijazz', 'start_date': '2026-04-29', 'start_time': '22:00:00', 'end_date': '2026-04-29', 'end_time': '23:30:00', 'description': '3 € No Soci@ / gratuito Soci@ Sala Principal Cada miércoles puedes disfrutar de una Jam Session. Uno de los eventos más seguidos en Almería y por el que han pasado muchísimos músicos y público. ¡Disfruta de esta maravilla de Jam Session!', 'others': {'price': '__NOT_DEFINIED__', 'category': 'Programación', 'location_url': 'https://clasijazz.com/local/sede-clasijazz/', 'location': 'Maestro Serrano 9, Almería'}, 'source': 'ClassicJazz', 'exec_time': '20260224T184649', 'session': '2026_02_24_18_31_Martes', 'image': 'https://clasijazz.com/wp-content/uploads/2025/09/PANA5800-scaled.jpg', 'url': 'https://clasijazz.com/evento/jam-session-4/2026-04-29/'}
10 / 106
Getting https://clasijazz.com/evento/free-art-three/
Sleep 4
2026-03-18T20:30:00 2026-03-18T22:00:00
--------------------
{'id': 'd385b6cb', 'show': 1, 'in_city': 1, 'one_day': 1, 'wrong_date_time': 0, 'event': 'Free Art Three', 'slug': 'free-art-three', 'category': '__NOT_DEFINIED__', 'id_venue': 'Q6b6LRjT', 'venue': 'Sede Clasijazz', 'std_venue': 'Clasijazz', 'start_date': '2026-03-18', 'start_time': '20:30:00', 'end_date': '2026-03-18', 'end_time': '22:00:00', 'description': 'Sala Principal | 12 € NS / 5 € S Free Art Three es un trío de trompetistas integrado por Iván González, Pol Padrós y Julián Sánchez que surgió en 2011 del seno del la gran banda Free Art Ensemble. Estos tres músicos son una buena prueba de la diversidad, creatividad y calidad de lo que podríamos denominar la “nueva escena del free jazz y la improvisación libre en España”. El directo de este trío es un auténtico viaje al mundo de los sonidos y al mismo tiempo una apología al sonido trompetístico desde una óptica libre. Algunos motivos dan paso a variaciones, momentos de solistas y diversas texturas con distintas combinaciones instrumentales ya que incluyen percusiones, aerófonos, flautas, campanas, platos, semillas, etc…Un discurso adornado con diversos estilos musicales, del jazz, la clásica, o la improvisación contemporánea. Han actuado en numerosos festivales de Jazz e Improvisación libre como el I Festival Fora de Lloc junto con la bailaora e improvisadora Sonia Sánchez, Estival de Jazz de Igualada o LEM Festival de Barcelona, y han actuado con músicos como Axel Dörner, Markus Breuss, David Murray, David Defries, Agustí Fernández, Ramón Prats, Javier Carmona, Christer Böthen, Paul Stocker, Albert Cirera y Tom Chant entre otros. ENLACE DISCO: https://discordianrecords.bandcamp.com/album/free-art-three', 'others': {'price': '5,00€ – 12,00€', 'category': 'Programación', 'location_url': 'https://clasijazz.com/local/sede-clasijazz/', 'location': 'Maestro Serrano 9, Almería'}, 'source': 'ClassicJazz', 'exec_time': '20260224T184649', 'session': '2026_02_24_18_31_Martes', 'image': 'https://clasijazz.com/wp-content/uploads/2026/02/Free-Art-Three.jpg', 'url': 'https://clasijazz.com/evento/free-art-three/'}
11 / 106
Getting https://clasijazz.com/evento/gps16-musgo/
Sleep 4
2026-04-10T22:00:00 2026-04-10T23:30:00
--------------------
{'id': '5dd2ec5a', 'show': 1, 'in_city': 1, 'one_day': 1, 'wrong_date_time': 0, 'event': 'Gps16 – Musgö', 'slug': 'gps16-musgo', 'category': '__NOT_DEFINIED__', 'id_venue': 'Q6b6LRjT', 'venue': 'Sede Clasijazz', 'std_venue': 'Clasijazz', 'start_date': '2026-04-10', 'start_time': '22:00:00', 'end_date': '2026-04-10', 'end_time': '23:30:00', 'description': '12€ NS / 5€ S | Sala Principal Musgö es una arpista y cantante gaditana con un estilo genuino influenciado por el pop, el folk y la música electrónica. Con más de diez años de experiencia en los escenarios, es autora de la letra y la música de sus canciones y creadora de sus videoclips. Los directos de Musgö son un viaje hipnótico en el que se fusiona lo electrónico con lo acústico, con un gran protagonismo del arpa, su inseparable instrumento, y de su genuina voz. En 201 9 Musgö publicó su primer álbum ‘Open the Gate’ y en 2021 compuso la banda sonora de la serie ‘Grasa’ para el canal Playz de RTVE. En 2023 publica ‘Un sendero’, su primer álbum en castellano. Ese año, el disco fue elegid o como uno de los diez mejores álbumes de World Music para M ondosonoro y la canción ‘Tulipanes rojos’ aparec ió en su selección de las m ejores canciones nacionales. En noviembre de 2025, lanza ‘La grieta’, su tercer álbum de estudio. U n viaje sonoro y emocional en el que la artista gaditana transforma el dolor en arte. O cho temas co – producidos con Ramiro Gómez.', 'others': {'price': '__NOT_DEFINIED__', 'category': 'Programación', 'location_url': 'https://clasijazz.com/local/sede-clasijazz/', 'location': 'Maestro Serrano 9, Almería'}, 'source': 'ClassicJazz', 'exec_time': '20260224T184649', 'session': '2026_02_24_18_31_Martes', 'image': 'https://clasijazz.com/wp-content/uploads/2026/02/rlEooCUw.jpeg', 'url': 'https://clasijazz.com/evento/gps16-musgo/'}
12 / 106
Getting https://clasijazz.com/evento/jam-jazz-port-of-spain/2026-02-19/
Sleep 4
2026-02-19T22:00:00 2026-02-19T23:30:00
--------------------
{'id': '14da2824', 'show': 1, 'in_city': 1, 'one_day': 1, 'wrong_date_time': 0, 'event': 'Jam Jazz', 'slug': 'jam-jazz', 'category': '__NOT_DEFINIED__', 'id_venue': 'ddgm4gQP', 'venue': 'Port Of Spain', 'std_venue': 'Port Of Spain', 'start_date': '2026-02-19', 'start_time': '22:00:00', 'end_date': '2026-02-19', 'end_time': '23:30:00', 'description': 'Port of Spain Entrada libre Otra apasionante Jam Sesión dirigida por Paco Posada Quartet. No os lo perdais . Noche de Standards', 'others': {'price': '__NOT_DEFINIED__', 'category': 'Port Of Spain, Programación', 'location_url': 'https://clasijazz.com/local/port-of-spain/', 'location': 'Parque Nicolás Salmeron 20, Almería'}, 'source': 'ClassicJazz', 'exec_time': '20260224T184649', 'session': '2026_02_24_18_31_Martes', 'image': 'https://clasijazz.com/wp-content/uploads/2026/01/WhatsApp-Image-2026-01-02-at-09.43.14.jpeg', 'url': 'https://clasijazz.com/evento/jam-jazz-port-of-spain/2026-02-19/'}
13 / 106
Getting https://clasijazz.com/evento/canciones-de-mujeres-e-igualdad-sara-soul-cia/
Sleep 4
2026-03-07T17:00:00 2026-03-07T18:30:00
--------------------
{'id': '74aefa30', 'show': 1, 'in_city': 1, 'one_day': 1, 'wrong_date_time': 0, 'event': 'Mujeres en Sororidad', 'slug': 'mujeres-en-sororidad', 'category': '__NOT_DEFINIED__', 'id_venue': 'Q6b6LRjT', 'venue': 'Sede Clasijazz', 'std_venue': 'Clasijazz', 'start_date': '2026-03-07', 'start_time': '17:00:00', 'end_date': '2026-03-07', 'end_time': '18:30:00', 'description': '10 € NS / 3 € S Sala Principal El 7 de marzo nos reuniremos muchas mujeres artistas de Almería para celebrar nuestro día con poderío sororidad y con mucho arte. Un concierto muy especial con canciones de mujeres e igualdad. Celebra con nosotras el día de la mujer!', 'others': {'price': '__NOT_DEFINIED__', 'category': 'Programación', 'location_url': 'https://clasijazz.com/local/sede-clasijazz/', 'location': 'Maestro Serrano 9, Almería'}, 'source': 'ClassicJazz', 'exec_time': '20260224T184649', 'session': '2026_02_24_18_31_Martes', 'image': 'https://clasijazz.com/wp-content/uploads/2026/01/WhatsApp-Image-2026-01-04-at-18.54.50.jpeg', 'url': 'https://clasijazz.com/evento/canciones-de-mujeres-e-igualdad-sara-soul-cia/'}
14 / 106
Getting https://clasijazz.com/evento/the-river-band/
Sleep 4
2026-04-10T22:00:00 2026-04-10T23:30:00
--------------------
{'id': 'cf214be6', 'show': 1, 'in_city': 1, 'one_day': 1, 'wrong_date_time': 0, 'event': 'The River Band', 'slug': 'the-river-band', 'category': '__NOT_DEFINIED__', 'id_venue': 'ddgm4gQP', 'venue': 'Port Of Spain', 'std_venue': 'Port Of Spain', 'start_date': '2026-04-10', 'start_time': '22:00:00', 'end_date': '2026-04-10', 'end_time': '23:30:00', 'description': '10 € NS / 3 € S Port of Spain THE RIVER BAND: Cuarteto almeriense de rock-blues. Cuenta con dos discos editados y una larga trayectoria musical. Ofrece unas directos contundentes y divertidos en su formato “eléctrico” y unas actuaciones cálidas y con notables armonías en su versión “acústica”. En el port of Spain nos ofrecerán una velada “acústica” que seguro no olvidareis Entradas: The River band', 'others': {'price': '__NOT_DEFINIED__', 'category': 'Programación', 'location_url': 'https://clasijazz.com/local/port-of-spain/', 'location': 'Parque Nicolás Salmeron 20, Almería'}, 'source': 'ClassicJazz', 'exec_time': '20260224T184649', 'session': '2026_02_24_18_31_Martes', 'image': 'https://clasijazz.com/wp-content/uploads/2026/01/WhatsApp-Image-2026-01-14-at-11.33.19.jpeg', 'url': 'https://clasijazz.com/evento/the-river-band/'}
15 / 106
Getting https://clasijazz.com/evento/la-nina-del-cabo-2/
Sleep 4
2026-01-31T21:00:00 2026-01-31T22:15:00
--------------------
{'id': '9eeba20c', 'show': 1, 'in_city': 1, 'one_day': 1, 'wrong_date_time': 0, 'event': 'La Niña Del Cabo', 'slug': 'la-nina-del-cabo', 'category': '__NOT_DEFINIED__', 'id_venue': 'Q6b6LRjT', 'venue': 'Sede Clasijazz', 'std_venue': 'Clasijazz', 'start_date': '2026-01-31', 'start_time': '21:00:00', 'end_date': '2026-01-31', 'end_time': '22:15:00', 'description': '12 € NS / 5 € S Sala Principal Detrás de LA NIÑA DEL CABO se esconde Noemí Maldonado. Esta compositora, guitarrista y cantante ha conseguido crear su propio sonido inspirada en el folklore, el flamenco,el jazz o el rap. Gracias a unas magníficas melodías, personales arreglos musicales y unas letras complejas y llenas de sinceridad, crea una manera muy particular de ver y describir la realidad. Tiene tres trabajos discogràficos publicados: ZUM, MATAJARI MALDONADO Y BOGOMILA, grabados en Madrid, La Habana y Ciudad de México. Vuelve a la tierra que la vio crecer después de 10 años residiendo en México y nos presenta algunos temas nuevos de su próximo trabajo, ENTRE REGLAS.', 'others': {'price': '5,00€ – 12,00€', 'category': 'Programación', 'location_url': 'https://clasijazz.com/local/sede-clasijazz/', 'location': 'Maestro Serrano 9, Almería'}, 'source': 'ClassicJazz', 'exec_time': '20260224T184649', 'session': '2026_02_24_18_31_Martes', 'image': 'https://clasijazz.com/wp-content/uploads/2026/01/WhatsApp-Image-2026-01-01-at-13.01.38.jpeg', 'url': 'https://clasijazz.com/evento/la-nina-del-cabo-2/'}
16 / 106
Getting https://clasijazz.com/evento/jam-session-4/2026-02-04/
Sleep 4
2026-02-04T22:00:00 2026-02-04T23:30:00
--------------------
{'id': '61672ffd', 'show': 1, 'in_city': 1, 'one_day': 1, 'wrong_date_time': 0, 'event': 'Jam Session', 'slug': 'jam-session', 'category': '__NOT_DEFINIED__', 'id_venue': 'Q6b6LRjT', 'venue': 'Sede Clasijazz', 'std_venue': 'Clasijazz', 'start_date': '2026-02-04', 'start_time': '22:00:00', 'end_date': '2026-02-04', 'end_time': '23:30:00', 'description': '3 € No Soci@ / gratuito Soci@ Sala Principal Cada miércoles puedes disfrutar de una Jam Session. Uno de los eventos más seguidos en Almería y por el que han pasado muchísimos músicos y público. ¡Disfruta de esta maravilla de Jam Session!', 'others': {'price': '__NOT_DEFINIED__', 'category': 'Programación', 'location_url': 'https://clasijazz.com/local/sede-clasijazz/', 'location': 'Maestro Serrano 9, Almería'}, 'source': 'ClassicJazz', 'exec_time': '20260224T184649', 'session': '2026_02_24_18_31_Martes', 'image': 'https://clasijazz.com/wp-content/uploads/2025/09/PANA5800-scaled.jpg', 'url': 'https://clasijazz.com/evento/jam-session-4/2026-02-04/'}
17 / 106
Getting https://clasijazz.com/evento/al-danzon/
Sleep 4
2026-02-07T22:00:00 2026-02-07T23:30:00
--------------------
{'id': 'fc9ae7a7', 'show': 1, 'in_city': 1, 'one_day': 1, 'wrong_date_time': 0, 'event': 'Al Danzón !', 'slug': 'al-danzon', 'category': '__NOT_DEFINIED__', 'id_venue': 'Q6b6LRjT', 'venue': 'Sede Clasijazz', 'std_venue': 'Clasijazz', 'start_date': '2026-02-07', 'start_time': '22:00:00', 'end_date': '2026-02-07', 'end_time': '23:30:00', 'description': '10 € NS / GS Sala Principal Al Danzón! nos vuelven a invitar a disfrutar con un repertorio que, comenzando en la contradanza, nos sumerge en el Danzón: la música para acompañar los pasos de lo que aún hoy en día se puede decir que es el baile nacional de Cuba y de México. Los músicos desde finales del XIX innovaron constantemente para satisfacer los deseos del público y de los «bailadores», y así surgieron nuevos ritmos dentro de las diferentes secciones del Danzón como el Cha cha cha y el Mambo. Ignacio Cervantes, Romeu, Arcaño, los López; Cachao, Coralia, Cachaíto y Orestes, la Orquesta Aragón, entre otros autores emblemáticos, nutren el repertorio que nos presenta Al Danzón! Maite Neri, Flauta Mavi Ubago, Violín Juanra Mollá, Saxo Matías Fernández, Piano Iván Vallejo, Contrabajo Luis Vives, Percusión Marcos Martínez, Percusión Josetxo Azurmendi, voz y coros', 'others': {'price': 'Free – 10,00€', 'category': 'Programación', 'location_url': 'https://clasijazz.com/local/sede-clasijazz/', 'location': 'Maestro Serrano 9, Almería'}, 'source': 'ClassicJazz', 'exec_time': '20260224T184649', 'session': '2026_02_24_18_31_Martes', 'image': 'https://clasijazz.com/wp-content/uploads/2026/01/WhatsApp-Image-2026-01-05-at-18.47.40.jpeg', 'url': 'https://clasijazz.com/evento/al-danzon/'}
18 / 106
Getting https://clasijazz.com/evento/los-mares-de-caronte-danza-teatro/
Sleep 4
2026-04-24T20:00:00 2026-04-24T21:00:00
--------------------
{'id': 'c360170c', 'show': 1, 'in_city': 1, 'one_day': 1, 'wrong_date_time': 0, 'event': 'LOS MARES DE CARONTE – Danza Teatro', 'slug': 'los-mares-de-caronte-danza-teatro', 'category': '__NOT_DEFINIED__', 'id_venue': 'Q6b6LRjT', 'venue': 'Sede Clasijazz', 'std_venue': 'Clasijazz', 'start_date': '2026-04-24', 'start_time': '20:00:00', 'end_date': '2026-04-24', 'end_time': '21:00:00', 'description': 'Sala Principal | 12 € NS / 5 € S Los mares de Caronte es un texto que aborda la cuestión de la emigración y la muerte en el mar debido a la avaricia y la inhumanidad de quienes comercian con la desesperación y la ilusión ajena. Mare desiderii, Mare Nostrum y Mare Tenebrarum son los tres mares que recorren las tres historias aparentemente lejanas en tiempo y espacio pero que mantienen nexos comunes entre sí.Dirección – Ascensión Rodríguez BascuñanaInterpretación – Leticia Valle – Ascensión Rodríguez. – Chencho NzoCoreografía – Leticia ValleDanza – Leticia Valle – Chencho NzoMúsica Juan Manuel Cidrón – Chencho NzoPercusión Chencho NzoEspacio sonoro – Chencho NzoDiseño e ilustración cartel Leticia ValleLA CONFLUENCIA colectivo escénico más', 'others': {'price': '5,00€ – 12,00€', 'category': 'Programación', 'location_url': 'https://clasijazz.com/local/sede-clasijazz/', 'location': 'Maestro Serrano 9, Almería'}, 'source': 'ClassicJazz', 'exec_time': '20260224T184649', 'session': '2026_02_24_18_31_Martes', 'image': 'https://clasijazz.com/wp-content/uploads/2026/02/1848a639-32e5-4128-a954-bc6a22017fa4.jpg', 'url': 'https://clasijazz.com/evento/los-mares-de-caronte-danza-teatro/'}
19 / 106
Getting https://clasijazz.com/evento/jam-session-con-anders-boye-knudsen/
Sleep 4
2026-02-12T22:00:00 2026-02-12T23:30:00
--------------------
{'id': 'd98132c1', 'show': 1, 'in_city': 1, 'one_day': 1, 'wrong_date_time': 0, 'event': 'Jam Session Con Anders Boye Knudsen', 'slug': 'jam-session-con-anders-boye-knudsen', 'category': '__NOT_DEFINIED__', 'id_venue': 'ddgm4gQP', 'venue': 'Port Of Spain', 'std_venue': 'Port Of Spain', 'start_date': '2026-02-12', 'start_time': '22:00:00', 'end_date': '2026-02-12', 'end_time': '23:30:00', 'description': 'Entrada Libre | Port of Spain', 'others': {'price': '__NOT_DEFINIED__', 'category': 'Programación', 'location_url': 'https://clasijazz.com/local/port-of-spain/', 'location': 'Parque Nicolás Salmeron 20, Almería'}, 'source': 'ClassicJazz', 'exec_time': '20260224T184649', 'session': '2026_02_24_18_31_Martes', 'image': 'https://clasijazz.com/wp-content/uploads/2025/12/Pressebillede-e1730378413164.jpg', 'url': 'https://clasijazz.com/evento/jam-session-con-anders-boye-knudsen/'}
20 / 106
Getting https://clasijazz.com/evento/jam-session-cuarteto-tu/
Sleep 4
2026-02-11T22:00:00 2026-02-11T23:30:00
--------------------
{'id': '85f1a6c3', 'show': 1, 'in_city': 1, 'one_day': 1, 'wrong_date_time': 0, 'event': 'Jam Session – Cuarteto Tú', 'slug': 'jam-session-cuarteto-tu', 'category': '__NOT_DEFINIED__', 'id_venue': 'Q6b6LRjT', 'venue': 'Sede Clasijazz', 'std_venue': 'Clasijazz', 'start_date': '2026-02-11', 'start_time': '22:00:00', 'end_date': '2026-02-11', 'end_time': '23:30:00', 'description': '3 € No Soci@ / gratuito Soci@ Sala Principal Cada miércoles puedes disfrutar de una Jam Session. Uno de los eventos más seguidos en Almería y por el que han pasado muchísimos músicos y público. ¡Disfruta de esta maravilla de Jam Session!', 'others': {'price': '__NOT_DEFINIED__', 'category': 'Programación', 'location_url': 'https://clasijazz.com/local/sede-clasijazz/', 'location': 'Maestro Serrano 9, Almería'}, 'source': 'ClassicJazz', 'exec_time': '20260224T184649', 'session': '2026_02_24_18_31_Martes', 'image': 'https://clasijazz.com/wp-content/uploads/2026/01/WhatsApp-Image-2026-01-22-at-10.05.33.jpeg', 'url': 'https://clasijazz.com/evento/jam-session-cuarteto-tu/'}
21 / 106
Getting https://clasijazz.com/evento/audiciones-de-piano-alumnos-de-miguel-rosales/
Sleep 4
2026-01-30T17:00:00 2026-01-30T19:00:00
--------------------
{'id': '098f6075', 'show': 1, 'in_city': 1, 'one_day': 1, 'wrong_date_time': 0, 'event': 'Audiciones De Piano Alumnos De Miguel Rosales', 'slug': 'audiciones-de-piano-alumnos-de-miguel-rosales', 'category': '__NOT_DEFINIED__', 'id_venue': 'Q6b6LRjT', 'venue': 'Sede Clasijazz', 'std_venue': 'Clasijazz', 'start_date': '2026-01-30', 'start_time': '17:00:00', 'end_date': '2026-01-30', 'end_time': '19:00:00', 'description': 'Sala Principal Entrada Libre Otro año más con ilusión los alumnos de piano hacen su concierto en la sala Principal de Clasijazz donde han tocado leyendas de la música y tenemos un piano de cola firmado por Sokolov ni más ni menos. No faltéis y apuntaros a la Escuela de Música de Clasijazz. 640 06 11 71 + información..', 'others': {'price': '__NOT_DEFINIED__', 'category': 'Programación', 'location_url': 'https://clasijazz.com/local/sede-clasijazz/', 'location': 'Maestro Serrano 9, Almería'}, 'source': 'ClassicJazz', 'exec_time': '20260224T184649', 'session': '2026_02_24_18_31_Martes', 'image': 'https://clasijazz.com/wp-content/uploads/2026/01/WhatsApp-Image-2025-12-31-at-17.22.06.jpeg', 'url': 'https://clasijazz.com/evento/audiciones-de-piano-alumnos-de-miguel-rosales/'}
22 / 106
Getting https://clasijazz.com/evento/las-voces-de-penelope-iztiar-pascual/
Sleep 4
2026-03-28T19:00:00 2026-03-28T20:00:00
--------------------
{'id': '3a7aa6b5', 'show': 1, 'in_city': 1, 'one_day': 1, 'wrong_date_time': 0, 'event': 'Las Voces De Penélope – Iztiar Pascual', 'slug': 'las-voces-de-penelope-iztiar-pascual', 'category': '__NOT_DEFINIED__', 'id_venue': 'Q6b6LRjT', 'venue': 'Sede Clasijazz', 'std_venue': 'Clasijazz', 'start_date': '2026-03-28', 'start_time': '19:00:00', 'end_date': '2026-03-28', 'end_time': '20:00:00', 'description': '12 € NS / 5 € S Sala Principal La obra reinterpreta el mito de Penélope desde una mirada contemporánea y femenina. A partir de la figura clásica que espera a Ulises tejiendo y destejiendo, se da voz no solo a Penélope, sino también a otras mujeres silenciadas por la historia. La protagonista reflexiona sobre el amor, la espera, la fidelidad impuesta y el paso del tiempo, cuestionando el papel tradicional que la sociedad asigna a las mujeres.', 'others': {'price': '5,00€ – 12,00€', 'category': 'Programación', 'location_url': 'https://clasijazz.com/local/sede-clasijazz/', 'location': 'Maestro Serrano 9, Almería'}, 'source': 'ClassicJazz', 'exec_time': '20260224T184649', 'session': '2026_02_24_18_31_Martes', 'image': 'https://clasijazz.com/wp-content/uploads/2026/01/WhatsApp-Image-2026-01-05-at-17.06.50.jpeg', 'url': 'https://clasijazz.com/evento/las-voces-de-penelope-iztiar-pascual/'}
23 / 106
Getting https://clasijazz.com/evento/pasos-incomunes-almocita-concierto-trio-aloha-tapa-trotamundos-animado-el-molino-clasijazz-rural/
Sleep 4
2026-02-22T13:00:00 2026-02-22T14:30:00
--------------------
{'id': '7e717d16', 'show': 1, 'in_city': 0, 'one_day': 1, 'wrong_date_time': 0, 'event': 'Pasos (In)comunes: Almócita. Concierto Trío Aloha + Tapa Trotamundos Animado – «El Molino» Clasijazz Rural', 'slug': 'pasos-in-comunes-almocita-concierto-trio-aloha-tapa-trotamundos-animado-el-molin', 'category': '__NOT_DEFINIED__', 'id_venue': None, 'venue': 'Molino de Terque', 'std_venue': None, 'start_date': '2026-02-22', 'start_time': '13:00:00', 'end_date': '2026-02-22', 'end_time': '14:30:00', 'description': '«El Molino» Clasijazz Rural 5 euros No Socias/os _ 3 euros Socias/os Pasos (in)comunes: Almócita Concierto Trío Aloha + Tapa Trotamundos Animado + Cerveza Artesanal', 'others': {'price': '__NOT_DEFINIED__', 'category': 'Programación', 'location_url': 'https://clasijazz.com/local/molinodeterque/', 'location': 'Molino de la Cuesta , Paraje Frente al Pueblo, Terque'}, 'source': 'ClassicJazz', 'exec_time': '20260224T184649', 'session': '2026_02_24_18_31_Martes', 'image': 'https://clasijazz.com/wp-content/uploads/2026/02/Aloha.png', 'url': 'https://clasijazz.com/evento/pasos-incomunes-almocita-concierto-trio-aloha-tapa-trotamundos-animado-el-molino-clasijazz-rural/'}
24 / 106
Getting https://clasijazz.com/evento/taller-de-frame-facilitate-flow/
Sleep 4
2026-01-30T18:00:00 2026-01-30T19:00:00
--------------------
{'id': 'd3cb3d9f', 'show': 1, 'in_city': 1, 'one_day': 1, 'wrong_date_time': 0, 'event': 'Taller De Frame, Facilitate, Flow', 'slug': 'taller-de-frame-facilitate-flow', 'category': '__NOT_DEFINIED__', 'id_venue': 'Q6b6LRjT', 'venue': 'Sede Clasijazz', 'std_venue': 'Clasijazz', 'start_date': '2026-01-30', 'start_time': '18:00:00', 'end_date': '2026-01-30', 'end_time': '19:00:00', 'description': 'Entrada Libre | Sala Swing ¿Te gustaría conocer a nuevas personas y pasar un rato divertido? ¿Te gustaría conocer los proyectos Erasmus+ y saber nuestra experiencia de nuestro equipo en Holanda? ¡Ven el día 30 de enero a las 18:00 en la sala swing de clasijazz! *Este evento es parte del proyecto Frame, Facilitate, Flow.Frame, Facilitate, Flow es un programa de movilidad Erasmus+ diseñado para capacitar a trabajadores y trabajadoras juveniles con habilidades de facilitación, basadas en el Teatro Aplicado, con el fin de liderar encuentros educativos inclusivos y de impacto en las comunidades locales.El curso de formación se centró en el Teatro Aplicado como herramienta de transormación social y la participación. Siguió una estructura de teoría y práctica que llevó a los trabajadores juveniles a explorar varios métodos, como el process drama, el teatro de respuesta, el teatro de improvisación, el teatro comunitario y más… Y luego, mediante la actitud práctica, la empatía y la adaptabilidad, crear y facilitar sesiones.', 'others': {'price': '__NOT_DEFINIED__', 'category': 'Programación', 'location_url': 'https://clasijazz.com/local/sede-clasijazz/', 'location': 'Maestro Serrano 9, Almería'}, 'source': 'ClassicJazz', 'exec_time': '20260224T184649', 'session': '2026_02_24_18_31_Martes', 'image': 'https://clasijazz.com/wp-content/uploads/2026/01/CARTEL-03.png', 'url': 'https://clasijazz.com/evento/taller-de-frame-facilitate-flow/'}
25 / 106
Getting https://clasijazz.com/evento/jam-session-4/2026-04-22/
Sleep 4
2026-04-22T22:00:00 2026-04-22T23:30:00
--------------------
{'id': 'db54e291', 'show': 1, 'in_city': 1, 'one_day': 1, 'wrong_date_time': 0, 'event': 'Jam Session', 'slug': 'jam-session', 'category': '__NOT_DEFINIED__', 'id_venue': 'Q6b6LRjT', 'venue': 'Sede Clasijazz', 'std_venue': 'Clasijazz', 'start_date': '2026-04-22', 'start_time': '22:00:00', 'end_date': '2026-04-22', 'end_time': '23:30:00', 'description': '3 € No Soci@ / gratuito Soci@ Sala Principal Cada miércoles puedes disfrutar de una Jam Session. Uno de los eventos más seguidos en Almería y por el que han pasado muchísimos músicos y público. ¡Disfruta de esta maravilla de Jam Session!', 'others': {'price': '__NOT_DEFINIED__', 'category': 'Programación', 'location_url': 'https://clasijazz.com/local/sede-clasijazz/', 'location': 'Maestro Serrano 9, Almería'}, 'source': 'ClassicJazz', 'exec_time': '20260224T184649', 'session': '2026_02_24_18_31_Martes', 'image': 'https://clasijazz.com/wp-content/uploads/2025/09/PANA5800-scaled.jpg', 'url': 'https://clasijazz.com/evento/jam-session-4/2026-04-22/'}
26 / 106
Getting https://clasijazz.com/evento/spicy-sessions-no-8/
Sleep 4
2026-03-12T22:00:00 2026-03-12T23:30:00
--------------------
{'id': 'c08430d9', 'show': 1, 'in_city': 1, 'one_day': 1, 'wrong_date_time': 0, 'event': 'Spicy Sessions No.8', 'slug': 'spicy-sessions-no-8', 'category': '__NOT_DEFINIED__', 'id_venue': 'Q6b6LRjT', 'venue': 'Sede Clasijazz', 'std_venue': 'Clasijazz', 'start_date': '2026-03-12', 'start_time': '22:00:00', 'end_date': '2026-03-12', 'end_time': '23:30:00', 'description': '12€ NS / 5€ S | Sala Principal SPICY SESSION, el punto de encuentro donde los estilos se mezclan, las voces se cruzan y la energía se desborda. Seguimos fieles a la esencia con la que nació este proyecto: reunir a los músicos más talentosos y vanguardistas de la escena almeriense y abrir un escenario sin etiquetas, donde todo tiene cabida, del flamenco al latin-jazz, del soul a la música urbana. Tras una primera temporada llena de sold outs, y una segunda que sigue creciendo con cada edición, regresamos con más ritmo, más elegancia y más chispa que nunca. Porque cada SPICY SESSION es un viaje distinto. Cada noche, una historia nueva. Y cada público… lo convierte en algo irrepetible. Aquí no vienes solo a escuchar música. Vienes a vivirla, a sentirla, a ser parte de la magia Spicy.', 'others': {'price': '5,00€ – 12,00€', 'category': 'Programación', 'location_url': 'https://clasijazz.com/local/sede-clasijazz/', 'location': 'Maestro Serrano 9, Almería'}, 'source': 'ClassicJazz', 'exec_time': '20260224T184649', 'session': '2026_02_24_18_31_Martes', 'image': 'https://clasijazz.com/wp-content/uploads/2026/02/spicy-8.png', 'url': 'https://clasijazz.com/evento/spicy-sessions-no-8/'}
27 / 106
Getting https://clasijazz.com/evento/jam-session-4/2026-04-08/
Sleep 4
2026-04-08T22:00:00 2026-04-08T23:30:00
--------------------
{'id': 'b9c0707a', 'show': 1, 'in_city': 1, 'one_day': 1, 'wrong_date_time': 0, 'event': 'Jam Session', 'slug': 'jam-session', 'category': '__NOT_DEFINIED__', 'id_venue': 'Q6b6LRjT', 'venue': 'Sede Clasijazz', 'std_venue': 'Clasijazz', 'start_date': '2026-04-08', 'start_time': '22:00:00', 'end_date': '2026-04-08', 'end_time': '23:30:00', 'description': '3 € No Soci@ / gratuito Soci@ Sala Principal Cada miércoles puedes disfrutar de una Jam Session. Uno de los eventos más seguidos en Almería y por el que han pasado muchísimos músicos y público. ¡Disfruta de esta maravilla de Jam Session!', 'others': {'price': '__NOT_DEFINIED__', 'category': 'Programación', 'location_url': 'https://clasijazz.com/local/sede-clasijazz/', 'location': 'Maestro Serrano 9, Almería'}, 'source': 'ClassicJazz', 'exec_time': '20260224T184649', 'session': '2026_02_24_18_31_Martes', 'image': 'https://clasijazz.com/wp-content/uploads/2025/09/PANA5800-scaled.jpg', 'url': 'https://clasijazz.com/evento/jam-session-4/2026-04-08/'}
28 / 106
Getting https://clasijazz.com/evento/al-tran-tran/
Sleep 4
2026-03-14T20:30:00 2026-03-14T21:30:00
--------------------
{'id': 'd572bcd3', 'show': 1, 'in_city': 1, 'one_day': 1, 'wrong_date_time': 0, 'event': 'Al Tran Tran', 'slug': 'al-tran-tran', 'category': '__NOT_DEFINIED__', 'id_venue': 'Q6b6LRjT', 'venue': 'Sede Clasijazz', 'std_venue': 'Clasijazz', 'start_date': '2026-03-14', 'start_time': '20:30:00', 'end_date': '2026-03-14', 'end_time': '21:30:00', 'description': '15 € NS / 7 € Sala Principal SINOPSIS AL TRAN TRAN Al más puro estilo de los juglares del Siglo de Oro pero en versión contemporánea, AL TRAN TRAN realizará entremeses cómicos basados en la creación de canciones improvisadas y retos musicales a partir de las sugerencias del público asistente. Un espectáculo interactivo donde no pararás de reír y del que saldrás queriendo cantar toda la noche… AL TRAN TRAN es sin duda un referente clave en España cuando hablamos de Improvisación, música y comedia. CIA: AL TRAN TRAN INTERPRETES: ÁNGEL CANTIZANI DANIEL SOTA', 'others': {'price': '7,00€ – 15,00€', 'category': 'Programación', 'location_url': 'https://clasijazz.com/local/sede-clasijazz/', 'location': 'Maestro Serrano 9, Almería'}, 'source': 'ClassicJazz', 'exec_time': '20260224T184649', 'session': '2026_02_24_18_31_Martes', 'image': 'https://clasijazz.com/wp-content/uploads/2026/01/WhatsApp-Image-2026-01-10-at-13.20.31.jpeg', 'url': 'https://clasijazz.com/evento/al-tran-tran/'}
29 / 106
Getting https://clasijazz.com/evento/cinque-cullar-peace-troupe-unity-festival/
Sleep 4
2026-02-27T21:00:00 2026-02-27T22:15:00
--------------------
{'id': '158f1feb', 'show': 1, 'in_city': 1, 'one_day': 1, 'wrong_date_time': 0, 'event': 'Cinque Cullar & Peace Troupe – Unity Festival', 'slug': 'cinque-cullar-peace-troupe-unity-festival', 'category': '__NOT_DEFINIED__', 'id_venue': 'Q6b6LRjT', 'venue': 'Sede Clasijazz', 'std_venue': 'Clasijazz', 'start_date': '2026-02-27', 'start_time': '21:00:00', 'end_date': '2026-02-27', 'end_time': '22:15:00', 'description': '35€ NS /25€ S Sala Principal ESP Desde Chicago nos llega una de la grandes figuras del Gospel contemporáneo acompañado de su coro “The Peace Troupe” que nos sumergirá en el sonido más actual del Gospel que se hace en USA La Peace Troupe, formada por 15 jóvenes cantantes y músicos, junto con su director Cinque Cullar. El concierto es parte del Unity Clasijazz Gospel Festival. Se realiza como una primera edición y está dedicada a África. ENG From Chicago comes one of the great figures of contemporary Gospel, accompanied by their choir “The Peace Troupe,” who will immerse us in the most current Gospel sound coming out of the USA. The Peace Troupe, made up of 15 young singers and musicians, together with their director Cinque Cullar. The concert is part of the Unity Clasijazz Gospel Festival. This is its first edition and it is dedicated to Africa.', 'others': {'price': '__NOT_DEFINIED__', 'category': 'Programación', 'location_url': 'https://clasijazz.com/local/sede-clasijazz/', 'location': 'Maestro Serrano 9, Almería'}, 'source': 'ClassicJazz', 'exec_time': '20260224T184649', 'session': '2026_02_24_18_31_Martes', 'image': 'https://clasijazz.com/wp-content/uploads/2025/10/1.png', 'url': 'https://clasijazz.com/evento/cinque-cullar-peace-troupe-unity-festival/'}
30 / 106
Getting https://clasijazz.com/evento/clasijazz-big-band-bigbandarax-jose-luis-jaen/
Sleep 4
2026-02-06T22:00:00 2026-02-06T23:30:00
--------------------
{'id': '4aaa09e9', 'show': 1, 'in_city': 1, 'one_day': 1, 'wrong_date_time': 0, 'event': 'Clasijazz Big Band – BigBandarax & José Luis Jaén', 'slug': 'clasijazz-big-band-bigbandarax-jose-luis-jaen', 'category': '__NOT_DEFINIED__', 'id_venue': 'Q6b6LRjT', 'venue': 'Sede Clasijazz', 'std_venue': 'Clasijazz', 'start_date': '2026-02-06', 'start_time': '22:00:00', 'end_date': '2026-02-06', 'end_time': '23:30:00', 'description': 'Sala Principal |10€ NS / GS', 'others': {'price': 'Free – 10,00€', 'category': 'Programación', 'location_url': 'https://clasijazz.com/local/sede-clasijazz/', 'location': 'Maestro Serrano 9, Almería'}, 'source': 'ClassicJazz', 'exec_time': '20260224T184649', 'session': '2026_02_24_18_31_Martes', 'image': 'https://clasijazz.com/wp-content/uploads/2026/01/Untitled-design-1.jpg', 'url': 'https://clasijazz.com/evento/clasijazz-big-band-bigbandarax-jose-luis-jaen/'}
31 / 106
Getting https://clasijazz.com/evento/jam-funk-port-of-spain-5/2026-04-02/
Sleep 4
2026-04-02T22:00:00 2026-04-02T23:55:00
--------------------
{'id': 'dc86ea32', 'show': 1, 'in_city': 1, 'one_day': 1, 'wrong_date_time': 0, 'event': 'Jam Funk', 'slug': 'jam-funk', 'category': '__NOT_DEFINIED__', 'id_venue': 'ddgm4gQP', 'venue': 'Port Of Spain', 'std_venue': 'Port Of Spain', 'start_date': '2026-04-02', 'start_time': '22:00:00', 'end_date': '2026-04-02', 'end_time': '23:55:00', 'description': 'Entrada Libre Port of Spain Una Jam Session increíble en ese entorno tan bonito del Port of Spain. Llena de Funk !', 'others': {'price': '__NOT_DEFINIED__', 'category': 'Programación', 'location_url': 'https://clasijazz.com/local/port-of-spain/', 'location': 'Parque Nicolás Salmeron 20, Almería'}, 'source': 'ClassicJazz', 'exec_time': '20260224T184649', 'session': '2026_02_24_18_31_Martes', 'image': 'https://clasijazz.com/wp-content/uploads/2025/08/jam_funky-2-3-3.jpg', 'url': 'https://clasijazz.com/evento/jam-funk-port-of-spain-5/2026-04-02/'}
32 / 106
Getting https://clasijazz.com/evento/jam-jazz-port-of-spain/2026-01-29/
Sleep 4
2026-01-29T22:00:00 2026-01-29T23:30:00
--------------------
{'id': '698de260', 'show': 1, 'in_city': 1, 'one_day': 1, 'wrong_date_time': 0, 'event': 'Jam Jazz', 'slug': 'jam-jazz', 'category': '__NOT_DEFINIED__', 'id_venue': 'ddgm4gQP', 'venue': 'Port Of Spain', 'std_venue': 'Port Of Spain', 'start_date': '2026-01-29', 'start_time': '22:00:00', 'end_date': '2026-01-29', 'end_time': '23:30:00', 'description': 'Port of Spain Entrada libre Otra apasionante Jam Sesión dirigida por Paco Posada Quartet. No os lo perdais . Noche de Standards', 'others': {'price': '__NOT_DEFINIED__', 'category': 'Port Of Spain, Programación', 'location_url': 'https://clasijazz.com/local/port-of-spain/', 'location': 'Parque Nicolás Salmeron 20, Almería'}, 'source': 'ClassicJazz', 'exec_time': '20260224T184649', 'session': '2026_02_24_18_31_Martes', 'image': 'https://clasijazz.com/wp-content/uploads/2026/01/WhatsApp-Image-2026-01-02-at-09.43.14.jpeg', 'url': 'https://clasijazz.com/evento/jam-jazz-port-of-spain/2026-01-29/'}
33 / 106
Getting https://clasijazz.com/evento/dj-eli-david-rockin-port-of-spain-8/2026-04-04/
Sleep 4
2026-04-04T18:00:00 2026-04-04T22:00:00
--------------------
{'id': '3701a0a2', 'show': 1, 'in_city': 1, 'one_day': 1, 'wrong_date_time': 0, 'event': 'Dj Eli & David Rockin', 'slug': 'dj-eli-david-rockin', 'category': '__NOT_DEFINIED__', 'id_venue': 'ddgm4gQP', 'venue': 'Port Of Spain', 'std_venue': 'Port Of Spain', 'start_date': '2026-04-04', 'start_time': '18:00:00', 'end_date': '2026-04-04', 'end_time': '22:00:00', 'description': 'Port of Spain Entrada Libre Dj Eli & David Rockin Eli y David se baten en un duelo de vinilos al más puro estilo rock’n’roll, rithm & blues, soul, ska… No te lo puedes perder', 'others': {'price': '__NOT_DEFINIED__', 'category': 'Programación', 'location_url': 'https://clasijazz.com/local/port-of-spain/', 'location': 'Parque Nicolás Salmeron 20, Almería'}, 'source': 'ClassicJazz', 'exec_time': '20260224T184649', 'session': '2026_02_24_18_31_Martes', 'image': 'https://clasijazz.com/wp-content/uploads/2025/08/Gemini_Generated_Image_7452c57452c57452.jpg', 'url': 'https://clasijazz.com/evento/dj-eli-david-rockin-port-of-spain-8/2026-04-04/'}
34 / 106
Getting https://clasijazz.com/evento/andrea-motis-guitar-trio-con-josep-traver-y-jurandir-da-silva-guitarras/
Sleep 4
2026-03-08T20:00:00 2026-03-08T21:30:00
--------------------
{'id': 'cf069ec3', 'show': 1, 'in_city': 1, 'one_day': 1, 'wrong_date_time': 0, 'event': 'ANDREA MOTIS GUITAR TRIO Con Josep Traver Y Jurandir Da Silva (Guitarras)', 'slug': 'andrea-motis-guitar-trio-con-josep-traver-y-jurandir-da-silva-guitarras', 'category': '__NOT_DEFINIED__', 'id_venue': 'Q6b6LRjT', 'venue': 'Sede Clasijazz', 'std_venue': 'Clasijazz', 'start_date': '2026-03-08', 'start_time': '20:00:00', 'end_date': '2026-03-08', 'end_time': '21:30:00', 'description': '40 € NS / 30 € S Sala Principal Impresionante que vengan a Clasijazz !!! La gran Andrea Motis presentando el nuevo disco en Clasijazz con dos genios de la Guitarra. No os perdáis esta pasada de proyecto. Y qué mejor día para celebrar el día de la Mujer Trabajadora con este concierto extraordinario de una de las artistas españolas más reconocidas en el mundo. La cantante y trompetista Andrea Motis presenta su nuevo disco, Intimate, publicado en febrero del 2026 por Elemental Records. Intimate es exactamente lo que su título sugiere: una conversación musical tranquila y cercana, marcada por la sutileza, la calidez y la honestidad emocional. En este álbum, Motis revela su lado más delicado y refinado, priorizando su voz mientras entrelaza líneas de trompeta discretas en un ambiente acústico íntimo acompañada por los guitarristas Jurandir dã Silva y Josep Traver. Grabado entre Barcelona, \u200b\u200bRío de Janeiro y Montoliu de Segarra, y masterizado por Alex Wharton en los estudios Abbey Road de Londres, el álbum camina a través de elegantes diálogos entre voz y guitarra, con el violonchelo lírico de Jaques Morelenbaum en un par de piezas. El repertorio se mueve con fluidez entre idiomas y tradiciones, incluyendo estándares de jazz, canciones populares, bossa nova y chanson francesa. El Andrea Motis Guitar Trio ofrece reinterpretaciones profundamente personales de obras de Amy Winehouse, Chico Buarque, Bill Withers, Georges Brassens y Djavan, junto con composiciones originales coescritas con Dã Silva. El resultado es una experiencia auditiva íntima y atemporal que resalta los matices, la sobriedad y la profundidad emocional del repertorio.', 'others': {'price': '30,00€ – 40,00€', 'category': 'Programación', 'location_url': 'https://clasijazz.com/local/sede-clasijazz/', 'location': 'Maestro Serrano 9, Almería'}, 'source': 'ClassicJazz', 'exec_time': '20260224T184649', 'session': '2026_02_24_18_31_Martes', 'image': 'https://clasijazz.com/wp-content/uploads/2026/01/6J9A0900-copia-scaled.jpg', 'url': 'https://clasijazz.com/evento/andrea-motis-guitar-trio-con-josep-traver-y-jurandir-da-silva-guitarras/'}
35 / 106
Getting https://clasijazz.com/evento/jam-session-4/2026-03-25/
Sleep 4
2026-03-25T22:00:00 2026-03-25T23:30:00
--------------------
{'id': 'bf92eaed', 'show': 1, 'in_city': 1, 'one_day': 1, 'wrong_date_time': 0, 'event': 'Jam Session', 'slug': 'jam-session', 'category': '__NOT_DEFINIED__', 'id_venue': 'Q6b6LRjT', 'venue': 'Sede Clasijazz', 'std_venue': 'Clasijazz', 'start_date': '2026-03-25', 'start_time': '22:00:00', 'end_date': '2026-03-25', 'end_time': '23:30:00', 'description': '3 € No Soci@ / gratuito Soci@ Sala Principal Cada miércoles puedes disfrutar de una Jam Session. Uno de los eventos más seguidos en Almería y por el que han pasado muchísimos músicos y público. ¡Disfruta de esta maravilla de Jam Session!', 'others': {'price': '__NOT_DEFINIED__', 'category': 'Programación', 'location_url': 'https://clasijazz.com/local/sede-clasijazz/', 'location': 'Maestro Serrano 9, Almería'}, 'source': 'ClassicJazz', 'exec_time': '20260224T184649', 'session': '2026_02_24_18_31_Martes', 'image': 'https://clasijazz.com/wp-content/uploads/2025/09/PANA5800-scaled.jpg', 'url': 'https://clasijazz.com/evento/jam-session-4/2026-03-25/'}
36 / 106
Getting https://clasijazz.com/evento/la-juan-roman-cumbia/
Sleep 4
2026-03-07T22:30:00 2026-03-07T23:55:00
--------------------
{'id': '12cbb7e0', 'show': 1, 'in_city': 1, 'one_day': 1, 'wrong_date_time': 0, 'event': 'La Juan Román Cumbia', 'slug': 'la-juan-roman-cumbia', 'category': '__NOT_DEFINIED__', 'id_venue': 'Q6b6LRjT', 'venue': 'Sede Clasijazz', 'std_venue': 'Clasijazz', 'start_date': '2026-03-07', 'start_time': '22:30:00', 'end_date': '2026-03-07', 'end_time': '23:55:00', 'description': '15 € NS / 7 € S Sala Principal La Juan Román Cumbia, la banda del momento llega por primera vez a Almería para uno de los conciertos más esperados. Ven a pasar una noche de Cumbia, Cuarteto y Rock’n’Roll en el Clasijazz. La cita será el próximo 7 de marzo a las 22:30. No te lo pierdas!', 'others': {'price': '7,00€ – 15,00€', 'category': 'Programación', 'location_url': 'https://clasijazz.com/local/sede-clasijazz/', 'location': 'Maestro Serrano 9, Almería'}, 'source': 'ClassicJazz', 'exec_time': '20260224T184649', 'session': '2026_02_24_18_31_Martes', 'image': 'https://clasijazz.com/wp-content/uploads/2026/01/Juan-Roman-Almeria.jpg', 'url': 'https://clasijazz.com/evento/la-juan-roman-cumbia/'}
37 / 106
Getting https://clasijazz.com/evento/from-beatles-to-you-2/
Sleep 4
2026-03-13T22:00:00 2026-03-13T23:30:00
--------------------
{'id': 'd7bdb48c', 'show': 1, 'in_city': 1, 'one_day': 1, 'wrong_date_time': 0, 'event': 'From Beatles to You', 'slug': 'from-beatles-to-you', 'category': '__NOT_DEFINIED__', 'id_venue': 'ddgm4gQP', 'venue': 'Port Of Spain', 'std_venue': 'Port Of Spain', 'start_date': '2026-03-13', 'start_time': '22:00:00', 'end_date': '2026-03-13', 'end_time': '23:30:00', 'description': '10 € NS / 3 € S Port of Spain FROM BEATLES TO YOU es una banda tributo a los 4 de Liverpool .un recorrido musical por toda la beatlemania y los últimos años de la banda .Desde Love me do, She Loves you pasando por yesterday hasta llegar a come together . Entradas: From Beatles To You', 'others': {'price': '__NOT_DEFINIED__', 'category': 'Programación', 'location_url': 'https://clasijazz.com/local/port-of-spain/', 'location': 'Parque Nicolás Salmeron 20, Almería'}, 'source': 'ClassicJazz', 'exec_time': '20260224T184649', 'session': '2026_02_24_18_31_Martes', 'image': 'https://clasijazz.com/wp-content/uploads/2026/01/WhatsApp-Image-2026-01-31-at-11.08.56.jpeg', 'url': 'https://clasijazz.com/evento/from-beatles-to-you-2/'}
38 / 106
Getting https://clasijazz.com/evento/intercambio-de-idiomas-5/2026-02-19/
Sleep 4
2026-02-19T21:00:00 2026-02-19T23:00:00
--------------------
{'id': '0e000191', 'show': 1, 'in_city': 1, 'one_day': 1, 'wrong_date_time': 0, 'event': 'Intercambio De Idiomas', 'slug': 'intercambio-de-idiomas', 'category': '__NOT_DEFINIED__', 'id_venue': 'Q6b6LRjT', 'venue': 'Clasijazz', 'std_venue': 'Clasijazz', 'start_date': '2026-02-19', 'start_time': '21:00:00', 'end_date': '2026-02-19', 'end_time': '23:00:00', 'description': 'Sala Industrial Clasijazz Entrada Libre ¿Quieres conocer gente nueva y compartir ideas, experiencias y opiniones mientras practicas tus habilidades lingüísticas? ¡Hablaremos de todo: culturas, profesiones, arte y música! ¿Nivel avanzado? ¿Intermedio? ¿Principiante? ¡Hay espacio para todos! Únete a la comunidad del Intercambio de Idiomas y deja que la magia deja que la magia de los idiomas te atrape. Desde Octubre y todos los jueves 21:00-23:00', 'others': {'price': '__NOT_DEFINIED__', 'category': 'Programación', 'location_url': 'https://clasijazz.com/local/clasijazz/', 'location': 'C/Maestro Serrano nº9, Almería'}, 'source': 'ClassicJazz', 'exec_time': '20260224T184649', 'session': '2026_02_24_18_31_Martes', 'image': 'https://clasijazz.com/wp-content/uploads/2025/09/Intercambio-de-Idiomas.jpg', 'url': 'https://clasijazz.com/evento/intercambio-de-idiomas-5/2026-02-19/'}
39 / 106
Getting https://clasijazz.com/evento/dulze-girando-por-salas-gps-port-of-spain/
Sleep 4
2026-04-18T22:00:00 2026-04-18T23:30:00
--------------------
{'id': 'ecb5f903', 'show': 1, 'in_city': 1, 'one_day': 1, 'wrong_date_time': 0, 'event': 'Dulze – Girando Por Salas. GPS', 'slug': 'dulze-girando-por-salas-gps', 'category': '__NOT_DEFINIED__', 'id_venue': 'ddgm4gQP', 'venue': 'Port Of Spain', 'std_venue': 'Port Of Spain', 'start_date': '2026-04-18', 'start_time': '22:00:00', 'end_date': '2026-04-18', 'end_time': '23:30:00', 'description': 'Port of Spain 5 € NS / 2 € S «Dulze es una artista originaria de Cádiz que fusiona pop indie con raíces flamencas para crear un estilo propio, moderno y versátil. En directo combina temas íntimos con otros llenos de energía, ofreciendo un espectáculo cercano y vibrante. También aporta su toque personal a clásicos de Raffaella Carrà o Camela. Una propuesta fresca que promete sorprender.» Entradas: Dulze – Girando Por Salas. GPS', 'others': {'price': '__NOT_DEFINIED__', 'category': 'Programación', 'location_url': 'https://clasijazz.com/local/port-of-spain/', 'location': 'Parque Nicolás Salmeron 20, Almería'}, 'source': 'ClassicJazz', 'exec_time': '20260224T184649', 'session': '2026_02_24_18_31_Martes', 'image': 'https://clasijazz.com/wp-content/uploads/2026/01/IMG_0666.jpeg', 'url': 'https://clasijazz.com/evento/dulze-girando-por-salas-gps-port-of-spain/'}
40 / 106
Getting https://clasijazz.com/evento/compania-danza-mobile-compania-alvaro-silvag-ciclo-de-danza/
Sleep 4
2026-02-21T19:00:00 2026-02-21T20:00:00
--------------------
{'id': '38c3aac9', 'show': 1, 'in_city': 1, 'one_day': 1, 'wrong_date_time': 0, 'event': 'Compañía Danza Mobile/Compañía Álvaro Silvag – Ciclo De Danza', 'slug': 'compania-danza-mobile-compania-alvaro-silvag-ciclo-de-danza', 'category': '__NOT_DEFINIED__', 'id_venue': 'Q6b6LRjT', 'venue': 'Sede Clasijazz', 'std_venue': 'Clasijazz', 'start_date': '2026-02-21', 'start_time': '19:00:00', 'end_date': '2026-02-21', 'end_time': '20:00:00', 'description': '12 € NS / 5 € S Sala Principal LA COMPAÑÍA La Compañía Danza Mobile comenzó su andadura profesional en el año 2001 siendo actualmente referente en el panorama profesional con una destacada proyección nacional e internacional. Desde la primera puesta en escena, se han producido 25 espectáculos con los que se han realizado más de 500 representaciones. En la consecución de este objetivo ha sido funda- mental la unión de una serie de profesionales del mundo de las artes escénicas. Alrededor de 60 profesionales han colaborado con Danza Mobile en todo este tiempo. Asimismo, los montajes desarrollados por la Compañía han girado en circuitos nacionales, autonómicos, así como locales. También ha participado en festivales y programa- ciones como Mes de Danza, Forum de Barcelona, la Bienal de Flamenco de Sevilla, Festival de Música y Danza de Granada, Festival Eclèctic de Tarragona o el Festival 10Sentidos de Valencia, entre otros. Y ha estado presente en diferentes muestras y programaciones del Reino Unido, Alemania, Jordania, Italia, Suiza, Francia, Holanda, Turquía, Rusia, Gales, Bélgica y Marruecos. De igual forma, Danza Mobile ha obtenido numerosos premios en sus 15 años de bagaje, por el trabajo específico de muchas de sus producciones escénicas y también porque ha marcado hitos en cuanto a inserción laboral y social se refiere. Como el Premio Dionisos a proyectos teatrales con repercusión social, otorgado por UNESCO-Comunidad de Madrid (2012), el Premio Andaluz a las Buenas Prácticas en la Atención a las personas con discapacidad de la Consejería para la Igualdad y el Bienestar Social de la Junta de Andalucía (2010), el Premio ‘Solidaridad’ de la Unión de Actores e Intérpretes de Andalucía (2010), el Premio Mayte de Teatro a la Normalización de la discapacidad en el Teatro (2007), entre otros. Danza Mobile es actualmente un referente en el ámbito de la danza contemporánea inclusiva internacional. Sobre la Pieza La belleza en la conversación de las sobre la pieza manos es un intercambio de ritmos, pasos y la pasión por bailar con otras personas. La hermosa conversación de las manos toma la historia del baile tradicional en pareja, compañero/a de baile, y redefine algo que podría ser más apropiado para la era moderna, siguiendo la influencia de la danza contemporánea, la improvisación, el intercambio de géneros y centrándose en derechos más amplios para todos. Liderar o ser liderado puede ser tomado por ambos y compartido. Los roles no están divididos por géneros preferentes. La verticalidad y “cordialidad” están afuera, así que también los intérpretes pueden estar en diferentes niveles y moverse sobre el suelo con diferentes partes del cuerpo. Pero el baile de pareja mantuvo la estructura de que en todo momento se mantiene un contacto con las manos. Pero ellas pueden intercambiarse según las necesidades y direcciones de los intérpretes. ¿La mantendremos nosotros? Titular de todos los derechos', 'others': {'price': '__NOT_DEFINIED__', 'category': 'Programación', 'location_url': 'https://clasijazz.com/local/sede-clasijazz/', 'location': 'Maestro Serrano 9, Almería'}, 'source': 'ClassicJazz', 'exec_time': '20260224T184649', 'session': '2026_02_24_18_31_Martes', 'image': 'https://clasijazz.com/wp-content/uploads/2026/01/Captura-de-pantalla-2026-01-10-a-las-20.48.36.png', 'url': 'https://clasijazz.com/evento/compania-danza-mobile-compania-alvaro-silvag-ciclo-de-danza/'}
41 / 106
Getting https://clasijazz.com/evento/fiesta-mardi-gras/
Sleep 4
2026-02-14T18:00:00 2026-02-14T22:00:00
--------------------
{'id': '21895679', 'show': 1, 'in_city': 1, 'one_day': 1, 'wrong_date_time': 0, 'event': 'Mardi Gras Django Fest VII', 'slug': 'mardi-gras-django-fest-vii', 'category': '__NOT_DEFINIED__', 'id_venue': 'Q6b6LRjT', 'venue': 'Sede Clasijazz', 'std_venue': 'Clasijazz', 'start_date': '2026-02-14', 'start_time': '18:00:00', 'end_date': '2026-02-14', 'end_time': '22:00:00', 'description': 'Sala Industrial | Entrada Libre Como todos los años celebraremos el MARDI GRAS DJANGO FEST con un pasacalles desde Puerta Purchena a las 17.00 hasta las 18.00 aprox que llegaremos a Clasijazz donde continúa la fiesta en la Sala Industrial hasta las 22:00 En la Sala Industrial músicos de diferentes bandas de Almería tocarán juntos y celebrarán esta fiesta compartiendo su música, mezclándose entre ellos y (re)interpretando temas tradicionales de Nueva Orleans. ¡Un auténtico Gumbo Ya-Ya musical! ABELARDO LA FUNKERIA SARA SOUL LA CAUSA SWING GATA BRASS BAND COKI BLUES SKALEXTRIX SWINVERGÜENZAS LA CHISMOSERÍA LOS QUIJOTES DE LA MARCHA LOQUESURJA BRASS BAND ¡Prepara tu disfraz y ven a disfrutar del carnaval al estilo Nueva Orleans!', 'others': {'price': '__NOT_DEFINIED__', 'category': 'Programación, Salón Industrial', 'location_url': 'https://clasijazz.com/local/sede-clasijazz/', 'location': 'Maestro Serrano 9, Almería'}, 'source': 'ClassicJazz', 'exec_time': '20260224T184649', 'session': '2026_02_24_18_31_Martes', 'image': 'https://clasijazz.com/wp-content/uploads/2025/12/Mardi-Gras-Django-VII-2026-min.jpeg', 'url': 'https://clasijazz.com/evento/fiesta-mardi-gras/'}
42 / 106
Getting https://clasijazz.com/evento/mini-jam/2026-02-20/
Sleep 4
2026-02-20T18:00:00 2026-02-20T19:00:00
--------------------
{'id': 'f662f253', 'show': 1, 'in_city': 1, 'one_day': 1, 'wrong_date_time': 0, 'event': 'Mini Jam', 'slug': 'mini-jam', 'category': '__NOT_DEFINIED__', 'id_venue': 'Q6b6LRjT', 'venue': 'Sede Clasijazz', 'std_venue': 'Clasijazz', 'start_date': '2026-02-20', 'start_time': '18:00:00', 'end_date': '2026-02-20', 'end_time': '19:00:00', 'description': 'Entrada Libre | Sala Industrial Que importantes son las Mini Jams en Clasijazz. Generaciones se han criado con música y cantando desde chicos . Aquí tenéis todas las de este curso . Son gratuitas pero si quieres hacerte socio nos ayudarás a seguir con la ilusión por predicar la música para todas las edades.', 'others': {'price': '__NOT_DEFINIED__', 'category': 'Programación', 'location_url': 'https://clasijazz.com/local/sede-clasijazz/', 'location': 'Maestro Serrano 9, Almería'}, 'source': 'ClassicJazz', 'exec_time': '20260224T184649', 'session': '2026_02_24_18_31_Martes', 'image': 'https://clasijazz.com/wp-content/uploads/2026/01/PANA3644-scaled.jpg', 'url': 'https://clasijazz.com/evento/mini-jam/2026-02-20/'}
43 / 106
Getting https://clasijazz.com/evento/taller-de-recoleccion-y-cocina-con-plantas-silvestres_chef-yolanda-garcia-el-molino-clasijazz-rural/
Sleep 4
2026-03-07T10:30:00 2026-03-07T16:00:00
--------------------
{'id': '05b142b4', 'show': 1, 'in_city': 1, 'one_day': 1, 'wrong_date_time': 0, 'event': 'Taller De Recolección Y Cocina Con Plantas Silvestres_Chef Yolanda García – «El Molino» Clasijazz Rural', 'slug': 'taller-de-recoleccion-y-cocina-con-plantas-silvestres-chef-yolanda-garcia-el-mol', 'category': '__NOT_DEFINIED__', 'id_venue': 'Q6b6LRjT', 'venue': 'El Molino – Clasijazz rural', 'std_venue': 'Clasijazz', 'start_date': '2026-03-07', 'start_time': '10:30:00', 'end_date': '2026-03-07', 'end_time': '16:00:00', 'description': '«El Molino» Clasijazz Rural, Terque 65€ no socias/os · 55€ socias/os ——————————————– Taller de recolección y cocina con plantas silvestres En el entorno del Molino de Terque, el paisaje no es solo fondo: es despensa, es memoria, es aprendizaje. El taller de cocina impartido por la chef Yolanda García es una experiencia completa de inmersión en la cocina con plantas silvestres. Durante una jornada recorreremos el proceso entero: del campo a la mesa, del territorio al cuerpo. La actividad se divide en tres momentos: – Recolectar Comenzaremos con un paseo guiado para identificar y recolectar plantas silvestres comestibles de nuestro entorno. Aprenderemos a distinguir especies, reconocer sus usos y comprender su relación con el paisaje mediterráneo. – Cocinar Ya en la cocina, transformaremos lo recolectado en recetas creativas y accesibles, guiadas por la chef invitada. Exploraremos sabores, texturas y técnicas que nos permitan integrar estas plantas en nuestra alimentación cotidiana. – Compartir Cerraremos la jornada compartiendo la comida preparada. Un momento para saborear, conversar y celebrar el vínculo entre naturaleza, cocina y comunidad. Más que un curso, es una invitación a mirar el territorio con otros ojos. A descubrir que el paisaje también se puede habitar a través del gusto. ——- Sobre la chef : Yolanda García es cocinera y recolectora almeriense. Su cocina nace del paisaje: de la montaña y el mar, de las hierbas silvestres y del trabajo de pescadores, agricultores y ganaderos que sostienen la vida en su territorio. Formada en Psicología y posteriormente en la Escuela de Hostelería de Mojácar, ha trabajado en restaurantes de alta gastronomía antes de desarrollar su propio concepto culinario: Gastroconciencia, una forma de cocinar desde la ciencia y la conciencia, con identidad, origen y respeto por la biodiversidad. Colabora en la investigación de plantas silvestres comestibles junto a la Universidad de Almería y ha compartido su visión en espacios como el Basque Culinary Center y Madrid Fusión. Ha recibido reconocimientos como el Premio Duna 2024 y el premio al mejor producto elaborado con aceite de oliva por su creación Chocoesparto. Para Yolanda, cocinar es un acto de responsabilidad y de amor: cada alimento tiene un origen, un rostro y una historia. Su propuesta invita a reconciliar al ser humano con la naturaleza a través del sabor. —– Información práctica Horario: 10:30h – 16:00h Lugar: Molino de Terque · Clasijazz Rural Precio: 65€ no socias/os · 55€ socias/os Inscripciones abiertas hasta el 2 de marzo. ¡Plazas limitadas!', 'others': {'price': '55,00€ – 65,00€', 'category': 'Programación', 'location_url': 'https://clasijazz.com/local/el-molino/', 'location': 'X9MW+8V, Terque'}, 'source': 'ClassicJazz', 'exec_time': '20260224T184649', 'session': '2026_02_24_18_31_Martes', 'image': 'https://clasijazz.com/wp-content/uploads/2026/02/Cartel-Plantas-Silvestres.png', 'url': 'https://clasijazz.com/evento/taller-de-recoleccion-y-cocina-con-plantas-silvestres_chef-yolanda-garcia-el-molino-clasijazz-rural/'}
44 / 106
Getting https://clasijazz.com/evento/jam-session-4/2026-03-11/
Sleep 4
2026-03-11T22:00:00 2026-03-11T23:30:00
--------------------
{'id': 'f3fac69a', 'show': 1, 'in_city': 1, 'one_day': 1, 'wrong_date_time': 0, 'event': 'Jam Session', 'slug': 'jam-session', 'category': '__NOT_DEFINIED__', 'id_venue': 'Q6b6LRjT', 'venue': 'Sede Clasijazz', 'std_venue': 'Clasijazz', 'start_date': '2026-03-11', 'start_time': '22:00:00', 'end_date': '2026-03-11', 'end_time': '23:30:00', 'description': '3 € No Soci@ / gratuito Soci@ Sala Principal Cada miércoles puedes disfrutar de una Jam Session. Uno de los eventos más seguidos en Almería y por el que han pasado muchísimos músicos y público. ¡Disfruta de esta maravilla de Jam Session!', 'others': {'price': '__NOT_DEFINIED__', 'category': 'Programación', 'location_url': 'https://clasijazz.com/local/sede-clasijazz/', 'location': 'Maestro Serrano 9, Almería'}, 'source': 'ClassicJazz', 'exec_time': '20260224T184649', 'session': '2026_02_24_18_31_Martes', 'image': 'https://clasijazz.com/wp-content/uploads/2025/09/PANA5800-scaled.jpg', 'url': 'https://clasijazz.com/evento/jam-session-4/2026-03-11/'}
45 / 106
Getting https://clasijazz.com/evento/impro-la-gata-purpura/
Sleep 4
2026-02-14T20:00:00 2026-02-14T21:30:00
--------------------
{'id': 'c523d189', 'show': 1, 'in_city': 1, 'one_day': 1, 'wrong_date_time': 0, 'event': 'Impro – La Gata Purpura', 'slug': 'impro-la-gata-purpura', 'category': '__NOT_DEFINIED__', 'id_venue': 'Q6b6LRjT', 'venue': 'Sede Clasijazz', 'std_venue': 'Clasijazz', 'start_date': '2026-02-14', 'start_time': '20:00:00', 'end_date': '2026-02-14', 'end_time': '21:30:00', 'description': '12€ NS / 5€ S | Sala Swing Este 14 de febrero, mientras unos regalan flores que se marchitan en tres días, nosotros te regalamos una noche de Impro de Des-Amor. Sin guión, como tus promesas de «voy a cambiar». Dónde: Clasijazz (Calle Maestro Serrano, 9, Almería). Cuándo: 14 de febrero | 20:00 hrs. ️ Entradas: www.clasijazz.com (¡Vuelan más rápido que tu ex cuando vio que querías algo serio!). Tráete tus penas, que nosotros ponemos las risas. #LaGataPurpura #ImproAlmeria #SanSolterin #Clasijazz', 'others': {'price': '5,00€ – 12,00€', 'category': 'Programación', 'location_url': 'https://clasijazz.com/local/sede-clasijazz/', 'location': 'Maestro Serrano 9, Almería'}, 'source': 'ClassicJazz', 'exec_time': '20260224T184649', 'session': '2026_02_24_18_31_Martes', 'image': 'https://clasijazz.com/wp-content/uploads/2026/02/WhatsApp-Image-2026-02-03-at-13.56.58.jpeg', 'url': 'https://clasijazz.com/evento/impro-la-gata-purpura/'}
46 / 106
Getting https://clasijazz.com/evento/soy-otra-persona-tal-vez-mas-feliz-que-yo-cuentistas-vivas-y-muertas/2026-04-16/
Sleep 4
2026-04-16T21:00:00 2026-04-16T22:30:00
--------------------
{'id': '38cd763b', 'show': 1, 'in_city': 1, 'one_day': 1, 'wrong_date_time': 0, 'event': 'Soy Otra Persona, Tal Vez Más Feliz Que Yo: Cuentistas Vivas Y Muertas', 'slug': 'soy-otra-persona-tal-vez-mas-feliz-que-yo-cuentistas-vivas-y-muertas', 'category': '__NOT_DEFINIED__', 'id_venue': 'Q6b6LRjT', 'venue': 'Sede Clasijazz', 'std_venue': 'Clasijazz', 'start_date': '2026-04-16', 'start_time': '21:00:00', 'end_date': '2026-04-16', 'end_time': '22:30:00', 'description': 'Sala Principal Entrada Libre En el nuevo ciclo de Clásicos en clasijazz he elegido a una serie de autoras americanas cuyas obras recorren el siglo XX y los años transcurridos del XXI. Desde Silvina Ocampo hasta Samanta Schweblin escucharemos las voces poderosas de estas escritoras a través de uno de los géneros más emblemáticos de América: el cuento. Así pues, y sin olvidar la música tan esencial en cada una de nuestras sesiones, viajaremos, a través de sus relatos oníricos, misteriosos, únicos siempre, a México, Ecuador, Brasil, Uruguay y Argentina. Octubre, 30 : Silvina Ocampo, 1903-1993. Argentina Noviembre, 27: Elena Garro, 1916-1998, México Diciembre, 18: Clarice Lispector, 1920-1977, Brasil Enero, 22: Rosario Castellanos, 1925-1974, México Febrero, 26: Cristina Peri Rossi, 1941, Uruguay Marzo, 19: Mariana Enriquez, 1973, Argentina Abril, 16: María Fernanda Ampuero, 1976, Ecuador Mayo, 14: Fernanda Trías, 1976, Uruguay Junio, 11: Samanta Schweblin, 1978, Argentina', 'others': {'price': '__NOT_DEFINIED__', 'category': 'Programación', 'location_url': 'https://clasijazz.com/local/sede-clasijazz/', 'location': 'Maestro Serrano 9, Almería'}, 'source': 'ClassicJazz', 'exec_time': '20260224T184649', 'session': '2026_02_24_18_31_Martes', 'image': 'https://clasijazz.com/wp-content/uploads/2025/09/WhatsApp-Image-2025-10-03-at-20.11.17.jpeg', 'url': 'https://clasijazz.com/evento/soy-otra-persona-tal-vez-mas-feliz-que-yo-cuentistas-vivas-y-muertas/2026-04-16/'}
47 / 106
Getting https://clasijazz.com/evento/unity-mass-choir-bazil-meade-unity-festival/
Sleep 4
2026-02-28T19:00:00 2026-02-28T20:00:00
--------------------
{'id': '557e70d5', 'show': 1, 'in_city': 1, 'one_day': 1, 'wrong_date_time': 0, 'event': 'Unity Mass Choir & Bazil Meade – Unity Festival', 'slug': 'unity-mass-choir-bazil-meade-unity-festival', 'category': '__NOT_DEFINIED__', 'id_venue': '4124e1e7', 'venue': 'El Cable Inglés', 'std_venue': 'El Cable Inglés', 'start_date': '2026-02-28', 'start_time': '19:00:00', 'end_date': '2026-02-28', 'end_time': '20:00:00', 'description': '??€ Cable Inglés ESP Muestra del trabajo realizado a lo largo del festival con el gran coro de participantes con Bazil Meade y Dider Likeng con un repertorio basado en los grandes clásicos del género. El concierto es parte del Unity Clasijazz Gospel Festival. Se realiza como una primera edición y está dedicada a África. ENG A showcase of the work done throughout the festival with the large choir of participants, featuring Bazil Meade and Didier Likeng, with a repertoire based on the great classics of the genre. The concert is part of the Unity Clasijazz Gospel Festival. This is its first edition and it is dedicated to Africa.', 'others': {'price': 'Free', 'category': '', 'location_url': 'https://clasijazz.com/local/el-cable-ingles/', 'location': 'Ctra. de Ronda, 19,, Almería'}, 'source': 'ClassicJazz', 'exec_time': '20260224T184649', 'session': '2026_02_24_18_31_Martes', 'image': 'https://clasijazz.com/wp-content/uploads/2025/10/Unity_Mass_ChoirBazil_Meade.png', 'url': 'https://clasijazz.com/evento/unity-mass-choir-bazil-meade-unity-festival/'}
48 / 106
Getting https://clasijazz.com/evento/jam-funk-port-of-spain-5/2026-02-05/
Sleep 4
2026-02-05T22:00:00 2026-02-05T23:55:00
--------------------
{'id': '3146c92f', 'show': 1, 'in_city': 1, 'one_day': 1, 'wrong_date_time': 0, 'event': 'Jam Funk', 'slug': 'jam-funk', 'category': '__NOT_DEFINIED__', 'id_venue': 'ddgm4gQP', 'venue': 'Port Of Spain', 'std_venue': 'Port Of Spain', 'start_date': '2026-02-05', 'start_time': '22:00:00', 'end_date': '2026-02-05', 'end_time': '23:55:00', 'description': 'Entrada Libre Port of Spain Una Jam Session increíble en ese entorno tan bonito del Port of Spain. Llena de Funk !', 'others': {'price': '__NOT_DEFINIED__', 'category': 'Programación', 'location_url': 'https://clasijazz.com/local/port-of-spain/', 'location': 'Parque Nicolás Salmeron 20, Almería'}, 'source': 'ClassicJazz', 'exec_time': '20260224T184649', 'session': '2026_02_24_18_31_Martes', 'image': 'https://clasijazz.com/wp-content/uploads/2025/08/jam_funky-2-3-3.jpg', 'url': 'https://clasijazz.com/evento/jam-funk-port-of-spain-5/2026-02-05/'}
49 / 106
Getting https://clasijazz.com/evento/taller-y-muestra-interactiva-de-arte-solar-botanico-y-biosonificacion/
Sleep 4
2026-02-22T11:00:00 2026-02-22T12:30:00
--------------------
{'id': '4f7832ff', 'show': 1, 'in_city': 0, 'one_day': 1, 'wrong_date_time': 0, 'event': 'Taller Y Muestra Interactiva De Arte Solar Botánico Y Biosonificación – «El Molino» Clasijazz Rural', 'slug': 'taller-y-muestra-interactiva-de-arte-solar-botanico-y-biosonificacion-el-molino', 'category': '__NOT_DEFINIED__', 'id_venue': None, 'venue': 'Molino de Terque', 'std_venue': None, 'start_date': '2026-02-22', 'start_time': '11:00:00', 'end_date': '2026-02-22', 'end_time': '12:30:00', 'description': '«El Molino» Clasijazz Rural Entrada Libre PASOS (in)COMUNES: Acercándonos a Almócita Taller y muestra interactiva de arte solar botánico y biosonificación Interser: arte solar botánico y biosonificación. Alberto Jiménez-Gómez y María Vela-Campoy (Ajo Social, Cooperativa almociteña) nos invitan a reconectar con la biodiversidad a través de los sentidos. Narrarán e ilustrarán su experiencia como residentes artísticos del Clasijazz rural y nos invitarán a reconocer la biodiversidad multifuncional del Molino y a interser con ella. Exploraremos la huella vegetal sobre papel y sobre ondas sonoras, en un taller interactivo de arte botánico solar y musical. Interser es una invitación radical a cambiar nuestra mirada sobre los seres vegetales, sus ciclos y nuestra interdependencia mutua. Una invitación a incluir la práctica artística y la reconexión vegetal en lo cotidiano como clave para mantener vivas nuestras ganas de futuro.', 'others': {'price': '__NOT_DEFINIED__', 'category': 'Programación', 'location_url': 'https://clasijazz.com/local/molinodeterque/', 'location': 'Molino de la Cuesta , Paraje Frente al Pueblo, Terque'}, 'source': 'ClassicJazz', 'exec_time': '20260224T184649', 'session': '2026_02_24_18_31_Martes', 'image': 'https://clasijazz.com/wp-content/uploads/2026/02/AjoSocial.png', 'url': 'https://clasijazz.com/evento/taller-y-muestra-interactiva-de-arte-solar-botanico-y-biosonificacion/'}
50 / 106
Getting https://clasijazz.com/evento/mini-jam/2026-04-10/
Sleep 4
2026-04-10T18:00:00 2026-04-10T19:00:00
--------------------
{'id': '97e54a6c', 'show': 1, 'in_city': 1, 'one_day': 1, 'wrong_date_time': 0, 'event': 'Mini Jam', 'slug': 'mini-jam', 'category': '__NOT_DEFINIED__', 'id_venue': 'Q6b6LRjT', 'venue': 'Sede Clasijazz', 'std_venue': 'Clasijazz', 'start_date': '2026-04-10', 'start_time': '18:00:00', 'end_date': '2026-04-10', 'end_time': '19:00:00', 'description': 'Entrada Libre | Sala Industrial Que importantes son las Mini Jams en Clasijazz. Generaciones se han criado con música y cantando desde chicos . Aquí tenéis todas las de este curso . Son gratuitas pero si quieres hacerte socio nos ayudarás a seguir con la ilusión por predicar la música para todas las edades.', 'others': {'price': '__NOT_DEFINIED__', 'category': 'Programación', 'location_url': 'https://clasijazz.com/local/sede-clasijazz/', 'location': 'Maestro Serrano 9, Almería'}, 'source': 'ClassicJazz', 'exec_time': '20260224T184649', 'session': '2026_02_24_18_31_Martes', 'image': 'https://clasijazz.com/wp-content/uploads/2026/01/PANA3644-scaled.jpg', 'url': 'https://clasijazz.com/evento/mini-jam/2026-04-10/'}
51 / 106
Getting https://clasijazz.com/evento/unity-gospel-festival-en/
Sleep 4
2026-02-27T08:00:00 2026-03-01T17:00:00
--------------------
{'id': '59ee5b91', 'show': 1, 'in_city': 1, 'one_day': 0, 'wrong_date_time': 0, 'event': 'Unity – Gospel Festival (En)', 'slug': 'unity-gospel-festival-en', 'category': '__NOT_DEFINIED__', 'id_venue': 'Q6b6LRjT', 'venue': 'Sede Clasijazz', 'std_venue': 'Clasijazz', 'start_date': '2026-02-27', 'start_time': '08:00:00', 'end_date': '2026-03-01', 'end_time': '17:00:00', 'description': 'Mixing music, gathering people February 27, 28 and March 1 – Almería, Spain Tickets Here Please let us know your size to receive the official festival T-shirt.. Introduction Clasijazz is finally organizing a major Gospel Festival: the Unity Clasijazz Gospel Festival. The entire Clasijazz community is coming together for this event, with the help of the great Ramón Escalé, co-founder and director of various Gospel festivals such as Campus Gospel Rajadell, One Heart Festival, and Zuia Gospel Camp. With over 25 years of experience in Gospel through concerts, workshops, participation in European festivals, and more, he brings tremendous expertise to this initiative. In addition to the two core elements of traditional Gospel gatherings—workshops and concerts—this new festival will offer a range of parallel activities that give it a unique identity. Though young and modest in scale, it aspires to join the ranks of Europe’s major Gospel festivals. Inspired by the spirit established among European directors since 2019 and nurtured by the influence of Gospel legends such as Donald Lawrence, Bazil Meade, Didier Likeng, Trey McLaughlin, and others, Unity welcomes you with open arms on February 27, 28 and March 1 in Almería. ✨ Festival Spirit UNITY joins the wave of European gatherings that, since 2019, have hosted Gospel figures like Donald Lawrence, Bazil Meade, Didier Likeng, and Trey McLaughlin. Its aim is to create a space for learning, exchange, and celebration centered around Gospel music, through workshops, concerts, and complementary activities. Core activities include: Concerts Workshops Gathering of choir directors Gospel Village Show Your Gospel Open Session After Concert Jam Sessions Open-to-All Sunday Service Collective Improvisation in a Church As part of the festival, the first meeting and concert of the Unity Gospel Choir will take place, featuring singers from 12 European countries. Workshops The workshops will be led by major international Gospel figures: Cinque Cullar & The Peace Troupe (USA) Considered the natural successor to Gospel greats like Donald Lawrence, Cinque is a leading educator and promoter of contemporary Gospel. Bazil Meade (UK) Originally from the Caribbean and based in London, he is the founder of the legendary London Community Gospel Choir. His workshop focuses on groove, blending his Caribbean roots with funk energy. Didier Likeng (Cameroon) A key figure in Europe for the “Old Gospel School,” Didier bridges Gospel music with its African roots. Ramón Escalé (Spain) A pioneer of Gospel in Spain and founder of Messengers, Ramón has developed numerous educational projects and musical fusions with flamenco, Cuban music, and classical styles. N’Faly Kouyaté (France) N’Faly Kouyaté is a vanguard griot whose work embodies the living dialogue between ancestral heritage and contemporary sounds. A multi-talented artist — singer, composer, virtuoso multi-instrumentalist, actor, and coach, N’Faly weaves a pentalingual music (Mandinka, Soussou, Pular, French, and English). Concerts The festival will feature four main concerts: Cinque Cullar & The Peace Troupe (USA) The Jungle Orquestra Unity Mass Choir, Bazil Meade & Cinque Cullar Gospel meets Africa. Unity Gospel Choir & Clasijazz Big Band & Didier Likeng & N’Fali Kouyaté, dir. Ramon Escalé Activities Sunday Service One of the most moving moments of Unity. Led by Cinque Cullar & The Peace Troupe from Chicago, this event recreates the deep spiritual experience of traditional Sunday Church Services in African-American communities. Open Stage – Show Your Gospel A space for visiting choirs to share their music in small performances throughout various venues in the city. Open Session A welcome session on Thursday night where festival artists, choirs, and singers improvise together in a spontaneous and unique musical jam. Gospel Village A public showcase of Gospel choirs and organizations: books, CDs, sheet music, arrangements, t-shirts—alongside performances by local groups. After Concerts Late-night jam sessions between participating musicians and singers to keep the celebration going after the main concerts. Collective Improvisation A guided experience led by a European improvisation expert where hundreds of voices unite in an emotional, shared musical journey. UNITY is not just a festival—it’s a collective celebration where artists, choirs, and the audience join together as one voice. Ticket price includes workshops, activities, and concerts.', 'others': {'price': '__NOT_DEFINIED__', 'category': '', 'location_url': 'https://clasijazz.com/local/sede-clasijazz/', 'location': 'Maestro Serrano 9, Almería'}, 'source': 'ClassicJazz', 'exec_time': '20260224T184649', 'session': '2026_02_24_18_31_Martes', 'image': None, 'url': 'https://clasijazz.com/evento/unity-gospel-festival-en/'}
52 / 106
Getting https://clasijazz.com/evento/unity-gospel-festival/
Sleep 4
2026-02-27T10:00:00 2026-03-01T20:00:00
--------------------
{'id': '8eeaf61c', 'show': 1, 'in_city': 1, 'one_day': 0, 'wrong_date_time': 0, 'event': 'Unity – Gospel Festival', 'slug': 'unity-gospel-festival', 'category': '__NOT_DEFINIED__', 'id_venue': 'Q6b6LRjT', 'venue': 'Sede Clasijazz', 'std_venue': 'Clasijazz', 'start_date': '2026-02-27', 'start_time': '10:00:00', 'end_date': '2026-03-01', 'end_time': '20:00:00', 'description': 'UNITY – CLASIJAZZ GOSPEL FESTIVAL Mixing music, gathering people27, 28 de febrero y 1 de marzo – Almería English Version Please let us know your size to receive the official festival T-shirt. Presentación Clasijazz por fin organiza un macro Festival de Gospel: Unity Clasijazz Gospel Festival. Todo Clasijazz se vuelca en este evento con la ayuda del gran Ramón Escalé que ha sido sido cofundador y director de distintos festivales de Gospel como Campus Gospel Rajadell, One Heart Festival o Zuia Gospel Camp, y después de más de 25 años de actividades alrededor del Gospel en forma de conciertos, Workshops, participación en Festivales Europeos, etc. A parte de los dos ejes centrales tradicionales de los encuentros de Gospel como son los talleres y conciertos, contaremos con distintas actividades paralelas que configurarán la personalidad de este nuevo festival que, desde su juventud y modestia, quiere sumarse a la lista de grandes festivales que se hacen en Europa. Siguiendo el espíritu que se ha ido consolidando entre los directores europeos a partir del 2019 y que ha podido nutrirse de grandes nombres del Gospel como Donald Lawrence, Bazil Meade, Didier Likeng, Trey McLaughlin, etc, Unity os espera con los brazos abiertos los días 27 y 28 de febrero y 1 de marzo en Almería. ✨ Espíritu del festival UNITY se suma a la corriente de encuentros europeos que desde 2019 han contado con figuras como Donald Lawrence, Bazil Meade, Didier Likeng o Trey McLaughlin. El objetivo es crear un espacio de formación, intercambio y celebración en torno al Gospel, con talleres, conciertos y actividades paralelas. Conciertos Talleres Encuentro de directores Gospel Village Show your Gospel Open session After concerts Sunday Service abierto a todo el mundo Improvisación colectiva en una iglesia Paralelamente a estas actividades, se desarrollará el primer encuentro y concierto del Unity Gospel Choir formado por representantes de 12 países europeos Talleres Los talleres estarán a cargo de grandes referentes internacionales: Cinque Cullar & The Peace TroupeConsiderado el sucesor natural de grandes estrellas como Donald Lawrence, Cinque es uno de los grandes pedagogos y divulgadores del gospel contemporáneo. Bazil MeadeLondinense de adopción y fundador del mítico London Community Gospel Choir, es un referente del gospel europeo. Su taller abordará el groove con influencias de sus raíces caribeñas y la energía del funk. Didier LikengOriginario de Camerún, es el máximo exponente en Europa de la “Old Gospel School”, conectando con las raíces africanas de la tradición gospel. Ramón EscaléPionero del gospel en España y fundador de Messengers, ha desarrollado proyectos pedagógicos y fusiones con flamenco, música cubana y música clásica. N’Faly Kouyaté (Francia) N’Faly Kouyaté es un griot vanguardista cuya obra encarna el diálogo vivo entre la herencia ancestral y las sonoridades contemporáneas. Artista de múltiples talentos – cantante, compositor, multiinstrumentista virtuoso, actor y coach – , N’Faly teje una música pentalingüe (mandinga, soussou, pular, francés y inglés). Conciertos El festival contará con cuatro grandes conciertos principales: Cinque Cullar & The Peace Troupe (USA) The Jungle Orquestra Unity Mass Choir (Coro de los matriculados) + Bazil Meade y Cinque Cullar Gospel meets Africa. Unity Gospel Choir & Clasijazz Big Band & Didier Likeng & N’Fali Kouyaté, dirigido por Ramon Escalé Actividades Sunday ServiceUno de los momentos más emotivos del Unity. De la mano de Cinque Cullar & The Peace Troupe de Chicago, viviremos la profunda espiritualidad de los “Church Service” de los domingos en las comunidades afroamericanas. Escenario abierto – Show Your GospelEspacio creado para que los coros asistentes compartan su música en pequeños conciertos distribuidos en diferentes escenarios de la ciudad. Open SessionEl jueves por la noche, una sesión improvisada de bienvenida en la que artistas del festival, coros y cantantes interactuarán creando un ambiente único de espontaneidad. Gospel VillageMuestra pública de coros y entidades relacionadas con el Gospel: libros, CD’s, partituras, arreglos, camisetas, combinados con actuaciones de grupos locales. After concertsJam sessions nocturnas entre músicos y cantantes participantes que continuarán la fiesta después de los conciertos principales. Improvisación colectivaUna experiencia guiada por un gran experto europeo en improvisación, donde cientos de voces se unirán en un emocionante viaje musical compartido. UNITY no es solo un festival, es una celebración colectiva donde artistas, coros y público se unen en una sola voz. En el precio están incluidos talleres, actividades y conciertos.', 'others': {'price': '__NOT_DEFINIED__', 'category': 'Programación', 'location_url': 'https://clasijazz.com/local/sede-clasijazz/', 'location': 'Maestro Serrano 9, Almería'}, 'source': 'ClassicJazz', 'exec_time': '20260224T184649', 'session': '2026_02_24_18_31_Martes', 'image': 'https://clasijazz.com/wp-content/uploads/2025/09/Unity-Festival.jpg', 'url': 'https://clasijazz.com/evento/unity-gospel-festival/'}
53 / 106
Getting https://clasijazz.com/evento/entos-port-of-spain/
Sleep 4
2026-02-13T__NOT_FOUND__ 2026-02-13T__NOT_FOUND__
--------------------
{'id': '8524fd72', 'show': 1, 'in_city': 1, 'one_day': '__ERROR__', 'wrong_date_time': 1, 'event': 'Entós', 'slug': 'entos', 'category': '__NOT_DEFINIED__', 'id_venue': 'ddgm4gQP', 'venue': 'Port Of Spain', 'std_venue': 'Port Of Spain', 'start_date': '2026-02-13', 'start_time': '__NOT_FOUND__', 'end_date': '2026-02-13', 'end_time': '__NOT_FOUND__', 'description': 'ENTRADAS En 2022, en un encuentro casual en una sesión folk, Celia, Adrián y Javi acuerdan quedar un día para tocar un rato juntos sin más pretensión que pasarlo bien. Lo que empezó como una simple quedada en el momento se transformó en un proyecto con propósito: intentar ser un eslabón más en la cadena de transmisión de la música tradicional asturiana en su generación, dándole su propio enfoque y carácter. El trío se compone de violín, flauta travesera de madera y bouzouki/guitarra, creando una sonoridad acústica que abraza tanto piezas tradicionales asturianas como composiciones originales. La identidad de «Entós» se sitúa en la intersección entre la tradición y la reinterpretación, ofreciendo una experiencia musical que conecta pasado y presente. Adrián J. Argüelles (Uviéu, 1993)Gaitero desde los 11 años (formado con Santi Caleya) y flautista travesero de madera (alumno de Pepín de Muñalén). Fundador de La Bandina La Garrapiella (disco Esmesando, 2022) y participante en grupos como Camín de Fierro o Fesoria Les Ortigues. Celia Nieto (Candamo, 2002)Violinista desde los 7 años, con raíces en la música tradicional y formación clásica. Inició con la Banda de Gaites de Candamo (percusión). Ha tocado en proyectos como Draque (junto a Celia Corrales y Julio Rodríguez), Guieldu (2020–2022), y festivales como FID’O, Festival Intercélticu d’Avilés y Sendim (Portugal). Actualmente compagina Entós con Draque y el veterano grupo Corquiéu. Javier Menéndez (Avilés, 1994)Gaitero desde los 8 años, con título profesional en el Conservatorio de Uviéu. Director musical de la Banda Gaites Villa d’Avilés y miembro de La Bandina La Garrapiella (Esmesando, 2022). Ha colaborado como gaitero y saxofonista en el disco Libres (2018) de Manitou. Desde 2020 toca bouzouki y guitarra DADGAD, y con esos instrumentos se integra como cuerdista en Entós. El Ciclo Atlántico de Clasijazz es un nuevo ciclo de conciertos y sesiones de música tradicional del arco atlántico que tendrá lugar en Port of Spain y en El Molino de Terque (Clasijazz Rural).', 'others': {'price': '__NOT_DEFINIED__', 'category': 'Ciclo Atlántico, Programación', 'location_url': 'https://clasijazz.com/local/port-of-spain/', 'location': 'Parque Nicolás Salmeron 20, Almería'}, 'source': 'ClassicJazz', 'exec_time': '20260224T184649', 'session': '2026_02_24_18_31_Martes', 'image': 'https://clasijazz.com/wp-content/uploads/2025/09/Entos-2-copy.jpg', 'url': 'https://clasijazz.com/evento/entos-port-of-spain/'}
54 / 106
Getting https://clasijazz.com/evento/intercambio-de-idiomas-5/2026-02-12/
Sleep 4
2026-02-12T21:00:00 2026-02-12T23:00:00
--------------------
{'id': '8033ad3c', 'show': 1, 'in_city': 1, 'one_day': 1, 'wrong_date_time': 0, 'event': 'Intercambio De Idiomas', 'slug': 'intercambio-de-idiomas', 'category': '__NOT_DEFINIED__', 'id_venue': 'Q6b6LRjT', 'venue': 'Clasijazz', 'std_venue': 'Clasijazz', 'start_date': '2026-02-12', 'start_time': '21:00:00', 'end_date': '2026-02-12', 'end_time': '23:00:00', 'description': 'Sala Industrial Clasijazz Entrada Libre ¿Quieres conocer gente nueva y compartir ideas, experiencias y opiniones mientras practicas tus habilidades lingüísticas? ¡Hablaremos de todo: culturas, profesiones, arte y música! ¿Nivel avanzado? ¿Intermedio? ¿Principiante? ¡Hay espacio para todos! Únete a la comunidad del Intercambio de Idiomas y deja que la magia deja que la magia de los idiomas te atrape. Desde Octubre y todos los jueves 21:00-23:00', 'others': {'price': '__NOT_DEFINIED__', 'category': 'Programación', 'location_url': 'https://clasijazz.com/local/clasijazz/', 'location': 'C/Maestro Serrano nº9, Almería'}, 'source': 'ClassicJazz', 'exec_time': '20260224T184649', 'session': '2026_02_24_18_31_Martes', 'image': 'https://clasijazz.com/wp-content/uploads/2025/09/Intercambio-de-Idiomas.jpg', 'url': 'https://clasijazz.com/evento/intercambio-de-idiomas-5/2026-02-12/'}
55 / 106
Getting https://clasijazz.com/evento/jam-session-especial-mardi-gras/
Sleep 4
2026-02-18T22:00:00 2026-02-18T00:30:00
--------------------
{'id': '2d6067d3', 'show': 1, 'in_city': 1, 'one_day': 1, 'wrong_date_time': 0, 'event': 'Jam Session – Especial Mardi Gras', 'slug': 'jam-session-especial-mardi-gras', 'category': '__NOT_DEFINIED__', 'id_venue': 'Q6b6LRjT', 'venue': 'Sede Clasijazz', 'std_venue': 'Clasijazz', 'start_date': '2026-02-18', 'start_time': '22:00:00', 'end_date': '2026-02-18', 'end_time': '00:30:00', 'description': '3 € No Soci@ / gratuito Soci@ Sala Principal Cada miércoles puedes disfrutar de una Jam Session. Uno de los eventos más seguidos en Almería y por el que han pasado muchísimos músicos y público. ¡Disfruta de esta maravilla de Jam Session!', 'others': {'price': '__NOT_DEFINIED__', 'category': 'Programación', 'location_url': 'https://clasijazz.com/local/sede-clasijazz/', 'location': 'Maestro Serrano 9, Almería'}, 'source': 'ClassicJazz', 'exec_time': '20260224T184649', 'session': '2026_02_24_18_31_Martes', 'image': 'https://clasijazz.com/wp-content/uploads/2026/01/WhatsApp-Image-2026-01-22-at-10.04.26.jpeg', 'url': 'https://clasijazz.com/evento/jam-session-especial-mardi-gras/'}
56 / 106
Getting https://clasijazz.com/evento/sheila-blanco-federico-lechner-tango-jazz-trio-los-mareados/
Sleep 4
2026-03-15T19:00:00 2026-03-15T20:30:00
--------------------
{'id': '4a65a15b', 'show': 1, 'in_city': 1, 'one_day': 1, 'wrong_date_time': 0, 'event': 'Sheila Blanco & Federico Lechner Tango Jazz Trío “LOS MAREADOS”', 'slug': 'sheila-blanco-federico-lechner-tango-jazz-trio-los-mareados', 'category': '__NOT_DEFINIED__', 'id_venue': 'Q6b6LRjT', 'venue': 'Sede Clasijazz', 'std_venue': 'Clasijazz', 'start_date': '2026-03-15', 'start_time': '19:00:00', 'end_date': '2026-03-15', 'end_time': '20:30:00', 'description': '25 € NS / 15 € S Sala Principal Por fin nuestra admirada Sheila Blanco y nuestro querido Federico Lechner visitan Clasijazz. Un bello momento que no puedes perderte. Va a estar increible. Sheila Blanco voz Federico Lechner piano Tomás Merlo contrabajo José San Martín batería La cantante Sheila Blanco y el pianista Federico Lechner vuelven a unirse para un nuevo proyecto, tras su “PURO GERSHWIN”, en esta ocasión en español y con el tango-jazz como vehículo. Federico Lechner lleva funcionando con su Tango&Jazz Trío más de 15 años, con 4 discos en su haber: dos como trío, “Estela” y “Beboponga” y dos a cuarteto con el armonícista argentino Franco Luciani, “Falsos Límites” y “Gardelería”, este último galardonado con el Premio Gardel (premio más importante de la música en Argentina) al mejor álbum de tango alternativo en la edición 2015. Es un proyecto que ha tocado por muy diversas partes del mundo, desde New York a Bruselas, y varias giras por España y Argentina, y del que han formado parte músicos como Pipi Piazzolla, Naima Acuña, Pablo Aslan, Pablo Martín Caminero, Borja Barrueta, Andrés Litwin, o Toño Miguel, y solistas como Franco Luciani, Antonio Serrano, Silvio Zalambani o Mark Mommas. Sheila Blanco es la vocalista perfecta para este proyecto, al aportar no solo sus grandes aptitudes vocales, sino su musicalidad llena de valentía, energía y humor que engrana tan bien con el espíritu del trío. Hay versiones de tangos clásicos, como “El día que me quieras”, “Los Mareados” o “María”, en las que el grupo hace unas lecturas totalmente nuevas, usando siempre la improvisación que hace que cada interpretación sea única e irrepetible, y llevando estos clásicos a lugares nuevos, a veces totalmente transgresores, y no visitados antes. Por otro lado, también se utilizan grandes clásicos del jazz como “Summertime” o “Donna Lee” para darles una nueva vida en forma y color tangueros, que seguramente no dejarán de sorprender a nadie, y que en Sheila y el trío presentan en una matrimonio feliz. Y por último, hay también temas originales concebidos ya desde el espíritu de la fusión entre el tango y el jazz, como el tango blues “Esbaesbaba…” de Lechner, el tango “canalla” “La ladrona” de Sheila, el“Tango para Gabriela” que Federico Lechner dedicó a su hija mayor, o el bolero-tango “Otoño eterno” que ambos grabaron a la distancia en lo más duro del confinamiento del 2020 y estrenaron en sus redes (pero que ahora pueden felizmente hacer en vivo y directo). En abril de 2025 presentan su disco “LOS MAREADOS” y comenzarán los conciertos de presentación del mismo. La suma de todo esto es un programa trabajado con mimo y con cuidado pero sin perder la frescura, lleno de sorpresas pero a la vez facilmente digerible por todos los públicos, con la emoción del tango y la energía del jazz.', 'others': {'price': '15,00€ – 25,00€', 'category': 'Programación', 'location_url': 'https://clasijazz.com/local/sede-clasijazz/', 'location': 'Maestro Serrano 9, Almería'}, 'source': 'ClassicJazz', 'exec_time': '20260224T184649', 'session': '2026_02_24_18_31_Martes', 'image': 'https://clasijazz.com/wp-content/uploads/2026/01/29-01_CafeI-Central-Fede-Lechner-y-Sheila-Blanco_Retratos-08.jpg', 'url': 'https://clasijazz.com/evento/sheila-blanco-federico-lechner-tango-jazz-trio-los-mareados/'}
57 / 106
Getting https://clasijazz.com/evento/trip-caraperro/
Sleep 4
2026-03-21T22:00:00 2026-03-21T23:59:00
--------------------
{'id': '91e8a508', 'show': 1, 'in_city': 1, 'one_day': 1, 'wrong_date_time': 0, 'event': 'Trip & Caraperro', 'slug': 'trip-caraperro', 'category': '__NOT_DEFINIED__', 'id_venue': 'Q6b6LRjT', 'venue': 'Sede Clasijazz', 'std_venue': 'Clasijazz', 'start_date': '2026-03-21', 'start_time': '22:00:00', 'end_date': '2026-03-21', 'end_time': '23:59:00', 'description': 'Sala Principal | 20€ NS / 10€ S TRIP Es una banda de rock de Barcelona, cuyo amplio recorrido en conciertos y festivales en la década de los 80 construyó un sólido directo. Su repertorio de música original oscila entre el rock americano melódico y la contundencia europea. Están históricamente muy unidos a Almería, ya que uno de sus miembros vive en nuestra ciudad, siendo muy especial este concierto para ellos. CARAPERRO Grupo granadino, cuya energía para visitar los clásicos de pop y rock es muy destacable, tiene una pretensión en su ideario: poner la música al servicio de causas sociales. Suelen rodar por los escenarios de Granada y provincia, siendo la primera vez en pisar suelo almeriense. También están sentimentalmente unidos a Almería, por lo que el disfrute estará garantizado.', 'others': {'price': '10,00€ – 20,00€', 'category': 'Programación', 'location_url': 'https://clasijazz.com/local/sede-clasijazz/', 'location': 'Maestro Serrano 9, Almería'}, 'source': 'ClassicJazz', 'exec_time': '20260224T184649', 'session': '2026_02_24_18_31_Martes', 'image': 'https://clasijazz.com/wp-content/uploads/2025/11/Untitled-design-1.jpg', 'url': 'https://clasijazz.com/evento/trip-caraperro/'}
58 / 106
Getting https://clasijazz.com/evento/medalla-falsas-nubes/
Sleep 4
2026-03-20T22:00:00 2026-03-20T23:30:00
--------------------
{'id': 'd8764c2e', 'show': 1, 'in_city': 1, 'one_day': 1, 'wrong_date_time': 0, 'event': 'Medalla + Falsas Nubes', 'slug': 'medalla-falsas-nubes', 'category': '__NOT_DEFINIED__', 'id_venue': 'Q6b6LRjT', 'venue': 'Sede Clasijazz', 'std_venue': 'Clasijazz', 'start_date': '2026-03-20', 'start_time': '22:00:00', 'end_date': '2026-03-20', 'end_time': '23:30:00', 'description': 'Sala Principal | \u206012 € No Socio / 5 € Socio Medalla presentarán su quinto álbum ‘MÚSICA MÁQUINA’ el próximo 20 de marzo de 2026 en Clasijazz. Después de la triste cancelación del pasado 2 de mayo de 2025, vienen para redimirse en el mejor lugar posible. Formados en 2017, no han parado de sumar lanzamientos a su discografía y de girar de forma ininterrumpida, incluyendo actuaciones en festivales como Canela Party, Primavera Sound, Vida Festival, Tsunami Xixón o Monkey Week. Ya van 5 discos a sus espaldas y nada parece que les vaya a detener. El engranaje formado por Eric Sueiro (voz, guitarra, sintetizadores), Marc López (batería, percusiones), Joan Morera (guitarra) y Josep Peris (bajo, trompeta) encuentra en el cruce de géneros musicales su principal fortaleza. Una amalgama que abarca desde el rock progresivo al metal, pasando por la psicodelia, el post-punk y el pop. Con cada nuevo disco la banda afronta un proceso de reinvención absoluto, sin dejar nunca de lado sus señas de identidad: canciones donde la distorsión, la melodía y la épica se sitúan en primer plano. La crítica y la desazón se abrazan en un universo repleto de referencias al medievo. Unos himnos de puño alzado que son hijos de su tiempo: Letras que cargan contra el poder, la precariedad o la cultura del esfuerzo. La ironía como estrategia de supervivencia. Sus incendiarios directos y sus 5 álbumes dan fe de su buen hacer. «Emblema y Poder» (2017), «Medalla» (2019), «Arista Rota» (2021– 5º Mejor Álbum Nacional de 2021 para Mondo Sonoro), «DUELO» (2023 – 2º Mejor Álbum Nacional de 2023 para Binaural, 5º para Rockzone, 8º para Mondo Sonoro) y «Música Máquina» (2025) son una invitación a su universo sonoro y lírico. 8 años de incesante actividad donde, lejos de hacer un alto en el camino, siguen apostando por mantener el fuego encendido. Además, y como no podía ser de otra forma, contarán con Falsas Nubes, ya conocidos en nuestra escena local y eso que no han hecho nada más que empezar.', 'others': {'price': '5,00€ – 12,00€', 'category': 'Programación', 'location_url': 'https://clasijazz.com/local/sede-clasijazz/', 'location': 'Maestro Serrano 9, Almería'}, 'source': 'ClassicJazz', 'exec_time': '20260224T184649', 'session': '2026_02_24_18_31_Martes', 'image': 'https://clasijazz.com/wp-content/uploads/2025/12/WhatsApp-Image-2025-12-22-at-16.40.21.jpeg', 'url': 'https://clasijazz.com/evento/medalla-falsas-nubes/'}
59 / 106
Getting https://clasijazz.com/evento/pia-tedesco-y-coni-lechner/
Sleep 4
2026-04-25T20:30:00 2026-04-25T22:00:00
--------------------
{'id': '652117ab', 'show': 1, 'in_city': 1, 'one_day': 1, 'wrong_date_time': 0, 'event': 'Pía Tedesco Y Coni Lechner', 'slug': 'pia-tedesco-y-coni-lechner', 'category': '__NOT_DEFINIED__', 'id_venue': 'Q6b6LRjT', 'venue': 'Sede Clasijazz', 'std_venue': 'Clasijazz', 'start_date': '2026-04-25', 'start_time': '20:30:00', 'end_date': '2026-04-25', 'end_time': '22:00:00', 'description': 'Sala Pirincipal | 20€ NS / 10€ S PÍA TEDESCO / CONI LECHNER (PIANO) CHANSON FRANCESA; BERTOLT BRECHT+ KURT WEILL La sonoridad del jazz y la elegancia de la chanson en un viaje musical exclusivo Bertolt Brecht, Kurt Weill, Edith Piaf, Charles Trenet, Barbara, Marie Dubas, Frèhel, Marguerite Deval y Prevert/Kosma Un programa que entreteje armonías intensas y melodías cantables con sonoridades jazzísticas impregnadas de poesía. Con una mirada contemporánea y una presencia escénica de gran sutileza, Pía Tedesco reinterpreta desde joyas olvidadas hasta clásicos inmortales, revelando la esencia íntima de los clubes europeos: espacios de libertad, sofisticación y emoción. En esta propuesta, la pianista Coni Lechner aporta un sonido exquisito y una sensibilidad refinada que dialoga con la voz y sostiene el universo expresivo del concierto, creando un tejido musical donde la palabra y el piano respiran al unísono. En el corazón de este repertorio brillan las icónicas colaboraciones entre Brecht y Weill. Este concierto es una experiencia estética y musical, reservada a escenarios que apuestan por la excelencia y por propuestas que dejan huella. Pía Tedesco Compositora, cantante, letrista, creadora escénica Pía Tedesco es una cantante, compositora, y creadora escénica. Nacida en Buenos Aires, desarrolla su carrera en España desde su llegada en 2001. Su amplia formación comprende desde la música, al arte dramático y la escritura. Inició sus estudios musicales a los 8 años en el renombrado Collegium Musicum de Buenos Aires. Ha estudiado canto, piano, composición, dramaturgia, dirección y escritura creativa. Ha dirigido y creado eventos y festivales tales como el Cabaret Flotante y el Festival Iberoamericano de Cabaret, y ha programado festivales y ciclos en diferentes espacios. Ha trabajado como asistente de dirección de Mario Gas, ha estrenado, dirigido y escrito cinco espectáculos musicales para el Teatro Fernán Gómez, ha editado un disco “Bordeaux, Historias de Cabaret” fruto de su investigación de las músicas ciudadanas en Europa, especialmente en los cabarets franceses de principio del siglo XX. Acaba de publicar trabajo discográfico “Celebración” en el que colaboran artistas como los Hermanos Cubero, Jorge Pardo, Zenet, Alexis Díaz Pimienta y Víctor Coyote, entre otros. Producido y grabado en 2023 en Madrid, España en Estudio Uno publicado por El Volcán Música. Actualmente de gira con sus proyectos: “Dos mujeres contrabajo”, repertorio de chanson francesa, repertorio de Bertolt Brecht + Kurt Weill, “Celebración”, y “Swings de ida y vuelta”. Coni Lechner Coni Lechner es una pianista multifacética que disfruta tocando todo tipo de música, desde la clásica, al pop, jazz o tango. Ha tocado en los escenarios más importantes del país (Auditorio Nacional, Teatro Real, Teatro de La Zarzuela, Teatros del Canal, Palau de la Música Catalana, Teatro Manuel de Falla…) y ha realizado giras a dúo con Antonio Serrano, como pianista del Ensamble Nuevo Tango y del Ballet Nacional de España (Japón, Canadá, USA, Francia…) Ha grabado un CD con Antonio Serrano, con el que también ha tocado en multitud de escenarios, entre otros, representando a España en la Expo de Dúbai 2022. Su proyecto personal es acercar la Música Clásica a los niños y niñas, para lo cual graba el CD Infancia&(«el mejor CD grabado para público infantil», según Martín Llade) y realiza el concierto pedagógico &quot;El Mini Concierto de Piano&quot;. También ha colaborado como pianista, en discos y en conciertos, con artistas de la talla de Ara Malikian, Javier Ruibal, la Compañía Ibérica de Danza y otros.', 'others': {'price': '10,00€ – 20,00€', 'category': 'Programación', 'location_url': 'https://clasijazz.com/local/sede-clasijazz/', 'location': 'Maestro Serrano 9, Almería'}, 'source': 'ClassicJazz', 'exec_time': '20260224T184649', 'session': '2026_02_24_18_31_Martes', 'image': 'https://clasijazz.com/wp-content/uploads/2025/11/Pia-Tedesco.jpg', 'url': 'https://clasijazz.com/evento/pia-tedesco-y-coni-lechner/'}
60 / 106
Getting https://clasijazz.com/evento/mini-jam/2026-04-24/
Sleep 4
2026-04-24T18:00:00 2026-04-24T19:00:00
--------------------
{'id': '4c2396d6', 'show': 1, 'in_city': 1, 'one_day': 1, 'wrong_date_time': 0, 'event': 'Mini Jam', 'slug': 'mini-jam', 'category': '__NOT_DEFINIED__', 'id_venue': 'Q6b6LRjT', 'venue': 'Sede Clasijazz', 'std_venue': 'Clasijazz', 'start_date': '2026-04-24', 'start_time': '18:00:00', 'end_date': '2026-04-24', 'end_time': '19:00:00', 'description': 'Entrada Libre | Sala Industrial Que importantes son las Mini Jams en Clasijazz. Generaciones se han criado con música y cantando desde chicos . Aquí tenéis todas las de este curso . Son gratuitas pero si quieres hacerte socio nos ayudarás a seguir con la ilusión por predicar la música para todas las edades.', 'others': {'price': '__NOT_DEFINIED__', 'category': 'Programación', 'location_url': 'https://clasijazz.com/local/sede-clasijazz/', 'location': 'Maestro Serrano 9, Almería'}, 'source': 'ClassicJazz', 'exec_time': '20260224T184649', 'session': '2026_02_24_18_31_Martes', 'image': 'https://clasijazz.com/wp-content/uploads/2026/01/PANA3644-scaled.jpg', 'url': 'https://clasijazz.com/evento/mini-jam/2026-04-24/'}
61 / 106
Getting https://clasijazz.com/evento/club-de-lectura-port-of-spain-2/
Sleep 4
2026-03-26T19:30:00 2026-03-26T21:00:00
--------------------
{'id': 'dfa99a84', 'show': 1, 'in_city': 1, 'one_day': 1, 'wrong_date_time': 0, 'event': 'Club De Lectura', 'slug': 'club-de-lectura', 'category': '__NOT_DEFINIED__', 'id_venue': 'ddgm4gQP', 'venue': 'Port Of Spain', 'std_venue': 'Port Of Spain', 'start_date': '2026-03-26', 'start_time': '19:30:00', 'end_date': '2026-03-26', 'end_time': '21:00:00', 'description': 'Port of Spain Entrada Libre Esta mes proponemos esta desgarradora historia de un soldado senegalés en las trincheras de la Primera Guerra Mundial. Alfa Ndiaye es senegalés y ha acabado combatiendo con el ejército francés en las trincheras de la Primera Guerra Mundial. En el mismo regimiento también lucha su amigo Mademba Diop, que es herido de gravedad en el frente. Cuando Mademba le pide que lo mate para evitar sufrimientos inútiles, Alfa se siente incapaz de cumplir su deseo.Escrita con una prosa hipnótica, esta desgarradora novela retrata el descenso a los infiernos de un joven soldado colonial en la Europa en guerra. Plasma el horror cotidiano de las trincheras, pero también evoca el mundo y los seres queridos que ha dejado atrás, e indaga en su identidad dividida. Una narración deslumbrante, sobrecogedora, inolvidable.', 'others': {'price': '__NOT_DEFINIED__', 'category': 'Programación', 'location_url': 'https://clasijazz.com/local/port-of-spain/', 'location': 'Parque Nicolás Salmeron 20, Almería'}, 'source': 'ClassicJazz', 'exec_time': '20260224T184649', 'session': '2026_02_24_18_31_Martes', 'image': 'https://clasijazz.com/wp-content/uploads/2026/01/WhatsApp-Image-2026-01-11-at-14.58.09.jpeg', 'url': 'https://clasijazz.com/evento/club-de-lectura-port-of-spain-2/'}
62 / 106
Getting https://clasijazz.com/evento/jam-funk-port-of-spain-5/2026-03-05/
Sleep 4
2026-03-05T22:00:00 2026-03-05T23:55:00
--------------------
{'id': '139981f3', 'show': 1, 'in_city': 1, 'one_day': 1, 'wrong_date_time': 0, 'event': 'Jam Funk', 'slug': 'jam-funk', 'category': '__NOT_DEFINIED__', 'id_venue': 'ddgm4gQP', 'venue': 'Port Of Spain', 'std_venue': 'Port Of Spain', 'start_date': '2026-03-05', 'start_time': '22:00:00', 'end_date': '2026-03-05', 'end_time': '23:55:00', 'description': 'Entrada Libre Port of Spain Una Jam Session increíble en ese entorno tan bonito del Port of Spain. Llena de Funk !', 'others': {'price': '__NOT_DEFINIED__', 'category': 'Programación', 'location_url': 'https://clasijazz.com/local/port-of-spain/', 'location': 'Parque Nicolás Salmeron 20, Almería'}, 'source': 'ClassicJazz', 'exec_time': '20260224T184649', 'session': '2026_02_24_18_31_Martes', 'image': 'https://clasijazz.com/wp-content/uploads/2025/08/jam_funky-2-3-3.jpg', 'url': 'https://clasijazz.com/evento/jam-funk-port-of-spain-5/2026-03-05/'}
63 / 106
Getting https://clasijazz.com/evento/jam-session-4/2026-03-18/
Sleep 4
2026-03-18T22:00:00 2026-03-18T23:30:00
--------------------
{'id': '175b5ad8', 'show': 1, 'in_city': 1, 'one_day': 1, 'wrong_date_time': 0, 'event': 'Jam Session', 'slug': 'jam-session', 'category': '__NOT_DEFINIED__', 'id_venue': 'Q6b6LRjT', 'venue': 'Sede Clasijazz', 'std_venue': 'Clasijazz', 'start_date': '2026-03-18', 'start_time': '22:00:00', 'end_date': '2026-03-18', 'end_time': '23:30:00', 'description': '3 € No Soci@ / gratuito Soci@ Sala Principal Cada miércoles puedes disfrutar de una Jam Session. Uno de los eventos más seguidos en Almería y por el que han pasado muchísimos músicos y público. ¡Disfruta de esta maravilla de Jam Session!', 'others': {'price': '__NOT_DEFINIED__', 'category': 'Programación', 'location_url': 'https://clasijazz.com/local/sede-clasijazz/', 'location': 'Maestro Serrano 9, Almería'}, 'source': 'ClassicJazz', 'exec_time': '20260224T184649', 'session': '2026_02_24_18_31_Martes', 'image': 'https://clasijazz.com/wp-content/uploads/2025/09/PANA5800-scaled.jpg', 'url': 'https://clasijazz.com/evento/jam-session-4/2026-03-18/'}
64 / 106
Getting https://clasijazz.com/evento/club-de-lecturas-del-mundo/
Sleep 4
2026-01-29T19:30:00 2026-01-29T21:00:00
--------------------
{'id': '700a7fa0', 'show': 1, 'in_city': 1, 'one_day': 1, 'wrong_date_time': 0, 'event': 'Club De Lecturas Del Mundo', 'slug': 'club-de-lecturas-del-mundo', 'category': '__NOT_DEFINIED__', 'id_venue': 'ddgm4gQP', 'venue': 'Port Of Spain', 'std_venue': 'Port Of Spain', 'start_date': '2026-01-29', 'start_time': '19:30:00', 'end_date': '2026-01-29', 'end_time': '21:00:00', 'description': 'Iniciamos el año en el club de lecturas del mundo con “Soy la daga y soy la herida” de la escritora colombiana Laura Restrepo. ¿Quién mata al verdugo? Esa es la pregunta vertiginosa. Abismo es un dios cruel, de cuyo capricho dependen la vida o la muerte, y Misericordia Dagger, verdugo metódico e inflexible, trabaja incondicionalmente bajo sus órdenes. Pero su obediencia se ve puesta a prueba cuando se enamora de la nieta de su próxima víctima. Esta novela es una extraordinaria parodia de los fieros tiempos actuales, marcados por el delirio de gobernantes autoritarios, irracionales y criminales. Tragicomedia universal, teatraliza cíclicas épocas de terror que anuncian el caos definitivo, o tal vez presagian un mundo nuevo. El protagonista, cortacabezas con visos deliciosamente humanos, cuenta sus propias vicisitudes, utilizando un ágil tono de novela gráfica e inaugurando un género literario radical, el brutal noir, entre lo histórico y lo mitológico, lo real y lo alucinado. Entrada Libre', 'others': {'price': '__NOT_DEFINIED__', 'category': 'Programación', 'location_url': 'https://clasijazz.com/local/port-of-spain/', 'location': 'Parque Nicolás Salmeron 20, Almería'}, 'source': 'ClassicJazz', 'exec_time': '20260224T184649', 'session': '2026_02_24_18_31_Martes', 'image': 'https://clasijazz.com/wp-content/uploads/2026/01/club_lecturas.jpeg', 'url': 'https://clasijazz.com/evento/club-de-lecturas-del-mundo/'}
65 / 106
Getting https://clasijazz.com/evento/noche-flamenca-port-of-spain/2026-03-26/
Sleep 4
2026-03-26T22:00:00 2026-03-26T23:30:00
--------------------
{'id': '11e8aded', 'show': 1, 'in_city': 1, 'one_day': 1, 'wrong_date_time': 0, 'event': 'Jueves Flamencos', 'slug': 'jueves-flamencos', 'category': '__NOT_DEFINIED__', 'id_venue': 'ddgm4gQP', 'venue': 'Port Of Spain', 'std_venue': 'Port Of Spain', 'start_date': '2026-03-26', 'start_time': '22:00:00', 'end_date': '2026-03-26', 'end_time': '23:30:00', 'description': 'Entrada Libre Port of Spain', 'others': {'price': '__NOT_DEFINIED__', 'category': 'Programación', 'location_url': 'https://clasijazz.com/local/port-of-spain/', 'location': 'Parque Nicolás Salmeron 20, Almería'}, 'source': 'ClassicJazz', 'exec_time': '20260224T184649', 'session': '2026_02_24_18_31_Martes', 'image': 'https://clasijazz.com/wp-content/uploads/2025/09/IMG_6688-scaled.jpg', 'url': 'https://clasijazz.com/evento/noche-flamenca-port-of-spain/2026-03-26/'}
66 / 106
Getting https://clasijazz.com/evento/jam-session-4/2026-03-04/
Sleep 4
2026-03-04T22:00:00 2026-03-04T23:30:00
--------------------
{'id': '0d215fca', 'show': 1, 'in_city': 1, 'one_day': 1, 'wrong_date_time': 0, 'event': 'Jam Session', 'slug': 'jam-session', 'category': '__NOT_DEFINIED__', 'id_venue': 'Q6b6LRjT', 'venue': 'Sede Clasijazz', 'std_venue': 'Clasijazz', 'start_date': '2026-03-04', 'start_time': '22:00:00', 'end_date': '2026-03-04', 'end_time': '23:30:00', 'description': '3 € No Soci@ / gratuito Soci@ Sala Principal Cada miércoles puedes disfrutar de una Jam Session. Uno de los eventos más seguidos en Almería y por el que han pasado muchísimos músicos y público. ¡Disfruta de esta maravilla de Jam Session!', 'others': {'price': '__NOT_DEFINIED__', 'category': 'Programación', 'location_url': 'https://clasijazz.com/local/sede-clasijazz/', 'location': 'Maestro Serrano 9, Almería'}, 'source': 'ClassicJazz', 'exec_time': '20260224T184649', 'session': '2026_02_24_18_31_Martes', 'image': 'https://clasijazz.com/wp-content/uploads/2025/09/PANA5800-scaled.jpg', 'url': 'https://clasijazz.com/evento/jam-session-4/2026-03-04/'}
67 / 106
Getting https://clasijazz.com/evento/daniel-garcia-trio/
Sleep 4
2026-03-27T22:00:00 2026-03-27T23:30:00
--------------------
{'id': '363d9aa0', 'show': 1, 'in_city': 1, 'one_day': 1, 'wrong_date_time': 0, 'event': 'Daniel García Trío', 'slug': 'daniel-garcia-trio', 'category': '__NOT_DEFINIED__', 'id_venue': 'Q6b6LRjT', 'venue': 'Sede Clasijazz', 'std_venue': 'Clasijazz', 'start_date': '2026-03-27', 'start_time': '22:00:00', 'end_date': '2026-03-27', 'end_time': '23:30:00', 'description': '25 € NS / 15 € S Sala Principal Por fin nos visita uno de los tríos más internacionales de España, Daniel Garcia Trío , donde va internacionalmente tiene unas críticas impresionantes . Es una experiencia única. Un grupazo Premio 2026 Plataforma Jazz España. DANIEL GARCIA TRIO Daniel García se ha convertido en una de las voces más originales e influyentes de la nueva generación del jazz español. Tras el éxito de sus dos últimos álbumes con el prestigioso sello alemán ACT, Daniel lanza su nuevo y muy esperado álbum, WONDERLAND. Acompañado por dos de los músicos más creativos e inquietos de la escena nacional, los cubanos Reinier Elizarde «El Negrón» y Michael Olivera, Daniel García alcanza la madurez plena tanto compositivamente como creativamente, consolidándose como uno de los músicos más prestigiosos del jazz europeo. Daniel García profundiza en la música de su tierra natal y combina sus influencias con el lenguaje del jazz contemporáneo, sin prejuicios al dejarse influenciar por otros géneros, desde la música clásica y contemporánea hasta la electrónica y el rock, manteniendo un estilo altamente personal y reconocible. El resultado es una música expresiva, con un carácter distintivo propio, donde la intensidad rítmica se alinea con la riqueza melódica y la armonía refinada en una música que es a la vez lírica y desafiante a partes iguales. Daniel García nació en Salamanca en 1983. De familia de músicos, desde el principio estuvo en contacto con una gran variedad de músicas, lo que favoreció una visión musical libre de prejuicios. Se licenció en el Conservatorio Superior de Música de Castilla y León, para posteriormente trasladarse a Boston, becado por Berklee College of Music, durante dos años. Allí recibe clases del pianista de jazz panameño Danilo Pérez, quien se convirtió en su mentor y tuvo una influencia decisiva en su desarrollo musical. “La sinceridad y el autoconocimiento son vitales en la música – dice García – sólo así puedes ir hasta el fondo de las cosas y encontrar tu propia forma de expresión artística, Danilo me mostró ese camino”. El éxito de García no tardó en llegar: en 2011 recibió el premio a la mejor interpretación de jazz en Berklee College. Posteriormente, tocó con músicos renombrados como Arturo Sandoval, Jorge Drexler o Greg Osby. A partir de ahí, Daniel se convirtió en una de las figuras más solicitadas de la escena del jazz español, tanto como pianista como productor, produciendo álbumes para artistas como Mariola Membrives y Marc Ribot (Lorca Spanish Songs, Karonte 2019), Antonio Lizana (Una Realidad Diferente, Warner 2020), o Antonio Carmona (Obras son amores, Universal 2017), nominado a los premios Grammy Latinos como álbum del año. La experiencia de años tocando juntos, hace que la interacción musical entre Daniel y sus compañeros de trío, sea fluida, profunda y casi telepática. “Cuando tocamos, todo el tiempo escuchamos la música que estamos haciendo. Constantemente estamos intercambiando información y reaccionando a ella. Es como si estuviéramos haciendo una escultura musical en tiempo real, una experiencia muy intensa en la que también participa el público”. Daniel es uno de los músicos más activos en la escena del jazz europeo. Ha sido nominado como «Mejor Artista Europeo 2024» por la Académie du Jazz de Francia. Ha tocado en algunos de los escenarios más importantes, como la Elbphilharmonie de Hamburgo, NDR Jazz Concerts, Ronnie Scott’s en Londres, National Radio Köln, Bimhuis Ámsterdam, Lantaren Venster en Róterdam, Teatro La Fenice en Venecia, Marciac, Rocher de Palmer en Burdeos, La Coursive en La Rochelle, Blue Note Place en Tokio, Düsseldorf Jazz Festival, Piano Festival en Katovice, Schloss Elmau, Festival Internacional de Jazz de Madrid o el Jarasum International Jazz Festival, entre muchos otros. VIDEOS Gate to the Land of Wonders Resistance Song Live in Bimhuis, Amsterdam 2023', 'others': {'price': '15,00€ – 25,00€', 'category': 'Programación', 'location_url': 'https://clasijazz.com/local/sede-clasijazz/', 'location': 'Maestro Serrano 9, Almería'}, 'source': 'ClassicJazz', 'exec_time': '20260224T184649', 'session': '2026_02_24_18_31_Martes', 'image': 'https://clasijazz.com/wp-content/uploads/2026/01/TRIO-Diego-Garcia--scaled.jpg', 'url': 'https://clasijazz.com/evento/daniel-garcia-trio/'}
68 / 106
Getting https://clasijazz.com/evento/concierto-homenaje-a-los-pioneros-del-rock/
Sleep 4
2026-04-05T18:00:00 2026-04-05T19:30:00
--------------------
{'id': 'a7dda527', 'show': 1, 'in_city': 1, 'one_day': 1, 'wrong_date_time': 0, 'event': 'Concierto Homenaje a Los Pioneros Del Rock', 'slug': 'concierto-homenaje-a-los-pioneros-del-rock', 'category': '__NOT_DEFINIED__', 'id_venue': 'Q6b6LRjT', 'venue': 'Sede Clasijazz', 'std_venue': 'Clasijazz', 'start_date': '2026-04-05', 'start_time': '18:00:00', 'end_date': '2026-04-05', 'end_time': '19:30:00', 'description': '15€ NS / 7€ S | Sala Principal Bat Sabbath (ributo Black Sabbath & Ozzy Osbourne) Black Zep (Tributo a Led Zeppelin)', 'others': {'price': '7,00€ – 15,00€', 'category': 'Programación', 'location_url': 'https://clasijazz.com/local/sede-clasijazz/', 'location': 'Maestro Serrano 9, Almería'}, 'source': 'ClassicJazz', 'exec_time': '20260224T184649', 'session': '2026_02_24_18_31_Martes', 'image': 'https://clasijazz.com/wp-content/uploads/2026/01/unnamed.png', 'url': 'https://clasijazz.com/evento/concierto-homenaje-a-los-pioneros-del-rock/'}
69 / 106
Getting https://clasijazz.com/evento/match-de-impro-3/
Sleep 4
2026-04-10T20:00:00 2026-04-10T21:30:00
--------------------
{'id': '85a5acee', 'show': 1, 'in_city': 1, 'one_day': 1, 'wrong_date_time': 0, 'event': 'Match De Impro', 'slug': 'match-de-impro', 'category': '__NOT_DEFINIED__', 'id_venue': 'Q6b6LRjT', 'venue': 'Sala Industrial Clasijazz', 'std_venue': 'Clasijazz', 'start_date': '2026-04-10', 'start_time': '20:00:00', 'end_date': '2026-04-10', 'end_time': '21:30:00', 'description': '3 € NS / GS Sala Industrial MATCH DE IMPRO Esta temporada, los alumnos de improvisación de la escuela Las Cruces Teatro / Clasijazz se enfrentarán una vez al mes en dos equipos por el favor del público creando historias delirantes improvisadas en el acto. No te las pierdas, la participación del público es clave en este show.', 'others': {'price': 'Free – 3,00€', 'category': 'Programación', 'location_url': 'https://clasijazz.com/local/sala-industrial-clasijazz/', 'location': 'Maestro Serrano 9, Almería'}, 'source': 'ClassicJazz', 'exec_time': '20260224T184649', 'session': '2026_02_24_18_31_Martes', 'image': 'https://clasijazz.com/wp-content/uploads/2026/01/WhatsApp-Image-2026-01-05-at-16.03.09.jpeg', 'url': 'https://clasijazz.com/evento/match-de-impro-3/'}
70 / 106
Getting https://clasijazz.com/evento/jam-session-4/2026-02-25/
Sleep 4
2026-02-25T22:00:00 2026-02-25T23:30:00
--------------------
{'id': '5c55e521', 'show': 1, 'in_city': 1, 'one_day': 1, 'wrong_date_time': 0, 'event': 'Jam Session', 'slug': 'jam-session', 'category': '__NOT_DEFINIED__', 'id_venue': 'Q6b6LRjT', 'venue': 'Sede Clasijazz', 'std_venue': 'Clasijazz', 'start_date': '2026-02-25', 'start_time': '22:00:00', 'end_date': '2026-02-25', 'end_time': '23:30:00', 'description': '3 € No Soci@ / gratuito Soci@ Sala Principal Cada miércoles puedes disfrutar de una Jam Session. Uno de los eventos más seguidos en Almería y por el que han pasado muchísimos músicos y público. ¡Disfruta de esta maravilla de Jam Session!', 'others': {'price': '__NOT_DEFINIED__', 'category': 'Programación', 'location_url': 'https://clasijazz.com/local/sede-clasijazz/', 'location': 'Maestro Serrano 9, Almería'}, 'source': 'ClassicJazz', 'exec_time': '20260224T184649', 'session': '2026_02_24_18_31_Martes', 'image': 'https://clasijazz.com/wp-content/uploads/2025/09/PANA5800-scaled.jpg', 'url': 'https://clasijazz.com/evento/jam-session-4/2026-02-25/'}
71 / 106
Getting https://clasijazz.com/evento/noche-flamenca-port-of-spain/2026-02-26/
Sleep 4
2026-02-26T22:00:00 2026-02-26T23:30:00
--------------------
{'id': 'efa78abd', 'show': 1, 'in_city': 1, 'one_day': 1, 'wrong_date_time': 0, 'event': 'Jueves Flamencos', 'slug': 'jueves-flamencos', 'category': '__NOT_DEFINIED__', 'id_venue': 'ddgm4gQP', 'venue': 'Port Of Spain', 'std_venue': 'Port Of Spain', 'start_date': '2026-02-26', 'start_time': '22:00:00', 'end_date': '2026-02-26', 'end_time': '23:30:00', 'description': 'Entrada Libre Port of Spain', 'others': {'price': '__NOT_DEFINIED__', 'category': 'Programación', 'location_url': 'https://clasijazz.com/local/port-of-spain/', 'location': 'Parque Nicolás Salmeron 20, Almería'}, 'source': 'ClassicJazz', 'exec_time': '20260224T184649', 'session': '2026_02_24_18_31_Martes', 'image': 'https://clasijazz.com/wp-content/uploads/2025/09/IMG_6688-scaled.jpg', 'url': 'https://clasijazz.com/evento/noche-flamenca-port-of-spain/2026-02-26/'}
72 / 106
Getting https://clasijazz.com/evento/peter-zak-trio/
Sleep 4
2026-04-14T22:00:00 2026-04-14T23:30:00
--------------------
{'id': 'bcfc8e5a', 'show': 1, 'in_city': 1, 'one_day': 1, 'wrong_date_time': 0, 'event': 'Peter Zak Trio', 'slug': 'peter-zak-trio', 'category': '__NOT_DEFINIED__', 'id_venue': 'Q6b6LRjT', 'venue': 'Sede Clasijazz', 'std_venue': 'Clasijazz', 'start_date': '2026-04-14', 'start_time': '22:00:00', 'end_date': '2026-04-14', 'end_time': '23:30:00', 'description': '20 € NS / 10 € S Sala Principal Uno de los pianistas más sorprendentes de Nueva York viene por primera vez a Clasijazz. No os lo perdáis. Un martes que viajamos a NY Peter Zak trio Peter Zak piano Ignasi González contrabajo Roger Gutiérrez batería PETER ZAK BIOGRAFÍA La grabación más reciente de Peter, “One Mind”, es algo así como una partida para él. La estrecha colaboración con el bajista Marcos Varela, define un cuarteto que también incluye a Billy Drummond en la batería y al aclamado saxofonista Seamus Blake. El álbum presenta varias composiciones y arreglos nuevos, y explora algunos caminos musicales sorprendentes. El bien recibido lanzamiento anterior de Peter, “Standards”, sigue siendo un ejemplo culminante de sus progresos como pianista de jazz y director de orquesta. Una sesión de trío que cuenta con su habitual colaborador, el baterista Billy Drummond, y un nuevo compañero de banda, el bajista Jay Anderson. La grabación demuestra la fluidez, el conocimiento y el dominio que ha desarrollado durante más de veinte años de actuaciones y grabaciones con algunos de los mejores músicos de jazz del mundo. Peter Zak nació el 13 de mayo de 1965 en Los Ángeles y creció en Columbus y Kent, Ohio. Cuando tenía cinco años, su madre le enseñó los conceptos básicos de interpretación del piano y de la lectura musical. Después de seis meses, comenzó unas clases privadas que se prolongaron durante una década, incluido un período con la pianista de concierto de renombre internacional Margaret Baxtresser. Después de que la familia se mudó a Oakland cuando Zak tenía 16 años, desarrolló un interés por el jazz cuando el director de la banda de su escuela secundaria le mostró cómo tocar los cambios de acordes de “Stella by Starlight”. Los estudios con Susan Muscarella, ahora presidenta del Conservatorio de Jazz de California, siguieron en UC Berkeley, donde también actuó con los UC Jazz Ensembles y obtuvo una licenciatura en historia. Pronto estaría dando conciertos por el norte de California con el saxofonista John Handy, entre otros. Desde que se mudó a Nueva York, ha actuado y / o grabado con Eddie Henderson, Junior Cook, George Coleman, Jimmy Cobb, Billy Hart, Ryan Kisor, Etta Jones, Scott Hamilton, Peter Bernstein, Al Foster, Eric Alexander, Curtis Stigers, Walt Weiskopf y Jon Hendricks, entre muchos otros. Peter también es miembro de la facultad en el renombrado programa de jazz en New School University. En 2005, Peter recibió una prestigiosa subvención de $ 10,000 de la Fundación Doris Duke y Chamber Music America, para componer e interpretar un nuevo trabajo para su trío de jazz, con Al Foster y Paul Gill. La primera de las dos actuaciones de esta suite de tres partes, tuvo lugar en el “Smoke Jazz Club”, y la segunda en la “Jazz Gallery”, ambas en la ciudad de Nueva York. Desde 2005, Peter ha lanzado una serie de grabaciones aclamadas por la crítica para el sello de jazz danés, “SteepleChase Records”. Su primer lanzamiento para la compañía, “The Peter Zak Trio”, con el baterista Al Foster y el bajista Paul Gill, apareció ese año. Los lanzamientos posteriores incluyen “For Tomorrow”, con Paul Gill y el baterista Willie Jones III, en 2006; un álbum para piano solo, “My Conception”, en 2007; “Seed Of Sin”, con Paul Gill y el baterista Quincy Davis, en 2008; “Blues on the Corner: The Music of McCoy Tyner”, de nuevo con Paul Gill y Quincy Davis, en 2009; y “The Decider”, un álbum de cuarteto que incluye a Walt Weiskopf al saxofón, Ugonna Okegwo al contrabajo y el baterista Billy Drummond. “Down East”, una cita de trío con Peter Washington y Billy Drummond, apareció en la primavera de 2011. Entre la prensa nacional e internacional, sobre este trabajo se encontraba un entusiasta artículo en la edición de septiembre de 2011 de la revista “DownBeat”. A este lanzamiento le siguieron “Nordic Noon”, en 2012, “The Eternal Triangle”, en 2013, y “The Disciple” en 2014, que alcanzó el número 2 en la lista de radio “Jazz Week”. Peter sigue bastante ocupado como sideman de grabación también. Sus docenas de créditos incluyen los recientes álbumes de Walt Weiskopf, Mike Richmond, Doug Webb, Stephen Riley y Tom Guarna, entre muchos otros. Peter dirige sus propios grupos en varios lugares en y alrededor de Nueva York, como Smalls, Mezzrow, The Kitano y Smoke, así como destacadas apariciones nacionales e internacionales, incluidas las recientes actuaciones en el Festival de Jazz de Copenhague, el festival de jazz de Zacatecas en México y una gira por Canadá como colíder con el saxofonista Walt Weiskopf. Al mismo tiempo, ha estado actuando regularmente como acompañante con una gran cantidad de otros artistas, incluidos Eddie Henderson, Jim Snidero, Peter Bernstein, Ryan Kisor, Jimmy Cobb, Walt Weiskopf, Carlos Abadie, Doug Webb y muchos otros, tanto en los Estados Unidos como a nivel internacional. En 2011, Peter actuó con la Filarmónica de Brooklyn como solista destacado en “I Got Rhythm Variations” de Gershwin. https://www.peterzakmusic.com', 'others': {'price': '10,00€ – 20,00€', 'category': 'Programación', 'location_url': 'https://clasijazz.com/local/sede-clasijazz/', 'location': 'Maestro Serrano 9, Almería'}, 'source': 'ClassicJazz', 'exec_time': '20260224T184649', 'session': '2026_02_24_18_31_Martes', 'image': 'https://clasijazz.com/wp-content/uploads/2026/01/Peter-Zak-2-scaled.jpg', 'url': 'https://clasijazz.com/evento/peter-zak-trio/'}
73 / 106
Getting https://clasijazz.com/evento/match-de-impro-2/
Sleep 4
2026-03-06T20:00:00 2026-03-06T21:15:00
--------------------
{'id': 'fc30f22e', 'show': 1, 'in_city': 1, 'one_day': 1, 'wrong_date_time': 0, 'event': 'Match De Impro', 'slug': 'match-de-impro', 'category': '__NOT_DEFINIED__', 'id_venue': 'Q6b6LRjT', 'venue': 'Sala Industrial Clasijazz', 'std_venue': 'Clasijazz', 'start_date': '2026-03-06', 'start_time': '20:00:00', 'end_date': '2026-03-06', 'end_time': '21:15:00', 'description': '3 € NS / GS Sala Industrial MATCH DE IMPRO Esta temporada, los alumnos de improvisación de la escuela Las Cruces Teatro / Clasijazz se enfrentarán una vez al mes en dos equipos por el favor del público creando historias delirantes improvisadas en el acto. No te las pierdas, la participación del público es clave en este show.', 'others': {'price': 'Free – 3,00€', 'category': 'Programación', 'location_url': 'https://clasijazz.com/local/sala-industrial-clasijazz/', 'location': 'Maestro Serrano 9, Almería'}, 'source': 'ClassicJazz', 'exec_time': '20260224T184649', 'session': '2026_02_24_18_31_Martes', 'image': 'https://clasijazz.com/wp-content/uploads/2026/01/WhatsApp-Image-2026-01-05-at-16.03.09.jpeg', 'url': 'https://clasijazz.com/evento/match-de-impro-2/'}
74 / 106
Getting https://clasijazz.com/evento/soy-otra-persona-tal-vez-mas-feliz-que-yo-cuentistas-vivas-y-muertas/2026-02-26/
Sleep 4
2026-02-26T21:00:00 2026-02-26T22:30:00
--------------------
{'id': 'e09cdc07', 'show': 1, 'in_city': 1, 'one_day': 1, 'wrong_date_time': 0, 'event': 'Soy Otra Persona, Tal Vez Más Feliz Que Yo: Cuentistas Vivas Y Muertas', 'slug': 'soy-otra-persona-tal-vez-mas-feliz-que-yo-cuentistas-vivas-y-muertas', 'category': '__NOT_DEFINIED__', 'id_venue': 'Q6b6LRjT', 'venue': 'Sede Clasijazz', 'std_venue': 'Clasijazz', 'start_date': '2026-02-26', 'start_time': '21:00:00', 'end_date': '2026-02-26', 'end_time': '22:30:00', 'description': 'Sala Principal Entrada Libre En el nuevo ciclo de Clásicos en clasijazz he elegido a una serie de autoras americanas cuyas obras recorren el siglo XX y los años transcurridos del XXI. Desde Silvina Ocampo hasta Samanta Schweblin escucharemos las voces poderosas de estas escritoras a través de uno de los géneros más emblemáticos de América: el cuento. Así pues, y sin olvidar la música tan esencial en cada una de nuestras sesiones, viajaremos, a través de sus relatos oníricos, misteriosos, únicos siempre, a México, Ecuador, Brasil, Uruguay y Argentina. Octubre, 30 : Silvina Ocampo, 1903-1993. Argentina Noviembre, 27: Elena Garro, 1916-1998, México Diciembre, 18: Clarice Lispector, 1920-1977, Brasil Enero, 22: Rosario Castellanos, 1925-1974, México Febrero, 26: Cristina Peri Rossi, 1941, Uruguay Marzo, 19: Mariana Enriquez, 1973, Argentina Abril, 16: María Fernanda Ampuero, 1976, Ecuador Mayo, 14: Fernanda Trías, 1976, Uruguay Junio, 11: Samanta Schweblin, 1978, Argentina', 'others': {'price': '__NOT_DEFINIED__', 'category': 'Programación', 'location_url': 'https://clasijazz.com/local/sede-clasijazz/', 'location': 'Maestro Serrano 9, Almería'}, 'source': 'ClassicJazz', 'exec_time': '20260224T184649', 'session': '2026_02_24_18_31_Martes', 'image': 'https://clasijazz.com/wp-content/uploads/2025/09/WhatsApp-Image-2025-10-03-at-20.11.17.jpeg', 'url': 'https://clasijazz.com/evento/soy-otra-persona-tal-vez-mas-feliz-que-yo-cuentistas-vivas-y-muertas/2026-02-26/'}
75 / 106
Getting https://clasijazz.com/evento/variaciones-2/
Sleep 4
2026-02-22T18:00:00 2026-02-22T19:30:00
--------------------
{'id': '95b973b4', 'show': 1, 'in_city': 1, 'one_day': 1, 'wrong_date_time': 0, 'event': 'Variaciones', 'slug': 'variaciones', 'category': '__NOT_DEFINIED__', 'id_venue': 'Q6b6LRjT', 'venue': 'Sede Clasijazz', 'std_venue': 'Clasijazz', 'start_date': '2026-02-22', 'start_time': '18:00:00', 'end_date': '2026-02-22', 'end_time': '19:30:00', 'description': 'Entrada Libre Sala Principal El grupo musical VARIACIONES celebrará un concierto especial con entrada gratuita en la sala principal de CLASIJAZZ en Almería el día domingo 22 de febrero de 2026 a las 18.00 horas. VARIACIONES tocará versiones de los grupos más míticos de los años 60 y 70, así como algunos temas de décadas posteriores. El grupo VARIACIONES está compuesto actualmente por las siguientes personas. Antonio López Berenguer, al bajo. Paco Góngora, a la guitarra y voz. Rafa Díaz, a los teclados. Justo Porras, a la voz y guitarras Francisco Tortosa, a la batería', 'others': {'price': '__NOT_DEFINIED__', 'category': 'Programación', 'location_url': 'https://clasijazz.com/local/sede-clasijazz/', 'location': 'Maestro Serrano 9, Almería'}, 'source': 'ClassicJazz', 'exec_time': '20260224T184649', 'session': '2026_02_24_18_31_Martes', 'image': 'https://clasijazz.com/wp-content/uploads/2026/01/WhatsApp-Image-2026-01-09-at-00.03.06.jpeg', 'url': 'https://clasijazz.com/evento/variaciones-2/'}
76 / 106
Getting https://clasijazz.com/evento/jam-session-4/2026-04-15/
Sleep 4
2026-04-15T22:00:00 2026-04-15T23:30:00
--------------------
{'id': 'c80dec37', 'show': 1, 'in_city': 1, 'one_day': 1, 'wrong_date_time': 0, 'event': 'Jam Session', 'slug': 'jam-session', 'category': '__NOT_DEFINIED__', 'id_venue': 'Q6b6LRjT', 'venue': 'Sede Clasijazz', 'std_venue': 'Clasijazz', 'start_date': '2026-04-15', 'start_time': '22:00:00', 'end_date': '2026-04-15', 'end_time': '23:30:00', 'description': '3 € No Soci@ / gratuito Soci@ Sala Principal Cada miércoles puedes disfrutar de una Jam Session. Uno de los eventos más seguidos en Almería y por el que han pasado muchísimos músicos y público. ¡Disfruta de esta maravilla de Jam Session!', 'others': {'price': '__NOT_DEFINIED__', 'category': 'Programación', 'location_url': 'https://clasijazz.com/local/sede-clasijazz/', 'location': 'Maestro Serrano 9, Almería'}, 'source': 'ClassicJazz', 'exec_time': '20260224T184649', 'session': '2026_02_24_18_31_Martes', 'image': 'https://clasijazz.com/wp-content/uploads/2025/09/PANA5800-scaled.jpg', 'url': 'https://clasijazz.com/evento/jam-session-4/2026-04-15/'}
77 / 106
Getting https://clasijazz.com/evento/elia-bastida-trio-aquarela/
Sleep 4
2026-02-20T21:00:00 2026-02-20T22:30:00
--------------------
{'id': 'c0dac2eb', 'show': 1, 'in_city': 1, 'one_day': 1, 'wrong_date_time': 0, 'event': 'Élia Bastida Trío «Aquarela»', 'slug': 'elia-bastida-trio-aquarela', 'category': '__NOT_DEFINIED__', 'id_venue': 'Q6b6LRjT', 'venue': 'Sede Clasijazz', 'std_venue': 'Clasijazz', 'start_date': '2026-02-20', 'start_time': '21:00:00', 'end_date': '2026-02-20', 'end_time': '22:30:00', 'description': '20 € NS / 10 € S Sala Principal Muchas ganas de que venga por fin Elia Bastida , una violinista única, y con tan pocos violinistas en el mundo que se dediquen al violin jazz. Y con nuestro querido Joan Chamorro , máxima referencia del Jazz y la Big Band director de la Sant Andreu Big Band galardonada en los premios Duke Ellington en Nueva York y el gran guitarrista Josep Traver nos visitan a Clasijazz. Èlia Bastida, violín, saxo y voz Josep Traver, guitarra Joan Chamorro, contrabajo El sexto álbum de Èila Bastida. Después de su exitoso disco “Tribute to Stéphane Grappelli”, este nuevo disco surgido de la necesidad de hacer un proyecto donde muestre todos los colores que forman su paleta musical. Es un disco que parte del violín y del jazz, sin dejar de lado su faceta de saxofonista y cantante, que también son una parte importante de su vida como músico. De aquí viene el título de este proyecto “Aquarela”, donde los colores de su universo brillan en su totalidad, expandiéndose también con algunos temas de composición propia y pasando por varios estilos musicales como jazz, bossa nova, bolero y tango, entre otros', 'others': {'price': '__NOT_DEFINIED__', 'category': 'Programación', 'location_url': 'https://clasijazz.com/local/sede-clasijazz/', 'location': 'Maestro Serrano 9, Almería'}, 'source': 'ClassicJazz', 'exec_time': '20260224T184649', 'session': '2026_02_24_18_31_Martes', 'image': 'https://clasijazz.com/wp-content/uploads/2026/01/Elia-Bastida-Trio_03-scaled.jpg', 'url': 'https://clasijazz.com/evento/elia-bastida-trio-aquarela/'}
78 / 106
Getting https://clasijazz.com/evento/ciclo-plant-based-baby-winter-menu/
Sleep 4
2026-02-21T14:00:00 2026-02-21T16:00:00
--------------------
{'id': '6d7fef9d', 'show': 1, 'in_city': 1, 'one_day': 1, 'wrong_date_time': 0, 'event': 'Ciclo «Plant Based, Baby» – WINTER MENU', 'slug': 'ciclo-plant-based-baby-winter-menu', 'category': '__NOT_DEFINIED__', 'id_venue': 'Q6b6LRjT', 'venue': 'Sede Clasijazz', 'std_venue': 'Clasijazz', 'start_date': '2026-02-21', 'start_time': '14:00:00', 'end_date': '2026-02-21', 'end_time': '16:00:00', 'description': 'Menú degustación el Sábado, 21 de Febrero, de 14:00h a 16:00h, 25€ persona, necesario reserva anticipada en www.clasijazz.com EntranteBruschetta de espinacas, champiñones y keso con zanahorias glaseadas PrimeroBorsh reconfortante con veganesa de eneldo SegundoCanelones de Heüra y espárragos con bechamel de coliflor y almendras PostrePudding proteico de vainilla, chocolate y galleta 2 bebidas incluidas Café – Tertulia a las 16:00h, acceso libre «Experiencias Antiespecistas» con la participación de la Asamblea Antiespecista de Almería ¡Plazas limitadas! ¡Reserva antes de que se agoten!Clasijazz – C/ Maestro Serrano, 9, Almería', 'others': {'price': '__NOT_DEFINIED__', 'category': 'Programación', 'location_url': 'https://clasijazz.com/local/sede-clasijazz/', 'location': 'Maestro Serrano 9, Almería'}, 'source': 'ClassicJazz', 'exec_time': '20260224T184649', 'session': '2026_02_24_18_31_Martes', 'image': 'https://clasijazz.com/wp-content/uploads/2026/02/WhatsApp-Image-2026-02-10-at-09.59.05.jpeg', 'url': 'https://clasijazz.com/evento/ciclo-plant-based-baby-winter-menu/'}
79 / 106
Getting https://clasijazz.com/evento/rock-folk-greetings-port-of-spain/
Sleep 4
2026-01-30T21:00:00 2026-01-30T23:30:00
--------------------
{'id': 'fc8dfe81', 'show': 1, 'in_city': 1, 'one_day': 1, 'wrong_date_time': 0, 'event': 'Rock & Folk “Greetings”', 'slug': 'rock-folk-greetings', 'category': '__NOT_DEFINIED__', 'id_venue': 'ddgm4gQP', 'venue': 'Port Of Spain', 'std_venue': 'Port Of Spain', 'start_date': '2026-01-30', 'start_time': '21:00:00', 'end_date': '2026-01-30', 'end_time': '23:30:00', 'description': '5 € NS / 2 € S Port of Spain Disfruta con los almerienses «Greetings» de toda la energía y pasión de la música Rock y Folk. Una banda en directo que nos invita a cantar y bailar, recorriendo las canciones populares de nuestros grupos favoritos, compartiendo el pop-rock en castellano, la música americana y el Folk irlandés. Desde nuestro único «Port Of Spain» al mundo! Entradas: Rock & Folk “Greetings”', 'others': {'price': '__NOT_DEFINIED__', 'category': 'Programación', 'location_url': 'https://clasijazz.com/local/port-of-spain/', 'location': 'Parque Nicolás Salmeron 20, Almería'}, 'source': 'ClassicJazz', 'exec_time': '20260224T184649', 'session': '2026_02_24_18_31_Martes', 'image': 'https://clasijazz.com/wp-content/uploads/2026/01/WhatsApp-Image-2025-11-06-at-22.53.49-1.jpeg', 'url': 'https://clasijazz.com/evento/rock-folk-greetings-port-of-spain/'}
80 / 106
Getting https://clasijazz.com/evento/match-de-impro-6/
Sleep 4
2026-02-06T20:00:00 2026-02-06T21:00:00
--------------------
{'id': '8f61d99f', 'show': 1, 'in_city': 1, 'one_day': 1, 'wrong_date_time': 0, 'event': 'Match De Impro', 'slug': 'match-de-impro', 'category': '__NOT_DEFINIED__', 'id_venue': 'Q6b6LRjT', 'venue': 'Sala Industrial Clasijazz', 'std_venue': 'Clasijazz', 'start_date': '2026-02-06', 'start_time': '20:00:00', 'end_date': '2026-02-06', 'end_time': '21:00:00', 'description': '3 € NS / GS Sala Industrial MATCH DE IMPRO Esta temporada, los alumnos de improvisación de la escuela Las Cruces Teatro / Clasijazz se enfrentarán una vez al mes en dos equipos por el favor del público creando historias delirantes improvisadas en el acto. No te las pierdas, la participación del público es clave en este show.', 'others': {'price': '__NOT_DEFINIED__', 'category': 'Programación', 'location_url': 'https://clasijazz.com/local/sala-industrial-clasijazz/', 'location': 'Maestro Serrano 9, Almería'}, 'source': 'ClassicJazz', 'exec_time': '20260224T184649', 'session': '2026_02_24_18_31_Martes', 'image': 'https://clasijazz.com/wp-content/uploads/2026/01/WhatsApp-Image-2026-01-05-at-16.03.09.jpeg', 'url': 'https://clasijazz.com/evento/match-de-impro-6/'}
81 / 106
Getting https://clasijazz.com/evento/sesion-atlantica/2026-02-13/
Sleep 4
2026-02-13T__NOT_FOUND__ 2026-02-13T__NOT_FOUND__
--------------------
{'id': '7599798f', 'show': 1, 'in_city': 1, 'one_day': '__ERROR__', 'wrong_date_time': 1, 'event': 'Sesión Atlántica', 'slug': 'sesion-atlantica', 'category': '__NOT_DEFINIED__', 'id_venue': 'ddgm4gQP', 'venue': 'Port Of Spain', 'std_venue': 'Port Of Spain', 'start_date': '2026-02-13', 'start_time': '__NOT_FOUND__', 'end_date': '2026-02-13', 'end_time': '__NOT_FOUND__', 'description': 'Entrada libre hasta completar aforo. Las Sesiones Atlánticas son un punto de encuentro entre amigos, músicos invitados y artistas locales, dentro del nuevo Ciclo Atlántico de Clasijazz: un viaje musical por las tradiciones y los sonidos del arco atlántico. Ven a disfrutar de esta travesía por las costas del norte a través de un abanico de sonidos emocionante, evocador y lleno de historias. El punto de partida será siempre el repertorio irlandés, pero la sesión está abierta a todas las tradiciones del arco atlántico (gallega, escocesa, asturiana, bretona, etc.). En cada edición de la Sesión Atlántica, la formación invitada aportará los matices y colores propios de su tradición. Es una sesión abierta de música estrictamente tradicional en la que cualquier músico puede participar siempre que se estudie la etiqueta básica y el repertorio recomendado en la web de la sesión.', 'others': {'price': '__NOT_DEFINIED__', 'category': 'Ciclo Atlántico, Programación', 'location_url': 'https://clasijazz.com/local/port-of-spain/', 'location': 'Parque Nicolás Salmeron 20, Almería'}, 'source': 'ClassicJazz', 'exec_time': '20260224T184649', 'session': '2026_02_24_18_31_Martes', 'image': 'https://clasijazz.com/wp-content/uploads/2025/09/sesion-atlantica-copy-banner-scaled.jpg', 'url': 'https://clasijazz.com/evento/sesion-atlantica/2026-02-13/'}
82 / 106
Getting https://clasijazz.com/evento/todos-los-eventos-audiciones-de-piano-alumnos-de-miguel-rosales/
Sleep 4
2026-01-31T12:00:00 2026-01-31T13:30:00
--------------------
{'id': '6357a38f', 'show': 1, 'in_city': 1, 'one_day': 1, 'wrong_date_time': 0, 'event': 'Audiciones De Piano Alumnos De Miguel Rosales', 'slug': 'audiciones-de-piano-alumnos-de-miguel-rosales', 'category': '__NOT_DEFINIED__', 'id_venue': 'Q6b6LRjT', 'venue': 'Sede Clasijazz', 'std_venue': 'Clasijazz', 'start_date': '2026-01-31', 'start_time': '12:00:00', 'end_date': '2026-01-31', 'end_time': '13:30:00', 'description': 'Sala Principal Entrada Libre Otro año más con ilusión los alumnos de piano hacen su concierto en la sala Principal de Clasijazz donde han tocado leyendas de la música y tenemos un piano de cola firmado por Sokolov ni más ni menos. No faltéis y apuntaros a la Escuela de Música de Clasijazz. 640 06 11 71 + información..', 'others': {'price': '__NOT_DEFINIED__', 'category': 'Programación', 'location_url': 'https://clasijazz.com/local/sede-clasijazz/', 'location': 'Maestro Serrano 9, Almería'}, 'source': 'ClassicJazz', 'exec_time': '20260224T184649', 'session': '2026_02_24_18_31_Martes', 'image': 'https://clasijazz.com/wp-content/uploads/2026/01/WhatsApp-Image-2025-12-31-at-17.22.06.jpeg', 'url': 'https://clasijazz.com/evento/todos-los-eventos-audiciones-de-piano-alumnos-de-miguel-rosales/'}
83 / 106
Getting https://clasijazz.com/evento/mini-jam/2026-03-20/
Sleep 4
2026-03-20T18:00:00 2026-03-20T19:00:00
--------------------
{'id': '4a275c0c', 'show': 1, 'in_city': 1, 'one_day': 1, 'wrong_date_time': 0, 'event': 'Mini Jam', 'slug': 'mini-jam', 'category': '__NOT_DEFINIED__', 'id_venue': 'Q6b6LRjT', 'venue': 'Sede Clasijazz', 'std_venue': 'Clasijazz', 'start_date': '2026-03-20', 'start_time': '18:00:00', 'end_date': '2026-03-20', 'end_time': '19:00:00', 'description': 'Entrada Libre | Sala Industrial Que importantes son las Mini Jams en Clasijazz. Generaciones se han criado con música y cantando desde chicos . Aquí tenéis todas las de este curso . Son gratuitas pero si quieres hacerte socio nos ayudarás a seguir con la ilusión por predicar la música para todas las edades.', 'others': {'price': '__NOT_DEFINIED__', 'category': 'Programación', 'location_url': 'https://clasijazz.com/local/sede-clasijazz/', 'location': 'Maestro Serrano 9, Almería'}, 'source': 'ClassicJazz', 'exec_time': '20260224T184649', 'session': '2026_02_24_18_31_Martes', 'image': 'https://clasijazz.com/wp-content/uploads/2026/01/PANA3644-scaled.jpg', 'url': 'https://clasijazz.com/evento/mini-jam/2026-03-20/'}
84 / 106
Getting https://clasijazz.com/evento/lxxxviii-velorio-poetico/
Sleep 4
2026-02-05T20:00:00 2026-02-05T21:30:00
--------------------
{'id': 'b8e71820', 'show': 1, 'in_city': 1, 'one_day': 1, 'wrong_date_time': 0, 'event': 'LXXXVIII Velorio Poético', 'slug': 'lxxxviii-velorio-poetico', 'category': '__NOT_DEFINIED__', 'id_venue': 'Q6b6LRjT', 'venue': 'Sede Clasijazz', 'std_venue': 'Clasijazz', 'start_date': '2026-02-05', 'start_time': '20:00:00', 'end_date': '2026-02-05', 'end_time': '21:30:00', 'description': 'Entrada Libre | Sala Principal', 'others': {'price': '__NOT_DEFINIED__', 'category': 'Programación', 'location_url': 'https://clasijazz.com/local/sede-clasijazz/', 'location': 'Maestro Serrano 9, Almería'}, 'source': 'ClassicJazz', 'exec_time': '20260224T184649', 'session': '2026_02_24_18_31_Martes', 'image': 'https://clasijazz.com/wp-content/uploads/2026/01/WhatsApp-Image-2026-01-19-at-13.17.53.jpeg', 'url': 'https://clasijazz.com/evento/lxxxviii-velorio-poetico/'}
85 / 106
Getting https://clasijazz.com/evento/jam-session-4/2026-01-28/
Sleep 4
2026-01-28T22:00:00 2026-01-28T23:30:00
--------------------
{'id': '5498199b', 'show': 1, 'in_city': 1, 'one_day': 1, 'wrong_date_time': 0, 'event': 'Jam Session', 'slug': 'jam-session', 'category': '__NOT_DEFINIED__', 'id_venue': 'Q6b6LRjT', 'venue': 'Sede Clasijazz', 'std_venue': 'Clasijazz', 'start_date': '2026-01-28', 'start_time': '22:00:00', 'end_date': '2026-01-28', 'end_time': '23:30:00', 'description': '3 € No Soci@ / gratuito Soci@ Sala Principal Cada miércoles puedes disfrutar de una Jam Session. Uno de los eventos más seguidos en Almería y por el que han pasado muchísimos músicos y público. ¡Disfruta de esta maravilla de Jam Session!', 'others': {'price': '__NOT_DEFINIED__', 'category': 'Programación', 'location_url': 'https://clasijazz.com/local/sede-clasijazz/', 'location': 'Maestro Serrano 9, Almería'}, 'source': 'ClassicJazz', 'exec_time': '20260224T184649', 'session': '2026_02_24_18_31_Martes', 'image': 'https://clasijazz.com/wp-content/uploads/2025/09/PANA5800-scaled.jpg', 'url': 'https://clasijazz.com/evento/jam-session-4/2026-01-28/'}
86 / 106
Getting https://clasijazz.com/evento/dj-eli-david-rockin-port-of-spain-8/2026-03-07/
Sleep 4
2026-03-07T18:00:00 2026-03-07T22:00:00
--------------------
{'id': '42824615', 'show': 1, 'in_city': 1, 'one_day': 1, 'wrong_date_time': 0, 'event': 'Dj Eli & David Rockin', 'slug': 'dj-eli-david-rockin', 'category': '__NOT_DEFINIED__', 'id_venue': 'ddgm4gQP', 'venue': 'Port Of Spain', 'std_venue': 'Port Of Spain', 'start_date': '2026-03-07', 'start_time': '18:00:00', 'end_date': '2026-03-07', 'end_time': '22:00:00', 'description': 'Port of Spain Entrada Libre Dj Eli & David Rockin Eli y David se baten en un duelo de vinilos al más puro estilo rock’n’roll, rithm & blues, soul, ska… No te lo puedes perder', 'others': {'price': '__NOT_DEFINIED__', 'category': 'Programación', 'location_url': 'https://clasijazz.com/local/port-of-spain/', 'location': 'Parque Nicolás Salmeron 20, Almería'}, 'source': 'ClassicJazz', 'exec_time': '20260224T184649', 'session': '2026_02_24_18_31_Martes', 'image': 'https://clasijazz.com/wp-content/uploads/2025/08/Gemini_Generated_Image_7452c57452c57452.jpg', 'url': 'https://clasijazz.com/evento/dj-eli-david-rockin-port-of-spain-8/2026-03-07/'}
87 / 106
Getting https://clasijazz.com/evento/big-band-del-conservatorio-de-almeria-julian-arcas/
Sleep 4
2026-01-26T20:00:00 2026-01-26T21:30:00
--------------------
{'id': '836ab27d', 'show': 1, 'in_city': 1, 'one_day': 1, 'wrong_date_time': 0, 'event': 'Big Band Del Conservatorio De Almería “Julián Arcas”', 'slug': 'big-band-del-conservatorio-de-almeria-julian-arcas', 'category': '__NOT_DEFINIED__', 'id_venue': 'Q6b6LRjT', 'venue': 'Sede Clasijazz', 'std_venue': 'Clasijazz', 'start_date': '2026-01-26', 'start_time': '20:00:00', 'end_date': '2026-01-26', 'end_time': '21:30:00', 'description': 'Entrada Libre | Sala Principal', 'others': {'price': '__NOT_DEFINIED__', 'category': 'Programación', 'location_url': 'https://clasijazz.com/local/sede-clasijazz/', 'location': 'Maestro Serrano 9, Almería'}, 'source': 'ClassicJazz', 'exec_time': '20260224T184649', 'session': '2026_02_24_18_31_Martes', 'image': 'https://clasijazz.com/wp-content/uploads/2026/01/Captura-de-pantalla-2026-01-25-114606.jpg', 'url': 'https://clasijazz.com/evento/big-band-del-conservatorio-de-almeria-julian-arcas/'}
88 / 106
Getting https://clasijazz.com/evento/carnaval-karaoke-port-of-spain/
Sleep 4
2026-02-20T22:00:00 2026-02-20T23:30:00
--------------------
{'id': '83e39b3b', 'show': 1, 'in_city': 1, 'one_day': 1, 'wrong_date_time': 0, 'event': 'Carnaval Karaoke', 'slug': 'carnaval-karaoke', 'category': '__NOT_DEFINIED__', 'id_venue': 'ddgm4gQP', 'venue': 'Port Of Spain', 'std_venue': 'Port Of Spain', 'start_date': '2026-02-20', 'start_time': '22:00:00', 'end_date': '2026-02-20', 'end_time': '23:30:00', 'description': 'Port of Spain | Entrada Libre CARNAVAL KARAOKE – JAM WITH US ✨ After Casting Party Viernes 20 de febrero Desde las 22:00 h Port Of Spain · Almería Tras el casting oficial… ¡seguimos la fiesta! Llega una noche única de Karaoke Internacional + Open Mic + Jam Session, en un ambiente multitemático y carnavalero, inspirado en el Carnaval de Venecia. Ven con máscara, colores, brillo o disfraz Canta, improvisa, comparte escenario Idiomas, estilos y culturas mezcladas ✨ Diversión, música y buen rollo asegurados Jam With Us Micrófono abierto Karaoke para todos Vive la experiencia Más info: @AllStarsTalentFestival 633 120 150 · 686 273 681 ¡El talento no tiene límites! Déjate sorprender', 'others': {'price': '__NOT_DEFINIED__', 'category': 'Programación', 'location_url': 'https://clasijazz.com/local/port-of-spain/', 'location': 'Parque Nicolás Salmeron 20, Almería'}, 'source': 'ClassicJazz', 'exec_time': '20260224T184649', 'session': '2026_02_24_18_31_Martes', 'image': 'https://clasijazz.com/wp-content/uploads/2026/02/Captura-de-pantalla-2026-02-03-150034.jpg', 'url': 'https://clasijazz.com/evento/carnaval-karaoke-port-of-spain/'}
89 / 106
Getting https://clasijazz.com/evento/disconcierto-gumbo-yaya-mardi-gras/
Sleep 4
2026-02-14T18:00:00 2026-02-14T22:00:00
--------------------
{'id': '9c2911f9', 'show': 1, 'in_city': 1, 'one_day': 1, 'wrong_date_time': 0, 'event': 'Disconcierto Gumbo Yaya (Mardi Gras)', 'slug': 'disconcierto-gumbo-yaya-mardi-gras', 'category': '__NOT_DEFINIED__', 'id_venue': 'Q6b6LRjT', 'venue': 'Sede Clasijazz', 'std_venue': 'Clasijazz', 'start_date': '2026-02-14', 'start_time': '18:00:00', 'end_date': '2026-02-14', 'end_time': '22:00:00', 'description': 'Sala Industrial | Entrada Libre', 'others': {'price': '__NOT_DEFINIED__', 'category': 'Programación', 'location_url': 'https://clasijazz.com/local/sede-clasijazz/', 'location': 'Maestro Serrano 9, Almería'}, 'source': 'ClassicJazz', 'exec_time': '20260224T184649', 'session': '2026_02_24_18_31_Martes', 'image': 'https://clasijazz.com/wp-content/uploads/2026/02/WhatsApp-Image-2026-02-03-at-12.39.17.jpeg', 'url': 'https://clasijazz.com/evento/disconcierto-gumbo-yaya-mardi-gras/'}
90 / 106
Getting https://clasijazz.com/evento/casting-all-star-talent-festival/
Sleep 4
2026-02-20T20:00:00 2026-02-20T22:00:00
--------------------
{'id': '2f16a5c7', 'show': 1, 'in_city': 1, 'one_day': 1, 'wrong_date_time': 0, 'event': 'Casting – All Star Talent Festival', 'slug': 'casting-all-star-talent-festival', 'category': '__NOT_DEFINIED__', 'id_venue': 'ddgm4gQP', 'venue': 'Port Of Spain', 'std_venue': 'Port Of Spain', 'start_date': '2026-02-20', 'start_time': '20:00:00', 'end_date': '2026-02-20', 'end_time': '22:00:00', 'description': 'Port of Spain – Entrada Libre CASTING · ALL STARS TALENT FESTIVAL 20 de Febrero 20:00 h Port Of Spain – Almería ¿Eres cantante, monologuista, mago, ilusionista o artista escénico? Esta es tu oportunidad de formar parte del All Stars Talent Festival. ⚠️ IMPORTANTE Antes del casting presencial es OBLIGATORIO realizar un pre-casting online. ¿Cómo participar? 1️⃣ Contacta por WhatsApp 633 120 150 / 686 273 681 ó Registro online: www.allstarstalentfestival.com www.caststars.tv 2️⃣ Envía tus datos, fotos y vídeo 3️⃣ Si eres preseleccionado/a, recibirás cita previa para el casting presencial. Casting delante de cámara y público Entrada libre ✨ Vive una experiencia artística única', 'others': {'price': '__NOT_DEFINIED__', 'category': 'Programación', 'location_url': 'https://clasijazz.com/local/port-of-spain/', 'location': 'Parque Nicolás Salmeron 20, Almería'}, 'source': 'ClassicJazz', 'exec_time': '20260224T184649', 'session': '2026_02_24_18_31_Martes', 'image': 'https://clasijazz.com/wp-content/uploads/2026/01/IMG-20260128-WA0007.jpg', 'url': 'https://clasijazz.com/evento/casting-all-star-talent-festival/'}
91 / 106
Getting https://clasijazz.com/evento/dj-eli-david-rockin-port-of-spain-8/2026-02-21/
Sleep 4
2026-02-21T18:00:00 2026-02-21T22:00:00
--------------------
{'id': '94df670d', 'show': 1, 'in_city': 1, 'one_day': 1, 'wrong_date_time': 0, 'event': 'Dj Eli & David Rockin', 'slug': 'dj-eli-david-rockin', 'category': '__NOT_DEFINIED__', 'id_venue': 'ddgm4gQP', 'venue': 'Port Of Spain', 'std_venue': 'Port Of Spain', 'start_date': '2026-02-21', 'start_time': '18:00:00', 'end_date': '2026-02-21', 'end_time': '22:00:00', 'description': 'Port of Spain Entrada Libre Dj Eli & David Rockin Eli y David se baten en un duelo de vinilos al más puro estilo rock’n’roll, rithm & blues, soul, ska… No te lo puedes perder', 'others': {'price': '__NOT_DEFINIED__', 'category': 'Programación', 'location_url': 'https://clasijazz.com/local/port-of-spain/', 'location': 'Parque Nicolás Salmeron 20, Almería'}, 'source': 'ClassicJazz', 'exec_time': '20260224T184649', 'session': '2026_02_24_18_31_Martes', 'image': 'https://clasijazz.com/wp-content/uploads/2025/08/Gemini_Generated_Image_7452c57452c57452.jpg', 'url': 'https://clasijazz.com/evento/dj-eli-david-rockin-port-of-spain-8/2026-02-21/'}
92 / 106
Getting https://clasijazz.com/evento/tarde-de-radio-port-of-spain/
Sleep 4
2026-02-07T20:00:00 2026-02-07T21:30:00
--------------------
{'id': '55b2cca8', 'show': 1, 'in_city': 1, 'one_day': 1, 'wrong_date_time': 0, 'event': 'Tarde De Radio', 'slug': 'tarde-de-radio', 'category': '__NOT_DEFINIED__', 'id_venue': 'ddgm4gQP', 'venue': 'Port Of Spain', 'std_venue': 'Port Of Spain', 'start_date': '2026-02-07', 'start_time': '20:00:00', 'end_date': '2026-02-07', 'end_time': '21:30:00', 'description': '12€ NS / 5€ S Asiste como público a una tarde vibrante en la radio con Jacinto Dial: cultura, deportes y actualidad social. No quedará tema sin tratar ni títere con cabeza. ¡Qué tiemblen las ondas! Entradas_: Tarde de Radio', 'others': {'price': '__NOT_DEFINIED__', 'category': 'Programación', 'location_url': 'https://clasijazz.com/local/port-of-spain/', 'location': 'Parque Nicolás Salmeron 20, Almería'}, 'source': 'ClassicJazz', 'exec_time': '20260224T184649', 'session': '2026_02_24_18_31_Martes', 'image': 'https://clasijazz.com/wp-content/uploads/2025/11/martin.jpeg', 'url': 'https://clasijazz.com/evento/tarde-de-radio-port-of-spain/'}
93 / 106
Getting https://clasijazz.com/evento/jam-session-4/2026-04-01/
Sleep 4
2026-04-01T22:00:00 2026-04-01T23:30:00
--------------------
{'id': '83aa7307', 'show': 1, 'in_city': 1, 'one_day': 1, 'wrong_date_time': 0, 'event': 'Jam Session', 'slug': 'jam-session', 'category': '__NOT_DEFINIED__', 'id_venue': 'Q6b6LRjT', 'venue': 'Sede Clasijazz', 'std_venue': 'Clasijazz', 'start_date': '2026-04-01', 'start_time': '22:00:00', 'end_date': '2026-04-01', 'end_time': '23:30:00', 'description': '3 € No Soci@ / gratuito Soci@ Sala Principal Cada miércoles puedes disfrutar de una Jam Session. Uno de los eventos más seguidos en Almería y por el que han pasado muchísimos músicos y público. ¡Disfruta de esta maravilla de Jam Session!', 'others': {'price': '__NOT_DEFINIED__', 'category': 'Programación', 'location_url': 'https://clasijazz.com/local/sede-clasijazz/', 'location': 'Maestro Serrano 9, Almería'}, 'source': 'ClassicJazz', 'exec_time': '20260224T184649', 'session': '2026_02_24_18_31_Martes', 'image': 'https://clasijazz.com/wp-content/uploads/2025/09/PANA5800-scaled.jpg', 'url': 'https://clasijazz.com/evento/jam-session-4/2026-04-01/'}
94 / 106
Getting https://clasijazz.com/evento/triplanetas-3/
Sleep 4
2026-02-04T20:00:00 2026-02-04T21:15:00
--------------------
{'id': '8be05d2c', 'show': 1, 'in_city': 1, 'one_day': 1, 'wrong_date_time': 0, 'event': 'Triplanetas', 'slug': 'triplanetas', 'category': '__NOT_DEFINIED__', 'id_venue': 'Q6b6LRjT', 'venue': 'Sede Clasijazz', 'std_venue': 'Clasijazz', 'start_date': '2026-02-04', 'start_time': '20:00:00', 'end_date': '2026-02-04', 'end_time': '21:15:00', 'description': '20 € NS / 10 € S Sala Principal Por fin organizamos un Seminario de grandísima importancia para Andalucia . Es la primera vez que se organiza un Seminario del European Jazz Network en Andalucia y en dos ocasiones solo en España. EJN es la organización más importante que alberga las organizaciones más importantes de Jazz de Europa y los programadores y demás. Con lo que Almería va a ser el foco del Jazz Europeo del 4 al 6 de Febrero de 2026. No os perdias a uno de los grupos más increíbles del panorama nacional y ganadores de numerosos premios, y la alegría de que surgiera en Almería. TRIPLANETAS El mar del Alborán y el desierto de Almería han cautivado y reunido a este maravilloso trío de jazz formado por Daahoud Salim al piano, Bori Albero al contrabajo, y Julián Sánchez a la trompeta. TRIPLANETAS es el nombre de esta unión singular, como si de una alineación de tres planeta se tratara, musicalmente extraordinaria.Cada uno de ellos posee una dilatada experiencia dentro de la escena del mejor jazz nacional e internacional a día de hoy. El trío presenta temas propios en su mayoría a través de los cuales, sus presentaciones están llenas de máxima energía y emoción.', 'others': {'price': '10,00€ – 20,00€', 'category': 'Programación', 'location_url': 'https://clasijazz.com/local/sede-clasijazz/', 'location': 'Maestro Serrano 9, Almería'}, 'source': 'ClassicJazz', 'exec_time': '20260224T184649', 'session': '2026_02_24_18_31_Martes', 'image': 'https://clasijazz.com/wp-content/uploads/2026/01/triplanetas-.jpeg', 'url': 'https://clasijazz.com/evento/triplanetas-3/'}
95 / 106
Getting https://clasijazz.com/evento/taller-de-danza-k-pop-3/
Sleep 4
2026-02-13T18:00:00 2026-02-13T19:30:00
--------------------
{'id': '3bda77c7', 'show': 1, 'in_city': 1, 'one_day': 1, 'wrong_date_time': 0, 'event': 'CANCELADO – Taller De Danza K-Pop', 'slug': 'cancelado-taller-de-danza-k-pop', 'category': '__NOT_DEFINIED__', 'id_venue': 'Q6b6LRjT', 'venue': 'Sede Clasijazz', 'std_venue': 'Clasijazz', 'start_date': '2026-02-13', 'start_time': '18:00:00', 'end_date': '2026-02-13', 'end_time': '19:30:00', 'description': 'Entrada Libre Sala Swing ES ¡Únete de nuevo a nuestro cuarto taller de baile de K-pop! Esta vez, aprenderemos la coreografía de “ASAP” de Stayc. ¡Todos son bienvenidos, desde niños hasta adultos! Ya seas principiante o tengas experiencia en el baile, escuches K-Pop de vez en cuando o seas un superfan, ¡este taller es para ti! ¡Asegúrate de llevar ropa cómoda! ¡Nos vemos! ENG Join us again for the fourth k-pop dance workshop! This time, we will be learning the choreography for Stayc’s “ASAP”. Everyone is welcome, from children to adults. Whether you’re a beginner or an experienced dancer, a casual listener or a K-Pop superfan, this workshop is for you! Make sure to wear comfortable clothes and to bring a bottle of water! See you…ASAP!', 'others': {'price': '__NOT_DEFINIED__', 'category': 'Programación', 'location_url': 'https://clasijazz.com/local/sede-clasijazz/', 'location': 'Maestro Serrano 9, Almería'}, 'source': 'ClassicJazz', 'exec_time': '20260224T184649', 'session': '2026_02_24_18_31_Martes', 'image': 'https://clasijazz.com/wp-content/uploads/2026/02/danceclass-8.png', 'url': 'https://clasijazz.com/evento/taller-de-danza-k-pop-3/'}
96 / 106
Getting https://clasijazz.com/evento/the-new-jungle-orchestra-unity-festival/
Sleep 4
2026-02-28T21:00:00 2026-02-28T22:00:00
--------------------
{'id': '28000878', 'show': 1, 'in_city': 1, 'one_day': 1, 'wrong_date_time': 0, 'event': 'The New Jungle Orchestra – Unity Festival', 'slug': 'the-new-jungle-orchestra-unity-festival', 'category': '__NOT_DEFINIED__', 'id_venue': 'Q6b6LRjT', 'venue': 'Sede Clasijazz', 'std_venue': 'Clasijazz', 'start_date': '2026-02-28', 'start_time': '21:00:00', 'end_date': '2026-02-28', 'end_time': '22:00:00', 'description': '30€ NS /20€ S Sala Principal ESP La New Jungle Orchestra es reconocida en todo el mundo del jazz por sus conciertos cautivadores, donde el público siente que el tiempo se dobla y que el escenario y la audiencia se funden en uno solo. Miles de conciertos exitosos en más de 60 países — ante emperadores y reyes, en pequeños y ruidosos clubes de jazz, así como en grandes festivales internacionales— han consolidado su prestigio. Pierre Dørge (Dinamarca): director y guitarra Gunnar Halle (Noruega): trompeta Jakob Mygind (Dinamarca): saxofones Anders Banke (Dinamarca): clarinete bajo y saxofón Kenneth Agerholm (Dinamarca): trombón Irene Becker (Dinamarca): piano y sintetizador Thommy Andersson (Suecia): contrabajo Ayi Solomon (Ghana): percusión Martin Andersen (Dinamarca): batería El concierto es parte del Unity Clasijazz Gospel Festival. Se realiza como una primera edición y está dedicada a África. ENG The New Jungle Orchestra is recognized throughout the jazz world for its captivating concerts, where the audience feels time bend and the stage and crowd merge into one. Thousands of successful performances in over 60 countries — before emperors and kings, in small, noisy jazz clubs, as well as at major international festivals — have cemented their reputation. Pierre Dørge (Denmark) : conductor & guitar Gunnar Halle (Norway) : trumpet Jakob Mygind (Denmark) : saxes Anders Banke (Denmark) : bass clarinet & sax Kenneth Agerholm (Denmark) : trombone Irene Becker (Denmark) : piano & synthesizer Thommy Andersson (Sweden) : bass Ayi Solomon (Ghana) : percussion Martin Andersen (Denmark) : drums The concert is part of the Unity Clasijazz Gospel Festival. This is its first edition and it is dedicated to Africa.', 'others': {'price': '20,00€ – 30,00€', 'category': 'Programación', 'location_url': 'https://clasijazz.com/local/sede-clasijazz/', 'location': 'Maestro Serrano 9, Almería'}, 'source': 'ClassicJazz', 'exec_time': '20260224T184649', 'session': '2026_02_24_18_31_Martes', 'image': 'https://clasijazz.com/wp-content/uploads/2025/10/unity-clasijazz-2.webp', 'url': 'https://clasijazz.com/evento/the-new-jungle-orchestra-unity-festival/'}
97 / 106
Getting https://clasijazz.com/evento/salsa-latin-jam-port-of-spain-4/2026-04-09/
Sleep 4
2026-04-09T22:00:00 2026-04-09T23:30:00
--------------------
{'id': '2e21acaf', 'show': 1, 'in_city': 1, 'one_day': 1, 'wrong_date_time': 0, 'event': 'Salsa & Latín Jam', 'slug': 'salsa-latin-jam', 'category': '__NOT_DEFINIED__', 'id_venue': 'ddgm4gQP', 'venue': 'Port Of Spain', 'std_venue': 'Port Of Spain', 'start_date': '2026-04-09', 'start_time': '22:00:00', 'end_date': '2026-04-09', 'end_time': '23:30:00', 'description': 'Port of Spain Entrada Libre ¿Te gusta la salsa y la música caribeña? ¡JAM WITH US! Esta temporada Seguimos con las Salsa Jam y con el 29 Aniversario de la llegada de la Salsa Almeria. Si eres cantante o de los que cantan en la ducha, si eres músico profesional o de los que dan la nota, si sabes bailar o simplemente te apetece menear el esqueleto, ven a compartir con buena energía junto a los integrantes de Chévere Music Group. A partir de las 22:00. Te esperamos en Port of Spain. ¡Entrada Libre! ¡No nos faltes! Queremos ver lo mejor de ti MÁS INFO Y CONFIRMACIONES AL: 633 120 150 @marcelarnalot @cheveremusicgroup www.cheveremusicgroup.com', 'others': {'price': '__NOT_DEFINIED__', 'category': 'Programación', 'location_url': 'https://clasijazz.com/local/port-of-spain/', 'location': 'Parque Nicolás Salmeron 20, Almería'}, 'source': 'ClassicJazz', 'exec_time': '20260224T184649', 'session': '2026_02_24_18_31_Martes', 'image': 'https://clasijazz.com/wp-content/uploads/2025/09/salsa_jam.jpg', 'url': 'https://clasijazz.com/evento/salsa-latin-jam-port-of-spain-4/2026-04-09/'}
98 / 106
Getting https://clasijazz.com/evento/mini-jam/2026-03-06/
Sleep 4
2026-03-06T18:00:00 2026-03-06T19:00:00
--------------------
{'id': '746cf94d', 'show': 1, 'in_city': 1, 'one_day': 1, 'wrong_date_time': 0, 'event': 'Mini Jam', 'slug': 'mini-jam', 'category': '__NOT_DEFINIED__', 'id_venue': 'Q6b6LRjT', 'venue': 'Sede Clasijazz', 'std_venue': 'Clasijazz', 'start_date': '2026-03-06', 'start_time': '18:00:00', 'end_date': '2026-03-06', 'end_time': '19:00:00', 'description': 'Entrada Libre | Sala Industrial Que importantes son las Mini Jams en Clasijazz. Generaciones se han criado con música y cantando desde chicos . Aquí tenéis todas las de este curso . Son gratuitas pero si quieres hacerte socio nos ayudarás a seguir con la ilusión por predicar la música para todas las edades.', 'others': {'price': '__NOT_DEFINIED__', 'category': 'Programación', 'location_url': 'https://clasijazz.com/local/sede-clasijazz/', 'location': 'Maestro Serrano 9, Almería'}, 'source': 'ClassicJazz', 'exec_time': '20260224T184649', 'session': '2026_02_24_18_31_Martes', 'image': 'https://clasijazz.com/wp-content/uploads/2026/01/PANA3644-scaled.jpg', 'url': 'https://clasijazz.com/evento/mini-jam/2026-03-06/'}
99 / 106
Getting https://clasijazz.com/evento/soy-otra-persona-tal-vez-mas-feliz-que-yo-cuentistas-vivas-y-muertas/2026-03-19/
Sleep 4
2026-03-19T21:00:00 2026-03-19T22:30:00
--------------------
{'id': '5567ba36', 'show': 1, 'in_city': 1, 'one_day': 1, 'wrong_date_time': 0, 'event': 'Soy Otra Persona, Tal Vez Más Feliz Que Yo: Cuentistas Vivas Y Muertas', 'slug': 'soy-otra-persona-tal-vez-mas-feliz-que-yo-cuentistas-vivas-y-muertas', 'category': '__NOT_DEFINIED__', 'id_venue': 'Q6b6LRjT', 'venue': 'Sede Clasijazz', 'std_venue': 'Clasijazz', 'start_date': '2026-03-19', 'start_time': '21:00:00', 'end_date': '2026-03-19', 'end_time': '22:30:00', 'description': 'Sala Principal Entrada Libre En el nuevo ciclo de Clásicos en clasijazz he elegido a una serie de autoras americanas cuyas obras recorren el siglo XX y los años transcurridos del XXI. Desde Silvina Ocampo hasta Samanta Schweblin escucharemos las voces poderosas de estas escritoras a través de uno de los géneros más emblemáticos de América: el cuento. Así pues, y sin olvidar la música tan esencial en cada una de nuestras sesiones, viajaremos, a través de sus relatos oníricos, misteriosos, únicos siempre, a México, Ecuador, Brasil, Uruguay y Argentina. Octubre, 30 : Silvina Ocampo, 1903-1993. Argentina Noviembre, 27: Elena Garro, 1916-1998, México Diciembre, 18: Clarice Lispector, 1920-1977, Brasil Enero, 22: Rosario Castellanos, 1925-1974, México Febrero, 26: Cristina Peri Rossi, 1941, Uruguay Marzo, 19: Mariana Enriquez, 1973, Argentina Abril, 16: María Fernanda Ampuero, 1976, Ecuador Mayo, 14: Fernanda Trías, 1976, Uruguay Junio, 11: Samanta Schweblin, 1978, Argentina', 'others': {'price': '__NOT_DEFINIED__', 'category': 'Programación', 'location_url': 'https://clasijazz.com/local/sede-clasijazz/', 'location': 'Maestro Serrano 9, Almería'}, 'source': 'ClassicJazz', 'exec_time': '20260224T184649', 'session': '2026_02_24_18_31_Martes', 'image': 'https://clasijazz.com/wp-content/uploads/2025/09/WhatsApp-Image-2025-10-03-at-20.11.17.jpeg', 'url': 'https://clasijazz.com/evento/soy-otra-persona-tal-vez-mas-feliz-que-yo-cuentistas-vivas-y-muertas/2026-03-19/'}
100 / 106
Getting https://clasijazz.com/evento/alvaro-torres-trio/
Sleep 4
2026-04-02T22:00:00 2026-04-02T23:30:00
--------------------
{'id': '89228b35', 'show': 1, 'in_city': 1, 'one_day': 1, 'wrong_date_time': 0, 'event': 'Álvaro Torres Trío', 'slug': 'alvaro-torres-trio', 'category': '__NOT_DEFINIED__', 'id_venue': 'Q6b6LRjT', 'venue': 'Sede Clasijazz', 'std_venue': 'Clasijazz', 'start_date': '2026-04-02', 'start_time': '22:00:00', 'end_date': '2026-04-02', 'end_time': '23:30:00', 'description': '15 € NS / 7 € S Sala Principal El gran pianista español afincado en Nueva York por fin en Clasijazz. Es increible. Lo pudimos ver en Vitoria y fué sensaciónal el concierto y con dos musicazos. y por fin el batería Kresten en Almería y Masa Álvaro Torres, piano Masa Kamaguchi, contrabajo Kresten Osgood, batería El trío de Álvaro Torres se está consolidando como una de las propuestas más interesantes del jazz contemporáneo en Nueva York. Con un estilo que fusiona post-bop, improvisación y elementos del folklore español, su propuesta ha recibido elogios de la crítica especializada. Álvaro Torres ha sido destacado como: «Magistralmente impredecible… Extraordinario.» ★ ★ ★ ★ — All About Jazz «Una de las grandes promesas de futuro del género.» — La Razón Álvaro Torres Trio Presenta IRIS (Sunnyside Records) El trío de Álvaro Torres se está consolidando como una de las propuestas más interesantes del jazz contemporáneo en Nueva York. «Magistralmente impredecible… Extraordinario.» — All About Jazz ★ ★ ★ ★ Avalados por los icónicos sellos Sunnyside Records y Fresh Sound Records, han lanzado su quinto álbum, Mairena, y se han presentado en algunos de los escenarios más prestigiosos de la ciudad, como The Jazz Gallery y Mezzrow. Además, han llevado su música original a festivales en España y México. Con un estilo que fusiona post-bop, improvisación y elementos del folklore español, su propuesta ha recibido elogios de la crítica especializada. Álvaro Torres ha sido destacado como «Una de las grandes promesas de futuro del género.» — La Razón Torres ha colaborado con verdaderas leyendas neoyorquinas como Barry Altschul, Francisco Mela, Tony Malaby, John Hébert, Chris Lightcap, y Bill McHenry. En esta ocasión, se presenta junto a su consolidado trío europeo: el maestro danés Kresten Osgood en la batería, y el contrabajista japonés Masa Kamaguchi, ambos referentes de la escena europea con una profunda conexión con el jazz de Nueva York. Álvaro Torres, piano Masa Kamaguchi, contrabajo Kresten Osgood, batería Live at Cafe Berlin:', 'others': {'price': '7,00€ – 15,00€', 'category': 'Programación', 'location_url': 'https://clasijazz.com/local/sede-clasijazz/', 'location': 'Maestro Serrano 9, Almería'}, 'source': 'ClassicJazz', 'exec_time': '20260224T184649', 'session': '2026_02_24_18_31_Martes', 'image': 'https://clasijazz.com/wp-content/uploads/2026/01/AlvaroTorresTrioPhotoCreditCarlosLinero-scaled.jpeg', 'url': 'https://clasijazz.com/evento/alvaro-torres-trio/'}
101 / 106
Getting https://clasijazz.com/evento/intercambio-de-idiomas-5/2026-01-29/
Sleep 4
2026-01-29T21:00:00 2026-01-29T23:00:00
--------------------
{'id': '4f5c1f4c', 'show': 1, 'in_city': 1, 'one_day': 1, 'wrong_date_time': 0, 'event': 'Intercambio De Idiomas', 'slug': 'intercambio-de-idiomas', 'category': '__NOT_DEFINIED__', 'id_venue': 'Q6b6LRjT', 'venue': 'Clasijazz', 'std_venue': 'Clasijazz', 'start_date': '2026-01-29', 'start_time': '21:00:00', 'end_date': '2026-01-29', 'end_time': '23:00:00', 'description': 'Sala Industrial Clasijazz Entrada Libre ¿Quieres conocer gente nueva y compartir ideas, experiencias y opiniones mientras practicas tus habilidades lingüísticas? ¡Hablaremos de todo: culturas, profesiones, arte y música! ¿Nivel avanzado? ¿Intermedio? ¿Principiante? ¡Hay espacio para todos! Únete a la comunidad del Intercambio de Idiomas y deja que la magia deja que la magia de los idiomas te atrape. Desde Octubre y todos los jueves 21:00-23:00', 'others': {'price': '__NOT_DEFINIED__', 'category': 'Programación', 'location_url': 'https://clasijazz.com/local/clasijazz/', 'location': 'C/Maestro Serrano nº9, Almería'}, 'source': 'ClassicJazz', 'exec_time': '20260224T184649', 'session': '2026_02_24_18_31_Martes', 'image': 'https://clasijazz.com/wp-content/uploads/2025/09/Intercambio-de-Idiomas.jpg', 'url': 'https://clasijazz.com/evento/intercambio-de-idiomas-5/2026-01-29/'}
102 / 106
Getting https://clasijazz.com/evento/mini-jam/2026-02-06/
Sleep 4
2026-02-06T18:00:00 2026-02-06T19:00:00
--------------------
{'id': '73efe390', 'show': 1, 'in_city': 1, 'one_day': 1, 'wrong_date_time': 0, 'event': 'Mini Jam', 'slug': 'mini-jam', 'category': '__NOT_DEFINIED__', 'id_venue': 'Q6b6LRjT', 'venue': 'Sede Clasijazz', 'std_venue': 'Clasijazz', 'start_date': '2026-02-06', 'start_time': '18:00:00', 'end_date': '2026-02-06', 'end_time': '19:00:00', 'description': 'Entrada Libre | Sala Industrial Que importantes son las Mini Jams en Clasijazz. Generaciones se han criado con música y cantando desde chicos . Aquí tenéis todas las de este curso . Son gratuitas pero si quieres hacerte socio nos ayudarás a seguir con la ilusión por predicar la música para todas las edades.', 'others': {'price': '__NOT_DEFINIED__', 'category': 'Programación', 'location_url': 'https://clasijazz.com/local/sede-clasijazz/', 'location': 'Maestro Serrano 9, Almería'}, 'source': 'ClassicJazz', 'exec_time': '20260224T184649', 'session': '2026_02_24_18_31_Martes', 'image': 'https://clasijazz.com/wp-content/uploads/2026/01/PANA3644-scaled.jpg', 'url': 'https://clasijazz.com/evento/mini-jam/2026-02-06/'}
103 / 106
Getting https://clasijazz.com/evento/orquesta-fima-sinfonias-25-29-y-concierto-para-trompa-y-orquesta-no-2-integral-de-mozart/
Sleep 4
