Launching scraper: AlmeriaCiudad
Succeeded - 2026-03-08T22:00:34Z

dag: FisgonTaskSelenium (48.0s)
│
└─tarea_1 (48.0s) [succeeded]
  ├─bash -lc 'set -eo pipefail; export DOCKER_CONFIG=/tmp/.docker HOME=/tmp;
  │   SELENIUM_NAME="selenium_${DAG_RUN_ID:-$$}_$(date +%s)"; cleanup() {
  │   docker rm -f "$SELENIUM_NAME" >/dev/null 2>&1 || true; }; trap cleanup
  │   EXIT; docker run -d --rm --name "$SELENIUM_NAME" --shm-size=2g -e
  │   SE_NODE_MAX_SESSIONS=1 -e SE_NODE_OVERRIDE_MAX_SESSIONS=true
  │   selenium/standalone-chrome:latest >/dev/null; docker exec
  │   "$SELENIUM_NAME" bash -c "for i in \$(seq 1 60); do (echo >
  │   /dev/tcp/127.0.0.1/4444) >/dev/null 2>&1 && exit 0; sleep 1; done; exit
  │   1"; docker run --rm --network container:"$SELENIUM_NAME" -v
  │   /home/ubuntu/work/fisgon:/app -v
  │   /home/ubuntu/data_storage:/home/ubuntu/data_storage -v
  │   /home/ubuntu/work/event_flask_app/static/img:/home/ubuntu/work/event_fla
  │   sk_app/static/img -w /app -e OPERATION=0 -e DOCKER_CONFIG=/tmp/.docker
  │   -e HOME=/tmp -e TARGET_CITY -e TARGET_SCRAPER -e
  │   DAG_RUN_URL="${DAGU_BASE_URL:-}/dags/${DAG_NAME}?dagRunId=${DAG_RUN_ID}"
  │   -e
  │   DAG_RUN_LOG_URL="${DAGU_BASE_URL:-}/dags/${DAG_NAME}/log?remoteNode=loca
  │   l&step=tarea_1&dagRunId=${DAG_RUN_ID}" fisgon_scraper:1.0'
  │
  ├─stdout:
  │   RUNNING VARS →
  │   CITY=Almeria,
  │   OPERATION=0,
  │   CREATE_SESSION=0,
  │   CLOSE_SESSION=0,
  │   SESSION=None,
  │   IMAGES=0,
  │   GET_SCRAPERS=
  │   SCRAPER=AlmeriaCiudad
  │   DAG_RUN_URL=/dags/FisgonTaskSelenium/log?remoteNode=local&step=tarea_1&d
  │   agRunId=019ccf77-6525-7d1d-b8f5-56f71b4b6431
  │   Running for Almeria: AlmeriaCiudad
  │   AlmeriaCiudad
  │   RUNNING SESSION =  2026_03_08_21_58_Domingo
  │   Starting WebDriver...
  │   http://localhost:4444/wd/hub
  │   sleeping 5
  │   Getting content
  │   page = 0
  │   -----------https://almeriaciudad.es/cultura/agenda?page=0---------------
  │   len 12
  │   sleeping 5
  │   Getting content
  │   page = 1
  │   -----------https://almeriaciudad.es/cultura/agenda?page=1---------------
  │   len 12
  │   sleeping 5
  │   Getting content
  │   page = 2
  │   -----------https://almeriaciudad.es/cultura/agenda?page=2---------------
  │   len 12
  │   sleeping 5
  │   Getting content
  │   page = 3
  │   -----------https://almeriaciudad.es/cultura/agenda?page=3---------------
  │   len 0
  │   *** SCRAPED 36 URLS WITH EVENTS **
  │   New url events = 3
  │   0 / 3
  │   Getting
  │   https://almeriaciudad.es//cultura/evento/bma-una-mirada-la-musica-nortea
  │   mericana-para-banda
  │   Sleep 4
  │   --------------------
  │   {'id': '9badc002', 'show': 1, 'in_city': 1, 'one_day': 1,
  │   'wrong_date_time': 0, 'event': 'Bma - Una Mirada a La Música
  │   Norteamericana Para Banda', 'slug':
  │   'bma-una-mirada-a-la-musica-norteamericana-para-banda', 'category':
  │   '__NOT_DEFINIED__', 'id_venue': 'tQfq78jF', 'venue': 'Teatro Apolo',
  │   'std_venue': 'Teatro Apolo', 'start_date': '2026-03-08', 'start_time':
  │   '12:00:00', 'end_date': '2026-03-08', 'end_time': '13:30:00',
  │   'description': '', 'others': {'organizer': '__NOT_FOUND__', 'price':
  │   'ENTRADA GRATUITA HASTA COMPLETAR AFORO', 'category': 'BMA|Concierto',
  │   'audience_age': 'Todas las edades'}, 'source': 'AlmeriaCiudad',
  │   'exec_time': '20260308T220039', 'session': '2026_03_08_21_58_Domingo',
  │   'image':
  │   'https://almeriaciudad.es/uploads/styles/large/public/media/image/bma-8-
  │   03-2026.jpg?itok=bjuIC9Kj', 'url':
  │   'https://almeriaciudad.es//cultura/evento/bma-una-mirada-la-musica-norte
  │   americana-para-banda'}
  │   1 / 3
  │   Getting https://almeriaciudad.es//cultura/evento/almeria-summit-2026
  │   Sleep 4
  │   --------------------
  │   {'id': '071d7a60', 'show': 1, 'in_city': 1, 'one_day': 1,
  │   'wrong_date_time': 0, 'event': 'Almeria Summit 2026', 'slug':
  │   'almeria-summit-2026', 'category': '__NOT_DEFINIED__', 'id_venue':
  │   '27qNP7DH', 'venue': 'Auditorio Municipal Maestro Padilla', 'std_venue':
  │   'Auditorio Municipal Maestro Padilla', 'start_date': '2026-03-25',
  │   'start_time': '18:00:00', 'end_date': '2026-03-25', 'end_time':
  │   '20:00:00', 'description': 'Tras el éxito de su primera edición,
  │   AlmerIA Summit regresa a Almería. para seguir acercando al público y
  │   al tejido empresarial uno de los mayores cambios tecnológicos de
  │   nuestro tiempo: la Inteligencia Artificial. . En su primera edición, el
  │   Summit contó con la participación del divulgador tecnológico. Jon
  │   Hernández. , en un encuentro que despertó un gran interés por
  │   comprender cómo la IA está transformando empresas, profesiones y
  │   sectores económicos. En esta. segunda edición. , el evento amplía su
  │   alcance con una mirada más profunda y aplicada a los grandes sectores
  │   que definen el presente y el futuro de nuestra economía: tecnología,
  │   agroindustria, turismo y salud. . A lo largo de la jornada, expertos y
  │   líderes empresariales compartirán su visión sobre cómo la
  │   inteligencia artificial está cambiando la manera en que producimos,
  │   gestionamos y tomamos decisiones, mostrando. casos reales, tendencias
  │   emergentes y oportunidades para empresas y profesionales. . El. AlmerIA
  │   Summit. nace con una vocación clara: conectar la innovación
  │   tecnológica con la realidad económica de nuestro territorio. ,
  │   posicionando a Almería como un espacio de reflexión y diálogo sobre
  │   el impacto de la inteligencia artificial en sectores estratégicos. Una
  │   cita dirigida a empresarios, profesionales, estudiantes y a todas
  │   aquellas personas que desean entender. cómo la inteligencia artificial
  │   está redefiniendo el mundo que viene. .', 'others': {'organizer':
  │   'Auditorio Municipal Maestro Padilla', 'price': '__NOT_FOUND__',
  │   'category': 'Exposición', 'audience_age': 'Todas las edades'},
  │   'source': 'AlmeriaCiudad', 'exec_time': '20260308T220039', 'session':
  │   '2026_03_08_21_58_Domingo', 'image':
  │   'https://almeriaciudad.es/uploads/styles/large/public/media/image/f91089
  │   b7-bb7b-4693-b496-aa24e9b39d36.jpg?itok=ORmBvYvx', 'url':
  │   'https://almeriaciudad.es//cultura/evento/almeria-summit-2026'}
  │   2 / 3
  │   Getting
  │   https://almeriaciudad.es//cultura/evento/vi-noche-de-la-musica-latina
  │   Sleep 4
  │   --------------------
  │   {'id': '47847831', 'show': 1, 'in_city': 1, 'one_day': 1,
  │   'wrong_date_time': 0, 'event': 'Vi Noche De La Música Latina', 'slug':
  │   'vi-noche-de-la-musica-latina', 'category': '__NOT_DEFINIED__',
  │   'id_venue': 'tQfq78jF', 'venue': 'Teatro Apolo', 'std_venue': 'Teatro
  │   Apolo', 'start_date': '2026-10-17', 'start_time': '20:30:00',
  │   'end_date': '2026-10-17', 'end_time': '22:00:00', 'description': 'Por
  │   sexta vez el otoño cultural de la capital almeriense adquiere sabor
  │   latino con la celebración del festival “. La Noche de la Música
  │   Latina. ”, organizado por la Asociación Cultural Grupo Nuevos Aires.
  │   La cita con este género musical es ya una propuesta habitual e
  │   imprescindible del otoño almeriense. Para 2026, el grupo organizador
  │   (Nuevos Aires) contará como invitadas con el. Cuarteto Vocal Vidas.
  │   (Saltiago de Cuba), en gira por España y Europa; y continuará su
  │   apuesta por la solidaridad, cediendo parte de la recaudación a la
  │   Asociación Red Madre Almería. Cuarteto Vocal Vidas. (Santiago de
  │   Cuba). Sin duda, la mejor agrupación vocal femenina de Cuba.
  │   Interpretan distintos géneros de la música popular cubana y universal,
  │   a través de un formato peculiar (2 sopranos y 2 contraltos). Una de las
  │   contralto se desempeña como bajo de la agrupación, debido a su amplia
  │   tesitura. Asumen el reto de ejecutar piezas de diferentes estilos
  │   musicales (desde la música tradicional cubana a piezas de jazz y soul)
  │   únicamente con sus voces, y con el único acompañamiento instrumental
  │   de una clave y una maraca. Sus integrantes han participado en diferentes
  │   eventos nacionales e internacionales; Como agrupación, con más de 12
  │   años de trayectoria, cuentan con tres discos editados: VOCAL VIDAS
  │   (2012); CANCIÓN Y VIDA (2016) bajo el sello EGREM; VIVIR PARA CANTARLA
  │   (2020). Asimismo, han sido merecedoras de diversos premios: Premio
  │   CUBADISCO, en la categoría de Agrupación Vocal Instrumental (2016);
  │   Premio de la Audiencia de EEUU, mejor banda sonora, Festival South by
  │   Southwest, marzo, con Soy Cubana documental (2021); XX edición Festival
  │   internacional de documentales Santiago Álvarez In Memoria: Mejor banda
  │   sonora, documental Soy Cubana (2023); Con el material audiovisual "Live
  │   Sessions". Vocal Vidas formó parte de las listas de los GRAMMY LATINOS
  │   2025; Nominadas al CUBADISCO 2025, con audiovisual " Live Sessions":
  │   VÍDEO PROMOCIONAL - CUARTETO VOCAL VIDAS. Grupo Nuevos Aires
  │   (Almería). . Agrupación ya habitual en las distintas programaciones
  │   culturales de la Provincia de Almería, supone la confluencia de
  │   músicos profesionales y amateur unidos para interpretar un repertorio
  │   de versiones de música latina en su más amplia concepción: desde el
  │   bolero o el son cubano más clásico hasta éxitos muy actuales de
  │   autores como Rozalén, el Kanka, Juan Luis Guerra o Alejandro Sanz,
  │   incorporando temas de composición propia. El repertorio del grupo está
  │   seleccionado para que pueda interesar a público de diferentes edades y
  │   gustos musicales, precisamente por su variedad. Tras su participación
  │   en el evento Cubadisco 2025, celebrado en La Habana (Cuba) en mayo de
  │   2025, el grupo se encuentra en el proceso de edición del que será su
  │   primer trabajo discográfico, grabado en directo en el teatro del Museo
  │   de Bellas Artes de La Habana. El espectáculo consistirá no solo en la
  │   actuación separada de ambas agrupaciones, sino la interacción entre
  │   ellas, en una fusión de estilos, ritmos y armonías.', 'others':
  │   {'organizer': 'Teatro Apolo', 'price': 'GENERAL: 15 EUROS', 'category':
  │   'Concierto|Música', 'audience_age': 'Todas las edades'}, 'source':
  │   'AlmeriaCiudad', 'exec_time': '20260308T220039', 'session':
  │   '2026_03_08_21_58_Domingo', 'image':
  │   'https://almeriaciudad.es/uploads/styles/large/public/media/image/vi-noc
  │   he-de-la-musica-latina.PNG?itok=ahCqHLWi', 'url':
  │   'https://almeriaciudad.es//cultura/evento/vi-noche-de-la-musica-latina'}
  │   ****************************
  │   Saving 3 new events
  │   Saving in
  │   /home/ubuntu/data_storage/Almeria/2026_03_08_21_58_Domingo/0_raw/2026030
  │   8_2200_AlmeriaCiudad.json
  │   Saving 3 master url
  │   Appending to /home/ubuntu/data_storage/Almeria/00_master/master_url.json
  └─stderr:
      /usr/local/lib/python3.11/site-packages/urllib3/connectionpool.py:1097:
      InsecureRequestWarning: Unverified HTTPS request is being made to host
      'almeriaciudad.es'. Adding certificate verification is strongly advised.
      See:
      https://urllib3.readthedocs.io/en/latest/advanced-usage.html#tls-warnings
      warnings.warn(
      /usr/local/lib/python3.11/site-packages/urllib3/connectionpool.py:1097:
      InsecureRequestWarning: Unverified HTTPS request is being made to host
      'almeriaciudad.es'. Adding certificate verification is strongly advised.
      See:
      https://urllib3.readthedocs.io/en/latest/advanced-usage.html#tls-warnings
      warnings.warn(
      /usr/local/lib/python3.11/site-packages/urllib3/connectionpool.py:1097:
      InsecureRequestWarning: Unverified HTTPS request is being made to host
      'almeriaciudad.es'. Adding certificate verification is strongly advised.
      See:
      https://urllib3.readthedocs.io/en/latest/advanced-usage.html#tls-warnings
      warnings.warn(

Result: Succeeded

Launching scraper: AlmeriaTurismo
Succeeded - 2026-03-08T22:01:23Z

dag: FisgonTaskSelenium (39.0s)
│
└─tarea_1 (39.0s) [succeeded]
  ├─bash -lc 'set -eo pipefail; export DOCKER_CONFIG=/tmp/.docker HOME=/tmp;
  │   SELENIUM_NAME="selenium_${DAG_RUN_ID:-$$}_$(date +%s)"; cleanup() {
  │   docker rm -f "$SELENIUM_NAME" >/dev/null 2>&1 || true; }; trap cleanup
  │   EXIT; docker run -d --rm --name "$SELENIUM_NAME" --shm-size=2g -e
  │   SE_NODE_MAX_SESSIONS=1 -e SE_NODE_OVERRIDE_MAX_SESSIONS=true
  │   selenium/standalone-chrome:latest >/dev/null; docker exec
  │   "$SELENIUM_NAME" bash -c "for i in \$(seq 1 60); do (echo >
  │   /dev/tcp/127.0.0.1/4444) >/dev/null 2>&1 && exit 0; sleep 1; done; exit
  │   1"; docker run --rm --network container:"$SELENIUM_NAME" -v
  │   /home/ubuntu/work/fisgon:/app -v
  │   /home/ubuntu/data_storage:/home/ubuntu/data_storage -v
  │   /home/ubuntu/work/event_flask_app/static/img:/home/ubuntu/work/event_fla
  │   sk_app/static/img -w /app -e OPERATION=0 -e DOCKER_CONFIG=/tmp/.docker
  │   -e HOME=/tmp -e TARGET_CITY -e TARGET_SCRAPER -e
  │   DAG_RUN_URL="${DAGU_BASE_URL:-}/dags/${DAG_NAME}?dagRunId=${DAG_RUN_ID}"
  │   -e
  │   DAG_RUN_LOG_URL="${DAGU_BASE_URL:-}/dags/${DAG_NAME}/log?remoteNode=loca
  │   l&step=tarea_1&dagRunId=${DAG_RUN_ID}" fisgon_scraper:1.0'
  │
  └─stdout: ... (419 more lines)
      {'id': '5f50cbcb', 'show': 1, 'in_city': 1, 'one_day': 1,
      'wrong_date_time': 0, 'event': 'Paisajes Musicales De América Latina',
      'slug': 'paisajes-musicales-de-america-latina', 'category':
      '__NOT_DEFINIED__', 'id_venue': None, 'venue': '__NOT_FOUND__',
      'std_venue': None, 'start_date': '2026-04-19', 'start_time': '19:00:00',
      'end_date': '2026-04-19', 'end_time': '21:00:00', 'description':
      'Concierto de UAL Music Youth dirigido por el invitado Juan Irianni en el
      Paraninfo de la Universidad de Almería.', 'others': {'category':
      'Concierto de UAL Music Youth', 'hour': '__NOT_FOUND__', 'startDate':
      '2026-4-19T19:00+2:00', 'endDate': '2026-4-19T21:00+2:00',
      'duration_days': 0, 'location': '__NOT_FOUND__'}, 'source':
      'AlmeriaTurismo', 'exec_time': '20260308T220128', 'session':
      '2026_03_08_21_58_Domingo', 'image':
      'https://www.turismodealmeria.org/wp-content/uploads/2026/02/Paisajes-musi
      cales-de-America-Latina.jpg', 'url':
      'https://www.turismodealmeria.org/evento/paisajes-musicales-de-america-lat
      ina/'}
      --------------------
      {'id': 'b8e1e6df', 'show': 1, 'in_city': 1, 'one_day': 1,
      'wrong_date_time': 0, 'event': 'Leonardo Torres Quevedo: El Ingeniero
      Total', 'slug': 'leonardo-torres-quevedo-el-ingeniero-total', 'category':
      '__NOT_DEFINIED__', 'id_venue': '8g4nLPqF', 'venue': 'Aulario IV de la
      Universidad de Almería', 'std_venue': 'Paraninfo de la Universidad de
      Almería', 'start_date': '2026-04-20', 'start_time': '09:00:00',
      'end_date': '2026-04-20', 'end_time': '21:00:00', 'description':
      'Exposición sobre Leonardo Torres Quevedo, destacando su contribución a
      la ingeniería. Presentada por Francisco A. González Redondo, se llevará
      a cabo en el Hall Aulario IV de la Universidad de Almería.', 'others':
      {'category': 'Exposición Divulgación Científica', 'hour':
      '__NOT_FOUND__', 'startDate': '2026-4-20T09:00+2:00', 'endDate':
      '2026-4-20T21:00+2:00', 'duration_days': 0, 'location': '04120 La Cañada,
      Almería'}, 'source': 'AlmeriaTurismo', 'exec_time': '20260308T220128',
      'session': '2026_03_08_21_58_Domingo', 'image':
      'https://www.turismodealmeria.org/wp-content/uploads/2026/02/Leonardo-Torr
      es-Quevedo-El-ingeniero-total.jpg', 'url':
      'https://www.turismodealmeria.org/evento/leonardo-torres-quevedo-el-ingeni
      ero-total/var/ri-1.l-L1'}
      --------------------
      {'id': '66acd87c', 'show': 1, 'in_city': 1, 'one_day': 1,
      'wrong_date_time': 0, 'event': 'Leonardo Torres Quevedo: El Ingeniero
      Total', 'slug': 'leonardo-torres-quevedo-el-ingeniero-total', 'category':
      '__NOT_DEFINIED__', 'id_venue': '8g4nLPqF', 'venue': 'Aulario IV de la
      Universidad de Almería', 'std_venue': 'Paraninfo de la Universidad de
      Almería', 'start_date': '2026-04-21', 'start_time': '09:00:00',
      'end_date': '2026-04-21', 'end_time': '21:00:00', 'description':
      'Exposición sobre Leonardo Torres Quevedo, destacando su contribución a
      la ingeniería. Presentada por Francisco A. González Redondo, se llevará
      a cabo en el Hall Aulario IV de la Universidad de Almería.', 'others':
      {'category': 'Exposición Divulgación Científica', 'hour':
      '__NOT_FOUND__', 'startDate': '2026-4-21T09:00+2:00', 'endDate':
      '2026-4-21T21:00+2:00', 'duration_days': 0, 'location': '04120 La Cañada,
      Almería'}, 'source': 'AlmeriaTurismo', 'exec_time': '20260308T220128',
      'session': '2026_03_08_21_58_Domingo', 'image':
      'https://www.turismodealmeria.org/wp-content/uploads/2026/02/Leonardo-Torr
      es-Quevedo-El-ingeniero-total.jpg', 'url':
      'https://www.turismodealmeria.org/evento/leonardo-torres-quevedo-el-ingeni
      ero-total/var/ri-2.l-L1'}
      --------------------
      {'id': 'e70af3ee', 'show': 1, 'in_city': 1, 'one_day': 1,
      'wrong_date_time': 0, 'event': 'Por ELLAS, Por TODAS Beijing +30', 'slug':
      'por-ellas-por-todas-beijing-30', 'category': '__NOT_DEFINIED__',
      'id_venue': None, 'venue': '__NOT_FOUND__', 'std_venue': None,
      'start_date': '2026-04-21', 'start_time': '11:00:00', 'end_date':
      '2026-04-21', 'end_time': '13:00:00', 'description': 'Exposición sobre la
      influencia del evento Beijing +30, centrada en la reivindicación de los
      derechos de las mujeres. Se llevará a cabo en el Paraninfo, Sala de
      exposiciones de la Universidad de Almería del 6 al 27 de abril de 2026.',
      'others': {'category': 'Exposición y divulgación científica', 'hour':
      '(Martes) 11:00 am - 13:00 pm', 'startDate': '2026-4-21T11:00+2:00',
      'endDate': '2026-4-21T13:00+2:00', 'duration_days': 0, 'location':
      '__NOT_FOUND__'}, 'source': 'AlmeriaTurismo', 'exec_time':
      '20260308T220128', 'session': '2026_03_08_21_58_Domingo', 'image':
      'https://www.turismodealmeria.org/wp-content/uploads/2026/03/Por-ELLAS-por
      -TODAS-Beijing-30.jpg', 'url':
      'https://www.turismodealmeria.org/evento/por-ellas-por-todas-beijing-30/va
      r/ri-5.l-L1'}
      --------------------
      {'id': 'a112fbfe', 'show': 1, 'in_city': 1, 'one_day': 1,
      'wrong_date_time': 0, 'event': 'Leonardo Torres Quevedo: El Ingeniero
      Total', 'slug': 'leonardo-torres-quevedo-el-ingeniero-total', 'category':
      '__NOT_DEFINIED__', 'id_venue': '8g4nLPqF', 'venue': 'Aulario IV de la
      Universidad de Almería', 'std_venue': 'Paraninfo de la Universidad de
      Almería', 'start_date': '2026-04-22', 'start_time': '09:00:00',
      'end_date': '2026-04-22', 'end_time': '21:00:00', 'description':
      'Exposición sobre Leonardo Torres Quevedo, destacando su contribución a
      la ingeniería. Presentada por Francisco A. González Redondo, se llevará
      a cabo en el Hall Aulario IV de la Universidad de Almería.', 'others':
      {'category': 'Exposición Divulgación Científica', 'hour':
      '__NOT_FOUND__', 'startDate': '2026-4-22T09:00+2:00', 'endDate':
      '2026-4-22T21:00+2:00', 'duration_days': 0, 'location': '04120 La Cañada,
      Almería'}, 'source': 'AlmeriaTurismo', 'exec_time': '20260308T220128',
      'session': '2026_03_08_21_58_Domingo', 'image':
      'https://www.turismodealmeria.org/wp-content/uploads/2026/02/Leonardo-Torr
      es-Quevedo-El-ingeniero-total.jpg', 'url':
      'https://www.turismodealmeria.org/evento/leonardo-torres-quevedo-el-ingeni
      ero-total/var/ri-3.l-L1'}
      --------------------
      {'id': 'aa52e0cb', 'show': 1, 'in_city': 1, 'one_day': 1,
      'wrong_date_time': 0, 'event': 'Sentimental Value', 'slug':
      'sentimental-value', 'category': '__NOT_DEFINIED__', 'id_venue':
      'tQfq78jF', 'venue': 'Teatro Apolo', 'std_venue': 'Teatro Apolo',
      'start_date': '2026-04-22', 'start_time': '20:00:00', 'end_date':
      '2026-04-22', 'end_time': '22:00:00', 'description': 'Las hermanas Nora y
      Agnes se reencuentran con su distanciado padre, el carismático Gustav, un
      antiguo director de renombre que le ofrece a su hija Nora, actriz de
      teatro, un papel en su próxima película. Nora lo rechaza y pronto
      descubre que le ha dado su papel a una joven y entusiasta estrella de
      Hollywood. De repente, las dos hermanas deben sortear su complicada
      relación con su padre y lidiar con una estrella estadounidense que se
      encuentra en medio de su compleja dinámica familiar.. Duración:. 2 horas
      15 mins', 'others': {'category': 'Teatro Apolo Almería', 'hour':
      '__NOT_FOUND__', 'startDate': '2026-4-22T20:00+2:00', 'endDate':
      '2026-4-22T22:00+2:00', 'duration_days': 0, 'location': 'Rambla Obispo
      Orbera, 25,04001 Almería'}, 'source': 'AlmeriaTurismo', 'exec_time':
      '20260308T220128', 'session': '2026_03_08_21_58_Domingo', 'image':
      'https://www.turismodealmeria.org/wp-content/uploads/2026/02/Captura-de-pa
      ntalla-2026-02-24-134540.jpg', 'url':
      'https://www.turismodealmeria.org/evento/sentimental-value/'}
      --------------------
      {'id': 'b8d8bb38', 'show': 1, 'in_city': 1, 'one_day': 1,
      'wrong_date_time': 0, 'event': 'Leonardo Torres Quevedo: El Ingeniero
      Total', 'slug': 'leonardo-torres-quevedo-el-ingeniero-total', 'category':
      '__NOT_DEFINIED__', 'id_venue': '8g4nLPqF', 'venue': 'Aulario IV de la
      Universidad de Almería', 'std_venue': 'Paraninfo de la Universidad de
      Almería', 'start_date': '2026-04-23', 'start_time': '09:00:00',
      'end_date': '2026-04-23', 'end_time': '21:00:00', 'description':
      'Exposición sobre Leonardo Torres Quevedo, destacando su contribución a
      la ingeniería. Presentada por Francisco A. González Redondo, se llevará
      a cabo en el Hall Aulario IV de la Universidad de Almería.', 'others':
      {'category': 'Exposición Divulgación Científica', 'hour':
      '__NOT_FOUND__', 'startDate': '2026-4-23T09:00+2:00', 'endDate':
      '2026-4-23T21:00+2:00', 'duration_days': 0, 'location': '04120 La Cañada,
      Almería'}, 'source': 'AlmeriaTurismo', 'exec_time': '20260308T220128',
      'session': '2026_03_08_21_58_Domingo', 'image':
      'https://www.turismodealmeria.org/wp-content/uploads/2026/02/Leonardo-Torr
      es-Quevedo-El-ingeniero-total.jpg', 'url':
      'https://www.turismodealmeria.org/evento/leonardo-torres-quevedo-el-ingeni
      ero-total/var/ri-4.l-L1'}
      --------------------
      {'id': 'a645aea5', 'show': 1, 'in_city': 1, 'one_day': 1,
      'wrong_date_time': 0, 'event': 'Por ELLAS, Por TODAS Beijing +30', 'slug':
      'por-ellas-por-todas-beijing-30', 'category': '__NOT_DEFINIED__',
      'id_venue': None, 'venue': '__NOT_FOUND__', 'std_venue': None,
      'start_date': '2026-04-23', 'start_time': '11:00:00', 'end_date':
      '2026-04-23', 'end_time': '13:00:00', 'description': 'Exposición sobre la
      influencia del evento Beijing +30, centrada en la reivindicación de los
      derechos de las mujeres. Se llevará a cabo en el Paraninfo, Sala de
      exposiciones de la Universidad de Almería del 6 al 27 de abril de 2026.',
      'others': {'category': 'Exposición y divulgación científica', 'hour':
      '(Jueves) 11:00 am - 13:00 pm', 'startDate': '2026-4-23T11:00+2:00',
      'endDate': '2026-4-23T13:00+2:00', 'duration_days': 0, 'location':
      '__NOT_FOUND__'}, 'source': 'AlmeriaTurismo', 'exec_time':
      '20260308T220128', 'session': '2026_03_08_21_58_Domingo', 'image':
      'https://www.turismodealmeria.org/wp-content/uploads/2026/03/Por-ELLAS-por
      -TODAS-Beijing-30.jpg', 'url':
      'https://www.turismodealmeria.org/evento/por-ellas-por-todas-beijing-30/va
      r/ri-6.l-L1'}
      --------------------
      {'id': '9c5bd667', 'show': 1, 'in_city': 1, 'one_day': 1,
      'wrong_date_time': 0, 'event': 'Actualidad Astronómica Con Jorge
      Iglesias', 'slug': 'actualidad-astronomica-con-jorge-iglesias',
      'category': '__NOT_DEFINIED__', 'id_venue': '8g4nLPqF', 'venue':
      'Universidad de Almería (UAL)', 'std_venue': 'Paraninfo de la Universidad
      de Almería', 'start_date': '2026-04-23', 'start_time': '12:00:00',
      'end_date': '2026-04-23', 'end_time': '13:30:00', 'description': 'El ciclo
      de tertulias sobre astronomía vuelve este año con Jorge Iglesias, quien
      presentará y debatirá sobre las novedades más importantes en el ámbito
      astronómico. Las sesiones se llevarán a cabo en el Edificio de
      Psicología, Sala de Grados, a las 12:00h. Fechas: 19 de febrero, 19 de
      marzo, 23 de abril y 21 de mayo.', 'others': {'category': 'Edificio de
      Psicología, Sala de Grados, Universidad de Almería', 'hour':
      '__NOT_FOUND__', 'startDate': '2026-4-23T12:00+2:00', 'endDate':
      '2026-4-23T13:30+2:00', 'duration_days': 0, 'location': 'Carr. Sacramento,
      s/n, 04120 La Cañada, Almería'}, 'source': 'AlmeriaTurismo',
      'exec_time': '20260308T220128', 'session': '2026_03_08_21_58_Domingo',
      'image':
      'https://www.turismodealmeria.org/wp-content/uploads/2026/02/Actualidad-as
      tronomica-con-Jorge-Iglesias.jpg', 'url':
      'https://www.turismodealmeria.org/evento/actualidad-astronomica-con-jorge-
      iglesias/var/ri-2.l-L1'}
      --------------------
      {'id': '4183e957', 'show': 1, 'in_city': 1, 'one_day': 1,
      'wrong_date_time': 0, 'event': 'Cuentacuentos: Un Amigo Como Tú', 'slug':
      'cuentacuentos-un-amigo-como-tu', 'category': '__NOT_DEFINIED__',
      'id_venue': 'J8tbTLH7', 'venue': 'Librería Picasso', 'std_venue':
      'Librería Picasso', 'start_date': '2026-04-23', 'start_time': '17:00:00',
      'end_date': '2026-04-23', 'end_time': '19:00:00', 'description':
      'Participa en el cuentacuentos para niños a partir de 3 años basado en
      el libro ‘Un Amigo Como Tú’ de Andrea Schomburg y Barbara Röttgen.
      Te esperamos en Librerías Picasso, Almería.', 'others': {'category': 'Un
      Amigo Como Tú', 'hour': '__NOT_FOUND__', 'startDate':
      '2026-4-23T17:00+2:00', 'endDate': '2026-4-23T19:00+2:00',
      'duration_days': 0, 'location': 'Calle Reyes Católicos, 18, 04001
      Almería'}, 'source': 'AlmeriaTurismo', 'exec_time': '20260308T220128',
      'session': '2026_03_08_21_58_Domingo', 'image':
      'https://www.turismodealmeria.org/wp-content/uploads/2026/02/Cuentacuentos
      -Un-Amigo-Como-Tu.jpg', 'url':
      'https://www.turismodealmeria.org/evento/cuentacuentos-un-amigo-como-tu/'}
      --------------------
      {'id': 'c732c293', 'show': 1, 'in_city': 1, 'one_day': 1,
      'wrong_date_time': 0, 'event': 'Leonardo Torres Quevedo: El Ingeniero
      Total', 'slug': 'leonardo-torres-quevedo-el-ingeniero-total', 'category':
      '__NOT_DEFINIED__', 'id_venue': '8g4nLPqF', 'venue': 'Aulario IV de la
      Universidad de Almería', 'std_venue': 'Paraninfo de la Universidad de
      Almería', 'start_date': '2026-04-24', 'start_time': '09:00:00',
      'end_date': '2026-04-24', 'end_time': '21:00:00', 'description':
      'Exposición sobre Leonardo Torres Quevedo, destacando su contribución a
      la ingeniería. Presentada por Francisco A. González Redondo, se llevará
      a cabo en el Hall Aulario IV de la Universidad de Almería.', 'others':
      {'category': 'Exposición Divulgación Científica', 'hour':
      '__NOT_FOUND__', 'startDate': '2026-4-24T09:00+2:00', 'endDate':
      '2026-4-24T21:00+2:00', 'duration_days': 0, 'location': '04120 La Cañada,
      Almería'}, 'source': 'AlmeriaTurismo', 'exec_time': '20260308T220128',
      'session': '2026_03_08_21_58_Domingo', 'image':
      'https://www.turismodealmeria.org/wp-content/uploads/2026/02/Leonardo-Torr
      es-Quevedo-El-ingeniero-total.jpg', 'url':
      'https://www.turismodealmeria.org/evento/leonardo-torres-quevedo-el-ingeni
      ero-total/var/ri-5.l-L1'}
      --------------------
      {'id': '93b64981', 'show': 1, 'in_city': 1, 'one_day': 1,
      'wrong_date_time': 1, 'event': 'Visita Guiada a La Casa Del Cine', 'slug':
      'visita-guiada-a-la-casa-del-cine', 'category': '__NOT_DEFINIED__',
      'id_venue': 'df8rMnjt', 'venue': 'Casa del Cine de Almería', 'std_venue':
      'Casa del Cine', 'start_date': '2026-04-24', 'start_time':
      '__NOT_FOUND__', 'end_date': '2026-04-24', 'end_time': '__NOT_FOUND__',
      'description': 'Si buscas planazo para el viernes… aquí lo tienes. A
      partir del 12 de diciembre, gran oportunidad para conocer la Casa del
      Cine, su legado y la historia cinematográfica de Almería.. Únete a
      nuestra visita guiada por la Finca Santa Isabel y descubre los secretos,
      anécdotas y rincones que guarda.. Asegura tu plaza llamando al 950 21 00
      30 (En horario de Casa del Cine). ¡Te esperamos!', 'others': {'category':
      'Todos los viernes', 'hour': '__NOT_FOUND__', 'startDate': '2026-4-24',
      'endDate': '2026-4-24', 'duration_days': 0, 'location': 'Camino Romero, 1,
      04009 Almería'}, 'source': 'AlmeriaTurismo', 'exec_time':
      '20260308T220128', 'session': '2026_03_08_21_58_Domingo', 'image':
      'https://www.turismodealmeria.org/wp-content/uploads/2025/12/visita-guiada
      .jpg', 'url':
      'https://www.turismodealmeria.org/evento/visita-guiada-a-la-casa-del-cine/
      var/ri-19.l-L1'}
      --------------------
      {'id': 'b7a512ed', 'show': 1, 'in_city': 1, 'one_day': 1,
      'wrong_date_time': 0, 'event': 'El Mentalista Canalla', 'slug':
      'el-mentalista-canalla', 'category': '__NOT_DEFINIED__', 'id_venue':
      '7qHRF9LM', 'venue': 'Sala EMMA', 'std_venue': 'Sala Escuela Municipal de
      Música & Artes', 'start_date': '2026-04-24', 'start_time': '20:00:00',
      'end_date': '2026-04-24', 'end_time': '22:00:00', 'description': 'No te
      pierdas el impactante show de Abraham Gallego, ‘El Mentalista
      Canalla’, un espectáculo de magia y mentalismo para toda la familia.
      Vive una experiencia divertida y desafiante, donde la magia y la mente se
      unen para sorprenderte en cada momento. ¡Ven a disfrutarlo el 24 de abril
      en la Sala EMMA de Almería!', 'others': {'category': 'Abraham Gallego
      presenta un espectáculo de magia y mentalismo', 'hour': '__NOT_FOUND__',
      'startDate': '2026-4-24T20:00+2:00', 'endDate': '2026-4-24T22:00+2:00',
      'duration_days': 0, 'location': 'C. Rbla. Obispo Orberá, 23, 04001
      Almería'}, 'source': 'AlmeriaTurismo', 'exec_time': '20260308T220128',
      'session': '2026_03_08_21_58_Domingo', 'image':
      'https://www.turismodealmeria.org/wp-content/uploads/2026/02/elmentalista.
      jpg', 'url':
      'https://www.turismodealmeria.org/evento/el-mentalista-canalla/'}
      --------------------
      {'id': 'e38636bb', 'show': 1, 'in_city': 1, 'one_day': 1,
      'wrong_date_time': 0, 'event': 'Profesor Poopsnuggle', 'slug':
      'profesor-poopsnuggle', 'category': '__NOT_DEFINIED__', 'id_venue':
      'NmPqTrh6', 'venue': 'Berlin Social Club', 'std_venue': 'Berlin Social
      Club', 'start_date': '2026-04-24', 'start_time': '21:30:00', 'end_date':
      '2026-04-24', 'end_time': '23:00:00', 'description': 'Profesor Popsnuggle
      llega a la Sala Berlin Social Club en Almería el 24 de abril de 2026 para
      ofrecer una noche de pop retrofuturista. Germán, José, Álvaro y
      Laureano forman este cuarteto que se inspira en el pop español de los
      años sesenta, la movida madrileña, los sintetizadores analógicos y la
      bossa nova. Desde su irrupción en 2004 con el álbum “El Turismo”, su
      música ha prestado una mirada divertida y crítica al pasado musical
      español. En 2008 reafirmaron su propuesta con el lanzamiento de “El Fin
      de las Colonias Africanas”. Una cita imperdible para los amantes del pop
      con sabor nostálgico y visionario.', 'others': {'category':
      '__NOT_FOUND__', 'hour': '__NOT_FOUND__', 'startDate':
      '2026-4-24T21:30+2:00', 'endDate': '2026-4-24T23:00+2:00',
      'duration_days': 0, 'location': 'Parque de Nicolás Salmerón, 9, Bajo 2,
      04001 Almería'}, 'source': 'AlmeriaTurismo', 'exec_time':
      '20260308T220128', 'session': '2026_03_08_21_58_Domingo', 'image':
      'https://www.turismodealmeria.org/wp-content/uploads/2026/02/profesorpopnu
      ggle.jpg', 'url':
      'https://www.turismodealmeria.org/evento/profesor-poopsnuggle/'}
      --------------------
      {'id': '289bc017', 'show': 1, 'in_city': 1, 'one_day': 1,
      'wrong_date_time': 0, 'event': 'Cuentacuentos: Te Quiero Tanto - Saeko
      Inui', 'slug': 'cuentacuentos-te-quiero-tanto-saeko-inui', 'category':
      '__NOT_DEFINIED__', 'id_venue': 'J8tbTLH7', 'venue': 'Librería Picasso',
      'std_venue': 'Librería Picasso', 'start_date': '2026-04-25',
      'start_time': '11:00:00', 'end_date': '2026-04-25', 'end_time':
      '13:00:00', 'description': 'Evento de cuentacuentos para niños a partir
      de 3 años basado en el libro ‘Te quiero tanto’ de Saeko Inui. Se
      realizará en Librerías Picasso, Almería.', 'others': {'category':
      'Lectura para niños', 'hour': '(Sábado) 11:00 am - 13:00 pm',
      'startDate': '2026-4-25T11:00+2:00', 'endDate': '2026-4-25T13:00+2:00',
      'duration_days': 0, 'location': 'Calle Reyes Católicos, 18, 04001
      Almería'}, 'source': 'AlmeriaTurismo', 'exec_time': '20260308T220128',
      'session': '2026_03_08_21_58_Domingo', 'image':
      'https://www.turismodealmeria.org/wp-content/uploads/2026/02/Cuentacuentos
      -Te-quiero-tanto-Saeko-Inui.jpg', 'url':
      'https://www.turismodealmeria.org/evento/cuentacuentos-te-quiero-tanto-sae
      ko-inui/'}
      --------------------
      {'id': '0234ac20', 'show': 1, 'in_city': 1, 'one_day': 1,
      'wrong_date_time': 0, 'event': 'XV METALMERIA FEST - 25 Abril', 'slug':
      'xv-metalmeria-fest-25-abril', 'category': '__NOT_DEFINIED__', 'id_venue':
      'NmPqTrh6', 'venue': 'Berlin Social Club', 'std_venue': 'Berlin Social
      Club', 'start_date': '2026-04-25', 'start_time': '16:00:00', 'end_date':
      '2026-04-25', 'end_time': '19:00:00', 'description': 'El 25 de abril de
      2026 se celebrará la decimoquinta edición del METALMERIA FEST en la Sala
      Berlin Social Club de Almería, con apertura de puertas a las 26:00h. El
      festival contará con una potente alineación internacional de bandas de
      metal como Kate’s Acid (Speed Metal – Bélgica), DeathStorm (Thrash
      Metal – Austria), Ecclesia (Heavy/Doom Metal – Francia), Speed Queen
      (Speed Metal – Bélgica) y Peace After Pain (Crossover/Thrash Metal –
      Barcelona). Las entradas anticipadas tienen un coste de 25 €, mientras
      que en taquilla costarán 30 €. Los socios pueden adquirir su entrada
      por 15 €, y los poseedores del carnet Interclub por 22 €. Las entradas
      compradas online serán canjeadas físicamente en taquilla.', 'others':
      {'category': '__NOT_FOUND__', 'hour': '__NOT_FOUND__', 'startDate':
      '2026-4-25T16:00+2:00', 'endDate': '2026-4-25T19:00+2:00',
      'duration_days': 0, 'location': 'Parque de Nicolás Salmerón, 9, Bajo 2,
      04001 Almería'}, 'source': 'AlmeriaTurismo', 'exec_time':
      '20260308T220128', 'session': '2026_03_08_21_58_Domingo', 'image':
      'https://www.turismodealmeria.org/wp-content/uploads/2026/02/xv-metalalmer
      ia.jpg', 'url':
      'https://www.turismodealmeria.org/evento/xv-metalmeria-fest-25-abril/'}
      --------------------
      {'id': '20d21a6f', 'show': 1, 'in_city': 1, 'one_day': 1,
      'wrong_date_time': 0, 'event': 'Campeones 2 en El Teatro', 'slug':
      'campeones-2-en-el-teatro', 'category': '__NOT_DEFINIED__', 'id_venue':
      None, 'venue': '__NOT_FOUND__', 'std_venue': None, 'start_date':
      '2026-04-25', 'start_time': '20:00:00', 'end_date': '2026-04-25',
      'end_time': '22:00:00', 'description': 'La exitosa y entrañable obra
      ‘Campeones 2 en el Teatro: Si Lorca levantara la cabeza’ llega a
      Almería. Con un elenco formado por Alberto Nieto, Emilio Gavira, Luis
      Mottola, Daniel Pico García, Claudia Fesser y Gloria Ramos, y dirigida
      por Juan Manuel Montilla El Langui, esta comedia teatral continúa la
      inspiración de la aclamada película. ¡Una experiencia divertida,
      emotiva y cargada de mensajes positivos sobre la superación y la
      inclusión! No te lo pierdas el sábado 25 de abril a las 20:00h en el
      Auditorio Maestro Padilla. Las entradas están disponibles desde 22€ en
      la taquilla del Teatro Apolo.', 'others': {'category': 'Auditorio Maestro
      Padilla', 'hour': '__NOT_FOUND__', 'startDate': '2026-4-25T20:00+2:00',
      'endDate': '2026-4-25T22:00+2:00', 'duration_days': 0, 'location':
      '__NOT_FOUND__'}, 'source': 'AlmeriaTurismo', 'exec_time':
      '20260308T220128', 'session': '2026_03_08_21_58_Domingo', 'image':
      'https://www.turismodealmeria.org/wp-content/uploads/2026/02/campeones2.jp
      g', 'url':
      'https://www.turismodealmeria.org/evento/campeones-2-en-el-teatro/'}
      --------------------
      {'id': '77c28a09', 'show': 1, 'in_city': 1, 'one_day': 1,
      'wrong_date_time': 0, 'event': 'Leonardo Torres Quevedo: El Ingeniero
      Total', 'slug': 'leonardo-torres-quevedo-el-ingeniero-total', 'category':
      '__NOT_DEFINIED__', 'id_venue': '8g4nLPqF', 'venue': 'Aulario IV de la
      Universidad de Almería', 'std_venue': 'Paraninfo de la Universidad de
      Almería', 'start_date': '2026-04-27', 'start_time': '09:00:00',
      'end_date': '2026-04-27', 'end_time': '21:00:00', 'description':
      'Exposición sobre Leonardo Torres Quevedo, destacando su contribución a
      la ingeniería. Presentada por Francisco A. González Redondo, se llevará
      a cabo en el Hall Aulario IV de la Universidad de Almería.', 'others':
      {'category': 'Exposición Divulgación Científica', 'hour':
      '__NOT_FOUND__', 'startDate': '2026-4-27T09:00+2:00', 'endDate':
      '2026-4-27T21:00+2:00', 'duration_days': 0, 'location': '04120 La Cañada,
      Almería'}, 'source': 'AlmeriaTurismo', 'exec_time': '20260308T220128',
      'session': '2026_03_08_21_58_Domingo', 'image':
      'https://www.turismodealmeria.org/wp-content/uploads/2026/02/Leonardo-Torr
      es-Quevedo-El-ingeniero-total.jpg', 'url':
      'https://www.turismodealmeria.org/evento/leonardo-torres-quevedo-el-ingeni
      ero-total/var/ri-6.l-L1'}
      --------------------
      {'id': '5a00bff3', 'show': 1, 'in_city': 1, 'one_day': 1,
      'wrong_date_time': 0, 'event': 'Leonardo Torres Quevedo: El Ingeniero
      Total', 'slug': 'leonardo-torres-quevedo-el-ingeniero-total', 'category':
      '__NOT_DEFINIED__', 'id_venue': '8g4nLPqF', 'venue': 'Aulario IV de la
      Universidad de Almería', 'std_venue': 'Paraninfo de la Universidad de
      Almería', 'start_date': '2026-04-28', 'start_time': '09:00:00',
      'end_date': '2026-04-28', 'end_time': '21:00:00', 'description':
      'Exposición sobre Leonardo Torres Quevedo, destacando su contribución a
      la ingeniería. Presentada por Francisco A. González Redondo, se llevará
      a cabo en el Hall Aulario IV de la Universidad de Almería.', 'others':
      {'category': 'Exposición Divulgación Científica', 'hour':
      '__NOT_FOUND__', 'startDate': '2026-4-28T09:00+2:00', 'endDate':
      '2026-4-28T21:00+2:00', 'duration_days': 0, 'location': '04120 La Cañada,
      Almería'}, 'source': 'AlmeriaTurismo', 'exec_time': '20260308T220128',
      'session': '2026_03_08_21_58_Domingo', 'image':
      'https://www.turismodealmeria.org/wp-content/uploads/2026/02/Leonardo-Torr
      es-Quevedo-El-ingeniero-total.jpg', 'url':
      'https://www.turismodealmeria.org/evento/leonardo-torres-quevedo-el-ingeni
      ero-total/var/ri-7.l-L1'}
      --------------------
      {'id': 'a00ac282', 'show': 1, 'in_city': 1, 'one_day': 1,
      'wrong_date_time': 0, 'event': 'Taller De Escritura Creativa "Emoción en
      El Escritor, Emoción en El Lector"', 'slug':
      'taller-de-escritura-creativa-emocion-en-el-escritor-emocion-en-el-lector'
      , 'category': '__NOT_DEFINIED__', 'id_venue': '8g4nLPqF', 'venue':
      'Universidad de Almería (UAL)', 'std_venue': 'Paraninfo de la Universidad
      de Almería', 'start_date': '2026-04-28', 'start_time': '16:00:00',
      'end_date': '2026-04-28', 'end_time': '18:00:00', 'description': 'Descubre
      los secretos para atrapar a tus lectores y asombrar a los editores. Bruno
      Nievas nos guiará en este emocionante taller donde aprenderemos a crear
      ideas poderosas, superar el reto del primer borrador, desarrollar
      personajes conmovedores, idear situaciones impactantes, incorporar el
      viaje del héroe, editar sin piedad, publicar y autopublicar, y vender con
      éxito: ¿comprarías tu propio libro?', 'others': {'category':
      '__NOT_FOUND__', 'hour': '__NOT_FOUND__', 'startDate':
      '2026-4-28T16:00+2:00', 'endDate': '2026-4-28T18:00+2:00',
      'duration_days': 0, 'location': 'Carr. Sacramento, s/n, 04120 La Cañada,
      Almería'}, 'source': 'AlmeriaTurismo', 'exec_time': '20260308T220128',
      'session': '2026_03_08_21_58_Domingo', 'image':
      'https://www.turismodealmeria.org/wp-content/uploads/2026/03/taller-escrit
      ura.jpg', 'url':
      'https://www.turismodealmeria.org/evento/taller-de-escritura-creativa-emoc
      ion-en-el-escritor-emocion-en-el-lector/'}
      --------------------
      {'id': 'a4e6d124', 'show': 1, 'in_city': 1, 'one_day': 1,
      'wrong_date_time': 0, 'event': 'Leonardo Torres Quevedo: El Ingeniero
      Total', 'slug': 'leonardo-torres-quevedo-el-ingeniero-total', 'category':
      '__NOT_DEFINIED__', 'id_venue': '8g4nLPqF', 'venue': 'Aulario IV de la
      Universidad de Almería', 'std_venue': 'Paraninfo de la Universidad de
      Almería', 'start_date': '2026-04-29', 'start_time': '09:00:00',
      'end_date': '2026-04-29', 'end_time': '21:00:00', 'description':
      'Exposición sobre Leonardo Torres Quevedo, destacando su contribución a
      la ingeniería. Presentada por Francisco A. González Redondo, se llevará
      a cabo en el Hall Aulario IV de la Universidad de Almería.', 'others':
      {'category': 'Exposición Divulgación Científica', 'hour':
      '__NOT_FOUND__', 'startDate': '2026-4-29T09:00+2:00', 'endDate':
      '2026-4-29T21:00+2:00', 'duration_days': 0, 'location': '04120 La Cañada,
      Almería'}, 'source': 'AlmeriaTurismo', 'exec_time': '20260308T220128',
      'session': '2026_03_08_21_58_Domingo', 'image':
      'https://www.turismodealmeria.org/wp-content/uploads/2026/02/Leonardo-Torr
      es-Quevedo-El-ingeniero-total.jpg', 'url':
      'https://www.turismodealmeria.org/evento/leonardo-torres-quevedo-el-ingeni
      ero-total/var/ri-8.l-L1'}
      --------------------
      {'id': '52d73e52', 'show': 1, 'in_city': 1, 'one_day': 1,
      'wrong_date_time': 0, 'event': 'Leonardo Torres Quevedo: El Ingeniero
      Total', 'slug': 'leonardo-torres-quevedo-el-ingeniero-total', 'category':
      '__NOT_DEFINIED__', 'id_venue': '8g4nLPqF', 'venue': 'Aulario IV de la
      Universidad de Almería', 'std_venue': 'Paraninfo de la Universidad de
      Almería', 'start_date': '2026-04-30', 'start_time': '09:00:00',
      'end_date': '2026-04-30', 'end_time': '21:00:00', 'description':
      'Exposición sobre Leonardo Torres Quevedo, destacando su contribución a
      la ingeniería. Presentada por Francisco A. González Redondo, se llevará
      a cabo en el Hall Aulario IV de la Universidad de Almería.', 'others':
      {'category': 'Exposición Divulgación Científica', 'hour':
      '__NOT_FOUND__', 'startDate': '2026-4-30T09:00+2:00', 'endDate':
      '2026-4-30T21:00+2:00', 'duration_days': 0, 'location': '04120 La Cañada,
      Almería'}, 'source': 'AlmeriaTurismo', 'exec_time': '20260308T220128',
      'session': '2026_03_08_21_58_Domingo', 'image':
      'https://www.turismodealmeria.org/wp-content/uploads/2026/02/Leonardo-Torr
      es-Quevedo-El-ingeniero-total.jpg', 'url':
      'https://www.turismodealmeria.org/evento/leonardo-torres-quevedo-el-ingeni
      ero-total/var/ri-9.l-L1'}
      --------------------
      {'id': 'f66f75b5', 'show': 1, 'in_city': 1, 'one_day': 1,
      'wrong_date_time': 0, 'event': 'El Fantástico Viaje De Jonás El
      Espermatozoide', 'slug': 'el-fantastico-viaje-de-jonas-el-espermatozoide',
      'category': '__NOT_DEFINIED__', 'id_venue': 'tQfq78jF', 'venue': 'Teatro
      Apolo', 'std_venue': 'Teatro Apolo', 'start_date': '2026-04-30',
      'start_time': '20:30:00', 'end_date': '2026-04-30', 'end_time':
      '22:00:00', 'description': 'Un espectáculo familiar, para niños y niñas
      a partir de 6 años. Disfruta de las aventuras de Jonás en su fantástico
      viaje.', 'others': {'category': '__NOT_FOUND__', 'hour': '__NOT_FOUND__',
      'startDate': '2026-4-30T20:30+2:00', 'endDate': '2026-4-30T22:00+2:00',
      'duration_days': 0, 'location': 'Rambla Obispo Orbera, 25,04001
      Almería'}, 'source': 'AlmeriaTurismo', 'exec_time': '20260308T220128',
      'session': '2026_03_08_21_58_Domingo', 'image':
      'https://www.turismodealmeria.org/wp-content/uploads/2026/02/Captura-de-pa
      ntalla-2026-02-24-135009.jpg', 'url':
      'https://www.turismodealmeria.org/evento/el-fantastico-viaje-de-jonas-el-e
      spermatozoide/'}
      Checking unique event url.
      New url events = 0
      #######################
      No new urls/events extracted. No new events to save
      #######################

Result: Succeeded

Launching scraper: JuntaAndaluciaAgenda
Succeeded - 2026-03-08T22:02:02Z

dag: FisgonTaskSelenium (1m 15s)
│
└─tarea_1 (1m 15s) [succeeded]
  ├─bash -lc 'set -eo pipefail; export DOCKER_CONFIG=/tmp/.docker HOME=/tmp;
  │   SELENIUM_NAME="selenium_${DAG_RUN_ID:-$$}_$(date +%s)"; cleanup() {
  │   docker rm -f "$SELENIUM_NAME" >/dev/null 2>&1 || true; }; trap cleanup
  │   EXIT; docker run -d --rm --name "$SELENIUM_NAME" --shm-size=2g -e
  │   SE_NODE_MAX_SESSIONS=1 -e SE_NODE_OVERRIDE_MAX_SESSIONS=true
  │   selenium/standalone-chrome:latest >/dev/null; docker exec
  │   "$SELENIUM_NAME" bash -c "for i in \$(seq 1 60); do (echo >
  │   /dev/tcp/127.0.0.1/4444) >/dev/null 2>&1 && exit 0; sleep 1; done; exit
  │   1"; docker run --rm --network container:"$SELENIUM_NAME" -v
  │   /home/ubuntu/work/fisgon:/app -v
  │   /home/ubuntu/data_storage:/home/ubuntu/data_storage -v
  │   /home/ubuntu/work/event_flask_app/static/img:/home/ubuntu/work/event_fla
  │   sk_app/static/img -w /app -e OPERATION=0 -e DOCKER_CONFIG=/tmp/.docker
  │   -e HOME=/tmp -e TARGET_CITY -e TARGET_SCRAPER -e
  │   DAG_RUN_URL="${DAGU_BASE_URL:-}/dags/${DAG_NAME}?dagRunId=${DAG_RUN_ID}"
  │   -e
  │   DAG_RUN_LOG_URL="${DAGU_BASE_URL:-}/dags/${DAG_NAME}/log?remoteNode=loca
  │   l&step=tarea_1&dagRunId=${DAG_RUN_ID}" fisgon_scraper:1.0'
  │
  ├─stdout: ... (22 more lines)
  │   sleeping 7
  │   ******
  │   css selector
  │   .view-display-id-page_search_activities > ul:nth-child(3) >
  │   li:nth-child(1) > a:nth-child(1)
  │   clicking
  │   sleeping 3
  │   Scrolling...
  │   sleeping 1
  │   sleeping 7
  │   ******
  │   css selector
  │   .view-display-id-page_search_activities > ul:nth-child(3) >
  │   li:nth-child(1) > a:nth-child(1)
  │   clicking
  │   sleeping 3
  │   Scrolling...
  │   sleeping 1
  │   sleeping 7
  │   ******
  │   css selector
  │   .view-display-id-page_search_activities > ul:nth-child(3) >
  │   li:nth-child(1) > a:nth-child(1)
  │   clicking
  │   sleeping 3
  │   Scrolling...
  │   sleeping 1
  │   sleeping 7
  │   ******
  │   css selector
  │   .view-display-id-page_search_activities > ul:nth-child(3) >
  │   li:nth-child(1) > a:nth-child(1)
  │   clicking
  │   sleeping 3
  │   Scrolling...
  │   sleeping 1
  │   sleeping 7
  │   ******
  │   css selector
  │   .view-display-id-page_search_activities > ul:nth-child(3) >
  │   li:nth-child(1) > a:nth-child(1)
  │   .view-display-id-page_search_activities > ul:nth-child(3) >
  │   li:nth-child(1) > a:nth-child(1) Not found
  │   Getting content
  │   *** SCRAPED 66 URLS WITH EVENTS **
  │   New url events = 1
  │   0 / 1
  │   Getting
  │   https://www.juntadeandalucia.es/cultura/agendaculturaldeandalucia/evento
  │   /sesion-de-narracion-oral-cuentos-del-mar-de-alboran-con-el-arbol-de-las
  │   -piruletas-0
  │   Sleep 4
  │   --------------------
  │   {'id': '1ee1042a', 'show': 1, 'in_city': 1, 'one_day': 1,
  │   'wrong_date_time': 0, 'event': 'Sesión De Narración Oral "Cuentos Del
  │   Mar De Alborán", Con El Árbol De Las Piruletas', 'slug':
  │   'sesion-de-narracion-oral-cuentos-del-mar-de-alboran-con-el-arbol-de-las
  │   -piruleta', 'category': '__NOT_DEFINIED__', 'id_venue': 'TjmFnJdD',
  │   'venue': 'Biblioteca Pública del Estado-Biblioteca Provincial de
  │   Almería Francisco Villaespesa', 'std_venue': 'Biblioteca Pública
  │   Francisco Villaespesa', 'start_date': '2026-03-09', 'start_time':
  │   '10:00:00', 'end_date': '2026-03-09', 'end_time': '__NOT_DEFINIED__',
  │   'description': 'Sesión de narración oral "Cuentos del mar de
  │   Alborán", con El árbol de las piruletas. La actividad consiste en una
  │   sesión de narración oral donde se utilizarán los cuentos ambientados
  │   en los espacios naturales de Almería: El árbol de las piruletas, Un
  │   delfín entre las estrellas, Carla y el nido de tortuga boba, Julita, la
  │   pirata del mar de Alborán y El Corazón del Gigante. La narración,
  │   realizada por el autor de los cuentos, se apoyará en muestras de
  │   animales y plantas como caballitos de mar, huevos de tiburón, pelotas
  │   de posidonia, erizos y estrellas de mar entre otras. Los cuentos
  │   pretenden dar a conocer la biodiversidad más cercana, los espacios
  │   protegidos, los problemas ambientales a los que se enfrentan y la
  │   importancia del mar de Alborán, que es uno de los grandes puntos
  │   calientes de biodiversidad del planeta. Lunes 9 de marzo 10:00h. Sala de
  │   exposiciones. Actividad concertada con centros educativos.', 'others':
  │   {'location_url':
  │   '/cultura/agendaculturaldeandalucia/espacios/biblioteca-publica-del-esta
  │   do-biblioteca-provincial-de-almeria-francisco-villaespesa', 'location2':
  │   'Biblioteca Pública del Estado-Biblioteca Provincial de Almería
  │   Francisco Villaespesa', 'duration': '__NOT_FOUND__', 'datetime_details':
  │   '09 de Marzo del 2026, 10:00 h.', 'town': '__NOT_FOUND__', 'location':
  │   'Calle Hermanos Machado, s/n, Almería. Almería', 'duration_days':
  │   '__NOT_FOUND__'}, 'source': 'JuntaAndaluciaAgenda', 'exec_time':
  │   '20260308T220207', 'session': '2026_03_08_21_58_Domingo', 'image':
  │   'https://www.juntadeandalucia.es/cultura/agendaculturaldeandalucia/sites
  │   /default/files/styles/header_activity_ext_2xl/public/2026-03/9_CARTEL.jp
  │   g.webp?itok=1wgY_rCs', 'url':
  │   'https://www.juntadeandalucia.es/cultura/agendaculturaldeandalucia/event
  │   o/sesion-de-narracion-oral-cuentos-del-mar-de-alboran-con-el-arbol-de-la
  │   s-piruletas-0'}
  │   ****************************
  │   Saving 1 new events
  │   Saving in
  │   /home/ubuntu/data_storage/Almeria/2026_03_08_21_58_Domingo/0_raw/2026030
  │   8_2202_JuntaAndaluciaAgenda.json
  │   Saving 1 master url
  │   Appending to /home/ubuntu/data_storage/Almeria/00_master/master_url.json
  └─stderr:
      /usr/local/lib/python3.11/site-packages/urllib3/connectionpool.py:1097:
      InsecureRequestWarning: Unverified HTTPS request is being made to host
      'www.juntadeandalucia.es'. Adding certificate verification is strongly
      advised. See:
      https://urllib3.readthedocs.io/en/latest/advanced-usage.html#tls-warnings
      warnings.warn(

Result: Succeeded

Launching scraper: ClassicJazz
Succeeded - 2026-03-08T22:03:17Z

dag: FisgonTaskSelenium (1m 7s)
│
└─tarea_1 (1m 7s) [succeeded]
  ├─bash -lc 'set -eo pipefail; export DOCKER_CONFIG=/tmp/.docker HOME=/tmp;
  │   SELENIUM_NAME="selenium_${DAG_RUN_ID:-$$}_$(date +%s)"; cleanup() {
  │   docker rm -f "$SELENIUM_NAME" >/dev/null 2>&1 || true; }; trap cleanup
  │   EXIT; docker run -d --rm --name "$SELENIUM_NAME" --shm-size=2g -e
  │   SE_NODE_MAX_SESSIONS=1 -e SE_NODE_OVERRIDE_MAX_SESSIONS=true
  │   selenium/standalone-chrome:latest >/dev/null; docker exec
  │   "$SELENIUM_NAME" bash -c "for i in \$(seq 1 60); do (echo >
  │   /dev/tcp/127.0.0.1/4444) >/dev/null 2>&1 && exit 0; sleep 1; done; exit
  │   1"; docker run --rm --network container:"$SELENIUM_NAME" -v
  │   /home/ubuntu/work/fisgon:/app -v
  │   /home/ubuntu/data_storage:/home/ubuntu/data_storage -v
  │   /home/ubuntu/work/event_flask_app/static/img:/home/ubuntu/work/event_fla
  │   sk_app/static/img -w /app -e OPERATION=0 -e DOCKER_CONFIG=/tmp/.docker
  │   -e HOME=/tmp -e TARGET_CITY -e TARGET_SCRAPER -e
  │   DAG_RUN_URL="${DAGU_BASE_URL:-}/dags/${DAG_NAME}?dagRunId=${DAG_RUN_ID}"
  │   -e
  │   DAG_RUN_LOG_URL="${DAGU_BASE_URL:-}/dags/${DAG_NAME}/log?remoteNode=loca
  │   l&step=tarea_1&dagRunId=${DAG_RUN_ID}" fisgon_scraper:1.0'
  │
  ├─stdout: ... (12 more lines)
  │   RUNNING SESSION =  2026_03_08_21_58_Domingo
  │   Starting WebDriver...
  │   http://localhost:4444/wd/hub
  │   *********************times =1
  │   sleeping 7
  │   Scrolling...
  │   sleeping 1
  │   Getting content
  │   clicking
  │   sleeping 3
  │   sleeping 7
  │   *********************times =2
  │   sleeping 7
  │   Scrolling...
  │   sleeping 1
  │   Getting content
  │   clicking
  │   sleeping 3
  │   sleeping 7
  │   *** SCRAPED 139 URLS WITH EVENTS **
  │   New url events = 4
  │   0 / 4
  │   Getting https://clasijazz.com/evento/jam-jazz-port-of-spain-2/
  │   Sleep 4
  │   2026-03-19T22:00:00 2026-03-19T23:30:00
  │   --------------------
  │   {'id': 'b3680a47', 'show': 1, 'in_city': 1, 'one_day': 1,
  │   'wrong_date_time': 0, 'event': 'Jam Jazz', 'slug': 'jam-jazz',
  │   'category': '__NOT_DEFINIED__', 'id_venue': 'ddgm4gQP', 'venue': 'Port
  │   Of Spain', 'std_venue': 'Port Of Spain', 'start_date': '2026-03-19',
  │   'start_time': '22:00:00', 'end_date': '2026-03-19', 'end_time':
  │   '23:30:00', 'description': 'Port of Spain Entrada libre Otra apasionante
  │   Jam Sesión dirigida por Paco Posada Quartet. No os lo perdais . Noche
  │   de Standards', 'others': {'price': '__NOT_DEFINIED__', 'category':
  │   'Programación', 'location_url':
  │   'https://clasijazz.com/local/port-of-spain/', 'location': 'Parque
  │   Nicolás Salmeron 20, Almería'}, 'source': 'ClassicJazz', 'exec_time':
  │   '20260308T220322', 'session': '2026_03_08_21_58_Domingo', 'image':
  │   'https://clasijazz.com/wp-content/uploads/2026/03/WhatsApp-Image-2026-01
  │   -02-at-09.43.14.jpeg', 'url':
  │   'https://clasijazz.com/evento/jam-jazz-port-of-spain-2/'}
  │   1 / 4
  │   Getting
  │   https://clasijazz.com/evento/intercambio-de-idiomas-5/2026-04-30/
  │   Sleep 4
  │   2026-04-30T21:00:00 2026-04-30T23:00:00
  │   --------------------
  │   {'id': '8948d4ee', 'show': 1, 'in_city': 1, 'one_day': 1,
  │   'wrong_date_time': 0, 'event': 'Intercambio De Idiomas', 'slug':
  │   'intercambio-de-idiomas', 'category': '__NOT_DEFINIED__', 'id_venue':
  │   'Q6b6LRjT', 'venue': 'Clasijazz', 'std_venue': 'Clasijazz',
  │   'start_date': '2026-04-30', 'start_time': '21:00:00', 'end_date':
  │   '2026-04-30', 'end_time': '23:00:00', 'description': 'Sala Industrial
  │   Clasijazz Entrada Libre ¿Quieres conocer gente nueva y compartir ideas,
  │   experiencias y opiniones mientras practicas tus habilidades
  │   lingüísticas? ¡Hablaremos de todo: culturas, profesiones, arte y
  │   música! ¿Nivel avanzado? ¿Intermedio? ¿Principiante? ¡Hay espacio
  │   para todos! Únete a la comunidad del Intercambio de Idiomas y deja que
  │   la magia deja que la magia de los idiomas te atrape. Desde Octubre y
  │   todos los jueves 21:00-23:00', 'others': {'price': '__NOT_DEFINIED__',
  │   'category': 'Programación', 'location_url':
  │   'https://clasijazz.com/local/clasijazz/', 'location': 'C/Maestro Serrano
  │   nº9, Almería'}, 'source': 'ClassicJazz', 'exec_time':
  │   '20260308T220322', 'session': '2026_03_08_21_58_Domingo', 'image':
  │   'https://clasijazz.com/wp-content/uploads/2025/09/Intercambio-de-Idiomas
  │   .jpg', 'url':
  │   'https://clasijazz.com/evento/intercambio-de-idiomas-5/2026-04-30/'}
  │   2 / 4
  │   Getting https://clasijazz.com/evento/greeting-folk-rock-port-of-spain/
  │   Sleep 4
  │   2026-04-17T21:00:00 2026-04-17T23:30:00
  │   --------------------
  │   {'id': 'dc81894e', 'show': 1, 'in_city': 1, 'one_day': 1,
  │   'wrong_date_time': 0, 'event': 'Greeting Folk & Rock', 'slug':
  │   'greeting-folk-rock', 'category': '__NOT_DEFINIED__', 'id_venue':
  │   'ddgm4gQP', 'venue': 'Port Of Spain', 'std_venue': 'Port Of Spain',
  │   'start_date': '2026-04-17', 'start_time': '21:00:00', 'end_date':
  │   '2026-04-17', 'end_time': '23:30:00', 'description': '5 € NS / 2 € S
  │   Port of Spain Disfruta con los almerienses «Greetings» de toda la
  │   energía y pasión de la música Rock y Folk. Una banda en directo que
  │   nos invita a cantar y bailar, recorriendo las canciones populares de
  │   nuestros grupos favoritos, compartiendo el pop-rock en castellano, la
  │   música americana y el Folk irlandés. Desde nuestro único «Port Of
  │   Spain» al mundo!', 'others': {'price': '__NOT_DEFINIED__', 'category':
  │   'Programación', 'location_url':
  │   'https://clasijazz.com/local/port-of-spain/', 'location': 'Parque
  │   Nicolás Salmeron 20, Almería'}, 'source': 'ClassicJazz', 'exec_time':
  │   '20260308T220322', 'session': '2026_03_08_21_58_Domingo', 'image':
  │   'https://clasijazz.com/wp-content/uploads/2026/03/WhatsApp-Image-2026-03
  │   -08-at-17.57.08.jpeg', 'url':
  │   'https://clasijazz.com/evento/greeting-folk-rock-port-of-spain/'}
  │   3 / 4
  │   Getting
  │   https://clasijazz.com/evento/integral-de-mozart-piano-duos-de-trompa-y-d
  │   ivertimentos/
  │   Sleep 4
  │   2026-03-22T12:00:00 2026-03-22T13:30:00
  │   --------------------
  │   {'id': '54b1031e', 'show': 1, 'in_city': 1, 'one_day': 1,
  │   'wrong_date_time': 0, 'event': 'Integral De Mozart – Sonata Piano ,
  │   Dúos De Trompa Y Divertimentos', 'slug':
  │   'integral-de-mozart-sonata-piano-duos-de-trompa-y-divertimentos',
  │   'category': '__NOT_DEFINIED__', 'id_venue': 'Q6b6LRjT', 'venue': 'Sede
  │   Clasijazz', 'std_venue': 'Clasijazz', 'start_date': '2026-03-22',
  │   'start_time': '12:00:00', 'end_date': '2026-03-22', 'end_time':
  │   '13:30:00', 'description': '7 € NS / 3 € S Sala Principal Seguimos a
  │   tope con la integral de Mozart !!! Un reto que no se ha hecho en ninguna
  │   parte del mundo . Sonata KV 282 en Mi b Mayor Itzíar Gil Bueno Dúos de
  │   trompa K487 1 al 3 •\u2060 \u2060Miguel Ángel Curiel •\u2060
  │   \u2060David Torres 4 al 6 •\u2060 \u2060David Pérez •\u2060
  │   \u2060Raúl Giménez 7 al 9 •\u2060 \u2060Joaquín Góngora •\u2060
  │   \u2060Jorge Martínez 10 al 12 •\u2060 \u2060Verónica Jiménez
  │   •\u2060 \u2060Mónica Garrido Divertimentos: Oboes •\u2060
  │   \u2060Sheila Alcalá Cervera •\u2060 \u2060Emilio Curiel Ubago Fagotes
  │   •\u2060 \u2060Miguel Ángel Curiel Ubago •\u2060 \u2060David Ferre
  │   Alcaraz Trompas •\u2060 \u2060David Torres Cantón •\u2060
  │   \u2060Miguel Ángel Curiel Palomares Violonchelo •\u2060 \u2060Carmen
  │   Cristina Ferreira Rodríguez NOTAS AL PROGRAMA DEL CONCIERTO DEL 22 de
  │   MARZO en CLASIJAZZ. FIMA- Integral de Mozart El tercer concierto de este
  │   ciclo de la Integral de Mozart (1756-1791) que organiza la FIMA viene
  │   bien representado por los instrumentos de viento, con bastante presencia
  │   en todo el programa de la trompa. El concierto va a suponer un viaje de
  │   ida y vuelta de dos épocas de Mozart, las que tienen lugar en Salzburgo
  │   y en Viena. Comenzamos con una representación de las sonatas de Mozart,
  │   claves en el repertorio pianístico. La sonata KV 282 en Mi b Mayor
  │   pertenece a un primer grupo de seis sonatas compuestas mayoritariamente
  │   en otoño de 1774 en Salzburgo, en vísperas de su viaje a Munich.
  │   Están muy influidas por Haydn y Johan Christian Bach. Si bien en el
  │   cosmos de sonatas de Mozart ninguna es igual a la otra, esta sonata para
  │   piano solo, la cuarta de su catálogo, comienza con un Adagio y le
  │   siguen dos minuetos que aportan gracia para terminar con el breve y
  │   fugaz Allegro final. Aunque Mozart viajaba con un clavicordio, él ya
  │   está componiendo para un Hammerklavier, un nuevo instrumento que está
  │   cogiendo auge y está siendo perfeccionado en los años 70 y que no hace
  │   mucho tiempo fue inventado. Esto le permite investigar más sobre la
  │   expresividad y los afectos. Continuaremos con los 12 Dúos para trompas
  │   (KV 487) que son posteriores a los divertimentos que escucharemos
  │   después. Están en Do mayor y fueron compuestos a los 30 años de edad,
  │   en Viena, y se editaron en 1809. Si bien se ha debatido el tipo de
  │   trompa para el que fueron creados, según Paumgartner, “junto con los
  │   conciertos para trompa, son modelos ejemplares de la experiencia y arte
  │   particulares de Mozart en la explotación virtuosística de todos los
  │   recursos de la trompa de su época” . Es posible que por esta razón
  │   omitiera notas imposibles de interpretar en la trompa sin válvulas como
  │   apunta el Dr. David Doughty. Los dos 12 dúos siguen el siguiente orden:
  │   Allegro, Menuetto (Allegretto), Andante, Polonaise, Larghetto, Menuetto
  │   (y Trío), Adagio, Allegro, Menuetto (y Trío), Andante (en algunas
  │   ediciones aparece como Allegro), Menuetto (en algunas versiones Andante)
  │   y Allegro Se crearon en el ambiente musical de Gottfried von Jacquin, en
  │   el que se prodigó Mozart desde los primeros años que se asentó en
  │   Viena. Tal vez esto justifique la firma al final del manuscrito: “De
  │   W.M.A. en Viena, a 27 de julio, en medio de una partida de bolos” .
  │   Puede ser que en esas partidas coincidiera con su amigo trompista Joseph
  │   Leutgeb cuyas capacidades admiraba y tal vez explique los cromatismos de
  │   estas partituras. Al fin y al cabo Mozart disfrutaba componiendo piezas
  │   de prueba para sus amistades virtuosas. Se duda que estas piezas se
  │   interpretarán en público. El ambiente distendido en el que pareció
  │   sustentarse la época de la composición de los dúos contrasta con
  │   cómo detestaba la estancia más larga que tuvo Mozart en Salzburgo
  │   después de regresar de Munich en 1775. Las obras que siguen a
  │   continuación están creadas (como apunta Alfred Einstein) como música
  │   para amenizar, posiblemente en espacios abiertos. Este género lo
  │   utiliza también Mozart durante su ópera Don Giovanni o Cossí fan
  │   tutte, en el que se recrea el ambiente de música al aire libre o
  │   amenizando un almuerzo. Tal vez lo que apuntó el escritor Henri Ghéon
  │   a propósito de la Tafelmusik ofrecida por Mozart a Colloredo nos sirva
  │   de inspiración: “solamente instrumentos de viento; los instrumentos
  │   de cuerda, se dice, influyen en el estómago y quitan el apetito (…).
  │   Se trata de los tres primeros divertimentos para vientos que compuso en
  │   esta época. Se tratan de encargos del Arzobispo Colloredo. Es un
  │   género musical que podría partir de la casación, muy popular en la
  │   Viena preclásica. Están instrumentados con dos oboes, dos trompas y
  │   dos fagotes y tienen reminiscencias de canciones y bailes populares y
  │   son, según Paumgartner, “magistrales por el ágil tratamiento de los
  │   instrumentos de viento” . Como dice Inmaculada Quintanal, los dos
  │   oboes tienen un papel muy parecido al de los dos primeros violines de un
  │   cuarteto, y están sostenidos por los fagotes y las trompas tienen la
  │   funciónprincipal de completar la armonía del conjunto, aunque
  │   ocasionalmente se despegan y adquieren un mayor protagonismo melódico,
  │   imitando ideas que exponen los otros instrumentos. El primero de ellos,
  │   en Fa Mayor, el octavo de los divertimentos compuestos por Wolfgang
  │   Amadeus, se le llama “Tafelmusik” y representa, igual que los otros
  │   dos que le siguen, esas músicas de banquete destinadas a servir de
  │   fondo o acompañamiento. Compuesto en 1775 a los 19 años, contiene un
  │   Allegro spirituoso, Andante, Menuetto y una Contredanse en Rondeau y
  │   dura unos 11 minutos. Algunos críticos señalan que este divertimento
  │   presenta todavía una escritura propia de los instrumentos de cuerda.
  │   Como apuntan Poggi y Vallora, en los siguientes los instrumentos de
  │   viento si asumen una individualidad propia. Es el más conocido de la
  │   serie de «músicas de mesa», pero generalmente se oye en una
  │   transcripción posterior (y no de Mozart) para quinteto de viento. El
  │   segundo que escucharemos es el nº 9 de sus divertimentos, en Si b Mayor
  │   , compuesto en Enero de 1776, y que consta de Allegro, Andante grazioso,
  │   Menuetto, Allegro, con una duración aproximada de 13 minutos. Está
  │   más elaborado y, según Poggi y Vallora, la crítica lo considera un
  │   “simbólico ensayo estilístico” de la música mozartiana del
  │   periodo, en la que “la desenvoltura, la gracia melódica y la
  │   facilidad de comunicación no son óbice para una atenta elaboración
  │   musical “ Concluye el concierto con el Divertimento nº 12 K 252 en Mi
  │   b Mayor, el tercero de los de Salzburgo, de 1776 también, conformado
  │   por un Andante, un Menuetto, una Polonaise (andante), y un Presto , con
  │   una duración aproximada de 10 minutos Cuando escuchen comenzar la
  │   música, no evitar evocar el principio de una célebre melodía
  │   navideña. Al parecer el tema está construído sobre una canción
  │   popular del “Augsburgisches Tafelkonfekt” . Pero no es la única
  │   relación musical externa que podemos tener en la audición de esta
  │   obra, puesto que quien conozca bien el rondó del concierto nº 1 para
  │   piano de Beethoven reconocerá la melodía en el Presto final. También
  │   hay referencias de este último movimiento con la canción popular
  │   vienesa “El gato no dejará de cazar ratones” . En todo caso, el
  │   humor que destila esta música mozartiana y este final tan alegre y
  │   humorístico de tanta buena música, para banquetes, como ya hemos
  │   comentado, sin duda nos abrirá el apetito musical y posiblemente, por
  │   el horario al que termine el concierto, el otro apetito que podrá ser
  │   atendido a continuación en las casas, bares o restaurantes de Almería.
  │   ¡Que lo disfruten!', 'others': {'price': '3,00€ – 7,00€',
  │   'category': 'Programación', 'location_url':
  │   'https://clasijazz.com/local/sede-clasijazz/', 'location': 'Maestro
  │   Serrano 9, Almería'}, 'source': 'ClassicJazz', 'exec_time':
  │   '20260308T220322', 'session': '2026_03_08_21_58_Domingo', 'image':
  │   'https://clasijazz.com/wp-content/uploads/2026/03/WhatsApp-Image-2026-03
  │   -08-at-14.53.28.jpeg', 'url':
  │   'https://clasijazz.com/evento/integral-de-mozart-piano-duos-de-trompa-y-
  │   divertimentos/'}
  │   ****************************
  │   Saving 4 new events
  │   Saving in
  │   /home/ubuntu/data_storage/Almeria/2026_03_08_21_58_Domingo/0_raw/2026030
  │   8_2203_ClassicJazz.json
  │   Saving 4 master url
  │   Appending to /home/ubuntu/data_storage/Almeria/00_master/master_url.json
  └─stderr:
      /usr/local/lib/python3.11/site-packages/urllib3/connectionpool.py:1097:
      InsecureRequestWarning: Unverified HTTPS request is being made to host
      'clasijazz.com'. Adding certificate verification is strongly advised. See:
      https://urllib3.readthedocs.io/en/latest/advanced-usage.html#tls-warnings
      warnings.warn(
      /usr/local/lib/python3.11/site-packages/urllib3/connectionpool.py:1097:
      InsecureRequestWarning: Unverified HTTPS request is being made to host
      'clasijazz.com'. Adding certificate verification is strongly advised. See:
      https://urllib3.readthedocs.io/en/latest/advanced-usage.html#tls-warnings
      warnings.warn(
      /usr/local/lib/python3.11/site-packages/urllib3/connectionpool.py:1097:
      InsecureRequestWarning: Unverified HTTPS request is being made to host
      'clasijazz.com'. Adding certificate verification is strongly advised. See:
      https://urllib3.readthedocs.io/en/latest/advanced-usage.html#tls-warnings
      warnings.warn(
      /usr/local/lib/python3.11/site-packages/urllib3/connectionpool.py:1097:
      InsecureRequestWarning: Unverified HTTPS request is being made to host
      'clasijazz.com'. Adding certificate verification is strongly advised. See:
      https://urllib3.readthedocs.io/en/latest/advanced-usage.html#tls-warnings
      warnings.warn(

Result: Succeeded

Launching scraper: Entradium
Succeeded - 2026-03-08T22:04:24Z

dag: FisgonTaskSelenium (44.0s)
│
└─tarea_1 (44.0s) [succeeded]
  ├─bash -lc 'set -eo pipefail; export DOCKER_CONFIG=/tmp/.docker HOME=/tmp;
  │   SELENIUM_NAME="selenium_${DAG_RUN_ID:-$$}_$(date +%s)"; cleanup() {
  │   docker rm -f "$SELENIUM_NAME" >/dev/null 2>&1 || true; }; trap cleanup
  │   EXIT; docker run -d --rm --name "$SELENIUM_NAME" --shm-size=2g -e
  │   SE_NODE_MAX_SESSIONS=1 -e SE_NODE_OVERRIDE_MAX_SESSIONS=true
  │   selenium/standalone-chrome:latest >/dev/null; docker exec
  │   "$SELENIUM_NAME" bash -c "for i in \$(seq 1 60); do (echo >
  │   /dev/tcp/127.0.0.1/4444) >/dev/null 2>&1 && exit 0; sleep 1; done; exit
  │   1"; docker run --rm --network container:"$SELENIUM_NAME" -v
  │   /home/ubuntu/work/fisgon:/app -v
  │   /home/ubuntu/data_storage:/home/ubuntu/data_storage -v
  │   /home/ubuntu/work/event_flask_app/static/img:/home/ubuntu/work/event_fla
  │   sk_app/static/img -w /app -e OPERATION=0 -e DOCKER_CONFIG=/tmp/.docker
  │   -e HOME=/tmp -e TARGET_CITY -e TARGET_SCRAPER -e
  │   DAG_RUN_URL="${DAGU_BASE_URL:-}/dags/${DAG_NAME}?dagRunId=${DAG_RUN_ID}"
  │   -e
  │   DAG_RUN_LOG_URL="${DAGU_BASE_URL:-}/dags/${DAG_NAME}/log?remoteNode=loca
  │   l&step=tarea_1&dagRunId=${DAG_RUN_ID}" fisgon_scraper:1.0'
  │
  ├─stdout:
  │   RUNNING VARS →
  │   CITY=Almeria,
  │   OPERATION=0,
  │   CREATE_SESSION=0,
  │   CLOSE_SESSION=0,
  │   SESSION=None,
  │   IMAGES=0,
  │   GET_SCRAPERS=
  │   SCRAPER=Entradium
  │   DAG_RUN_URL=/dags/FisgonTaskSelenium/log?remoteNode=local&step=tarea_1&d
  │   agRunId=019ccf7a-e6e7-7d68-af3b-39602a09264c
  │   Running for Almeria: Entradium
  │   Entradium
  │   RUNNING SESSION =  2026_03_08_21_58_Domingo
  │   Starting WebDriver...
  │   http://localhost:4444/wd/hub
  │   sleeping 5
  │   clicking
  │   sleeping 3
  │   sleeping 1.5
  │   sleeping 3
  │   ******
  │   xpath
  │   /html/body/header/div[2]/div[1]/div/div/form/div/div/button/span/i
  │   clicking
  │   sleeping 3
  │   sleeping 8
  │   Getting content
  │   *** SCRAPED 27 URLS WITH EVENTS **
  │   New url events = 2
  │   0 / 2
  │   Getting https://entradium.com/es/events/pure-dance-sounds-almeria
  │   Sleep 4
  │   ['25.04.2026', '16:00']
  │   --------------------
  │   {'id': 'd3a417a0', 'show': 1, 'in_city': 0, 'one_day': 1,
  │   'wrong_date_time': 0, 'event': 'PURE Dance & Sounds Almería', 'slug':
  │   'pure-dance-sounds-almeria', 'category': '__NOT_DEFINIED__', 'id_venue':
  │   None, 'venue': 'Zapillo', 'std_venue': None, 'start_date': '2026-04-25',
  │   'start_time': '16:00:00', 'end_date': '__NOT_DEFINIED__', 'end_time':
  │   '__NOT_DEFINIED__', 'description': "PURE Dance & Sound Almería is
  │   one-of-a-kind. It is a substance-free, music-led dance experience to
  │   move, connect, and reset. We make it easy to drop into and let loose. No
  │   substances, no scrolling, no pretending. Just a room of like-minded
  │   people who want to feel good, enjoy the music, and be fully present.PURE
  │   Dance & Sound es una experiencia sin sustancias de baile y sound healing
  │   en Almería. Un plan divertido para moverte, conectar y recargar
  │   energía. Sin alcohol, sin drogas, sin móviles. What to bring Wear
  │   comfortable clothes and your favorite deodorant — let's dance hard and
  │   smell nice Bring a reusable water bottle (refills are on us) We
  │   recommend to bring a warm layer for the sound healing Feel free to bring
  │   your own mat or blanket to get cozy, though we have a few to borrow.
  │   Most importantly: bring an open mind and your playful energy. Trae ropa
  │   cómoda y tu desodorante favorito, tu botella de agua reutilizable, algo
  │   de abrigo y tu energía más auténtica.What to expectA stylish,
  │   substance-free space to move freely and let loose without the drama or
  │   the hangover. The event is beginner friendly (no dance experience
  │   needed) and mostly held in English with a Spanish-friendly atmosphere.
  │   ✦ 16:00 — Doors Open (chill-out area)✦ Fun warm-up games and
  │   connection activities✦ Free dance journey ✦ Grounding and energy
  │   downshift✦ One hour live sound healing✦ 21:00 — EndWhen & where is
  │   the event?Our space is divided into two areas you can move between
  │   freely. The Main Room is the heart of the event for music, movement, and
  │   presence. Here, you can dance your own way or take a breather anytime.
  │   The Chill-out Room is our social hub to relax, chat, play, and enjoy
  │   some water and snacks.Dos espacios: sala de baile y zona chill para
  │   socializar. Instagram: https://www.instagram.com/pure.dance.sounds/",
  │   'others': {}, 'source': 'Entradium', 'exec_time': '20260308T220429',
  │   'session': '2026_03_08_21_58_Domingo', 'image':
  │   'https://d2il8hfach02z9.cloudfront.net/uploads/event/poster/81550496cbe1
  │   489437edd6d7fc705ccad7744cfd/event_m_PURE_dace_and_sounds_almeria.png?v=
  │   1772992505', 'url':
  │   'https://entradium.com/es/events/pure-dance-sounds-almeria'}
  │   1 / 2
  │   Getting https://entradium.com/es/events/la-caguamaconda-en-el-zaguan
  │   Sleep 4
  │   ['20.03.2026', '22:00']
  │   --------------------
  │   {'id': '8246743c', 'show': 1, 'in_city': 1, 'one_day': 1,
  │   'wrong_date_time': 0, 'event': 'La Caguamaconda en El Zaguán', 'slug':
  │   'la-caguamaconda-en-el-zaguan', 'category': '__NOT_DEFINIED__',
  │   'id_venue': 'trpmPB62', 'venue': 'Cervecería Internacional El Zaguán',
  │   'std_venue': 'Zaguán', 'start_date': '2026-03-20', 'start_time':
  │   '22:00:00', 'end_date': '__NOT_DEFINIED__', 'end_time':
  │   '__NOT_DEFINIED__', 'description': 'Canción de autor contempóranea,
  │   una nueva forma de asumir y representar la canción en Cuba. Podrás
  │   disfrutar de una mirada musical cubana diferente donde se mezclan
  │   teatro, poesía y música. OSCAR SÁNCHEZ (1986, Cuba). Figura destacada
  │   en el panorama de la canción de autor contemporánea cubana. Ejecuta la
  │   guitarra, el tres y la marímbula, e incursiona en diversos géneros de
  │   la música cubana (son, bolero, changüí, nengón), no solo en sus
  │   formas puras, sino también a través de su hibridación. Su más
  │   reciente disco, Acqua di Oscaretto (2023) (https://lc.cx/f58fTv),
  │   producido de forma independiente y con el apoyo de Silvio Rodríguez,
  │   fue nominado al premio Cubadisco y ha recibido destacadas críticas en
  │   medios de prensa especializados. Fue seleccionado por la revista
  │   Magazine AMPM como uno de los diez mejores fonogramas cubanos de 2023.
  │   Ha compuesto música para obras de teatro e integró la agrupación
  │   Habana Roots Ensemble, bajo la dirección de Andrés Levín. En
  │   septiembre de 2019 fue invitado por Silvio Rodríguez a participar en el
  │   concierto 104 de la Gira Interminable por los Barrios. De julio a
  │   noviembre de 2022, tras recibir una beca de movilidad de Ibermúsicas,
  │   realizó su primera gira internacional en México. Allí recibió la
  │   residencia artística Zyanya, que finalizó con «Caguamacondeo
  │   pictórico», su primera exposición personal. Tiene, además, tres
  │   fonogramas producidos de manera independiente –Unknown artist (2015),
  │   Ojos que te vieron Go, Never te verán Come Back (2017), en
  │   colaboración con Marbis Manzanet, y Crowdfunding criollo (2020).
  │   Realizadores audiovisuales de importante trayectoria se han inspirado en
  │   su creación (http://lc.cx/PYj4Mv).', 'others': {}, 'source':
  │   'Entradium', 'exec_time': '20260308T220429', 'session':
  │   '2026_03_08_21_58_Domingo', 'image':
  │   'https://d2il8hfach02z9.cloudfront.net/uploads/event/poster/43f570bb28a2
  │   06383f3c842209c301b531f0a139/event_m_Concierto_Caguamaconda_en_el_Zagu%C
  │   3%A1n_20_de_marzo_Entradium.jpg?v=1772899851', 'url':
  │   'https://entradium.com/es/events/la-caguamaconda-en-el-zaguan'}
  │   ****************************
  │   Saving 2 new events
  │   Saving in
  │   /home/ubuntu/data_storage/Almeria/2026_03_08_21_58_Domingo/0_raw/2026030
  │   8_2204_Entradium.json
  │   Saving 2 master url
  │   Appending to /home/ubuntu/data_storage/Almeria/00_master/master_url.json
  └─stderr:
      /usr/local/lib/python3.11/site-packages/urllib3/connectionpool.py:1097:
      InsecureRequestWarning: Unverified HTTPS request is being made to host
      'entradium.com'. Adding certificate verification is strongly advised. See:
      https://urllib3.readthedocs.io/en/latest/advanced-usage.html#tls-warnings
      warnings.warn(
      /usr/local/lib/python3.11/site-packages/urllib3/connectionpool.py:1097:
      InsecureRequestWarning: Unverified HTTPS request is being made to host
      'entradium.com'. Adding certificate verification is strongly advised. See:
      https://urllib3.readthedocs.io/en/latest/advanced-usage.html#tls-warnings
      warnings.warn(

Result: Succeeded

Launching scraper: TodasLasEntradas
Succeeded - 2026-03-08T22:05:08Z

dag: FisgonTaskSelenium (11.0s)
│
└─tarea_1 (11.0s) [succeeded]
  ├─bash -lc 'set -eo pipefail; export DOCKER_CONFIG=/tmp/.docker HOME=/tmp;
  │   SELENIUM_NAME="selenium_${DAG_RUN_ID:-$$}_$(date +%s)"; cleanup() {
  │   docker rm -f "$SELENIUM_NAME" >/dev/null 2>&1 || true; }; trap cleanup
  │   EXIT; docker run -d --rm --name "$SELENIUM_NAME" --shm-size=2g -e
  │   SE_NODE_MAX_SESSIONS=1 -e SE_NODE_OVERRIDE_MAX_SESSIONS=true
  │   selenium/standalone-chrome:latest >/dev/null; docker exec
  │   "$SELENIUM_NAME" bash -c "for i in \$(seq 1 60); do (echo >
  │   /dev/tcp/127.0.0.1/4444) >/dev/null 2>&1 && exit 0; sleep 1; done; exit
  │   1"; docker run --rm --network container:"$SELENIUM_NAME" -v
  │   /home/ubuntu/work/fisgon:/app -v
  │   /home/ubuntu/data_storage:/home/ubuntu/data_storage -v
  │   /home/ubuntu/work/event_flask_app/static/img:/home/ubuntu/work/event_fla
  │   sk_app/static/img -w /app -e OPERATION=0 -e DOCKER_CONFIG=/tmp/.docker
  │   -e HOME=/tmp -e TARGET_CITY -e TARGET_SCRAPER -e
  │   DAG_RUN_URL="${DAGU_BASE_URL:-}/dags/${DAG_NAME}?dagRunId=${DAG_RUN_ID}"
  │   -e
  │   DAG_RUN_LOG_URL="${DAGU_BASE_URL:-}/dags/${DAG_NAME}/log?remoteNode=loca
  │   l&step=tarea_1&dagRunId=${DAG_RUN_ID}" fisgon_scraper:1.0'
  │
  └─stdout:
      RUNNING VARS →
      CITY=Almeria,
      OPERATION=0,
      CREATE_SESSION=0,
      CLOSE_SESSION=0,
      SESSION=None,
      IMAGES=0,
      GET_SCRAPERS=
      SCRAPER=TodasLasEntradas
      DAG_RUN_URL=/dags/FisgonTaskSelenium/log?remoteNode=local&step=tarea_1&dag
      RunId=019ccf7b-9416-76dc-bc9f-16e3a0bc2950
      Running for Almeria: TodasLasEntradas
      TodasLasEntradas
      RUNNING SESSION =  2026_03_08_21_58_Domingo
      Starting WebDriver...
      http://localhost:4444/wd/hub
      Getting content
      *** SCRAPED 17 URLS WITH EVENTS **
      New url events = 0
      #######################
      No new urls/events extracted. No new events to save
      #######################

Result: Succeeded

Launching scraper: RedBibliotecas
Succeeded - 2026-03-08T22:05:19Z

dag: FisgonTaskSelenium (8.0s)
│
└─tarea_1 (8.0s) [succeeded]
  ├─bash -lc 'set -eo pipefail; export DOCKER_CONFIG=/tmp/.docker HOME=/tmp;
  │   SELENIUM_NAME="selenium_${DAG_RUN_ID:-$$}_$(date +%s)"; cleanup() {
  │   docker rm -f "$SELENIUM_NAME" >/dev/null 2>&1 || true; }; trap cleanup
  │   EXIT; docker run -d --rm --name "$SELENIUM_NAME" --shm-size=2g -e
  │   SE_NODE_MAX_SESSIONS=1 -e SE_NODE_OVERRIDE_MAX_SESSIONS=true
  │   selenium/standalone-chrome:latest >/dev/null; docker exec
  │   "$SELENIUM_NAME" bash -c "for i in \$(seq 1 60); do (echo >
  │   /dev/tcp/127.0.0.1/4444) >/dev/null 2>&1 && exit 0; sleep 1; done; exit
  │   1"; docker run --rm --network container:"$SELENIUM_NAME" -v
  │   /home/ubuntu/work/fisgon:/app -v
  │   /home/ubuntu/data_storage:/home/ubuntu/data_storage -v
  │   /home/ubuntu/work/event_flask_app/static/img:/home/ubuntu/work/event_fla
  │   sk_app/static/img -w /app -e OPERATION=0 -e DOCKER_CONFIG=/tmp/.docker
  │   -e HOME=/tmp -e TARGET_CITY -e TARGET_SCRAPER -e
  │   DAG_RUN_URL="${DAGU_BASE_URL:-}/dags/${DAG_NAME}?dagRunId=${DAG_RUN_ID}"
  │   -e
  │   DAG_RUN_LOG_URL="${DAGU_BASE_URL:-}/dags/${DAG_NAME}/log?remoteNode=loca
  │   l&step=tarea_1&dagRunId=${DAG_RUN_ID}" fisgon_scraper:1.0'
  │
  └─stdout:
      RUNNING VARS →
      CITY=Almeria,
      OPERATION=0,
      CREATE_SESSION=0,
      CLOSE_SESSION=0,
      SESSION=None,
      IMAGES=0,
      GET_SCRAPERS=
      SCRAPER=RedBibliotecas
      DAG_RUN_URL=/dags/FisgonTaskSelenium/log?remoteNode=local&step=tarea_1&dag
      RunId=019ccf7b-bd60-7c9f-9f97-03c2934ae1f9
      Running for Almeria: RedBibliotecas
      RedBibliotecas
      RUNNING SESSION =  2026_03_08_21_58_Domingo
      START
      Starting WebDriver...
      http://localhost:4444/wd/hub
      page=1
      Getting content
      ['https://www.bibliotecaspublicas.es/almeria/actividades/Agenda/ta-172-tej
      iendo.html',
      'https://www.bibliotecaspublicas.es/almeria/actividades/Agenda/cca-todas.h
      tml',
      'https://www.bibliotecaspublicas.es/almeria/actividades/Agenda/cci-143-tra
      ctor.html',
      'https://www.bibliotecaspublicas.es/almeria/actividades/Agenda/cci-172-tra
      ctor.html',
      'https://www.bibliotecaspublicas.es/almeria/actividades/Agenda/cl-172.html
      ',
      'https://www.bibliotecaspublicas.es/almeria/actividades/Agenda/cci-140-tra
      ctor.html',
      'https://www.bibliotecaspublicas.es/almeria/actividades/Agenda/cci-141-tra
      ctor.html',
      'https://www.bibliotecaspublicas.es/almeria/actividades/Agenda/cci-143-hoy
      0.html',
      'https://www.bibliotecaspublicas.es/almeria/actividades/Agenda/pl-172a.htm
      l',
      'https://www.bibliotecaspublicas.es/almeria/actividades/Agenda/cl-alquian1
      .html',
      'https://www.bibliotecaspublicas.es/almeria/actividades/Agenda/pl-arias.ht
      ml',
      'https://www.bibliotecaspublicas.es/almeria/actividades/Agenda/ti-172-gara
      batos.html',
      'https://www.bibliotecaspublicas.es/almeria/actividades/Agenda/ti-141-gara
      batos.html',
      'https://www.bibliotecaspublicas.es/almeria/actividades/Agenda/ti-143-gara
      batos.html',
      'https://www.bibliotecaspublicas.es/almeria/actividades/Agenda/ti-140-gara
      batos.html',
      'https://www.bibliotecaspublicas.es/almeria/actividades/Agenda/cl-cabo.htm
      l']
      page=2
      Getting content
      ['https://www.bibliotecaspublicas.es/almeria/actividades/Agenda/ta-172-tej
      iendo.html',
      'https://www.bibliotecaspublicas.es/almeria/actividades/Agenda/cca-todas.h
      tml',
      'https://www.bibliotecaspublicas.es/almeria/actividades/Agenda/cci-143-tra
      ctor.html',
      'https://www.bibliotecaspublicas.es/almeria/actividades/Agenda/cci-172-tra
      ctor.html',
      'https://www.bibliotecaspublicas.es/almeria/actividades/Agenda/cl-172.html
      ',
      'https://www.bibliotecaspublicas.es/almeria/actividades/Agenda/cci-140-tra
      ctor.html',
      'https://www.bibliotecaspublicas.es/almeria/actividades/Agenda/cci-141-tra
      ctor.html',
      'https://www.bibliotecaspublicas.es/almeria/actividades/Agenda/cci-143-hoy
      0.html',
      'https://www.bibliotecaspublicas.es/almeria/actividades/Agenda/pl-172a.htm
      l',
      'https://www.bibliotecaspublicas.es/almeria/actividades/Agenda/cl-alquian1
      .html',
      'https://www.bibliotecaspublicas.es/almeria/actividades/Agenda/pl-arias.ht
      ml',
      'https://www.bibliotecaspublicas.es/almeria/actividades/Agenda/ti-172-gara
      batos.html',
      'https://www.bibliotecaspublicas.es/almeria/actividades/Agenda/ti-141-gara
      batos.html',
      'https://www.bibliotecaspublicas.es/almeria/actividades/Agenda/ti-143-gara
      batos.html',
      'https://www.bibliotecaspublicas.es/almeria/actividades/Agenda/ti-140-gara
      batos.html',
      'https://www.bibliotecaspublicas.es/almeria/actividades/Agenda/cl-cabo.htm
      l',
      'https://www.bibliotecaspublicas.es/almeria/actividades/Agenda/ta-172-teji
      endo.html',
      'https://www.bibliotecaspublicas.es/almeria/actividades/Agenda/cca-todas.h
      tml',
      'https://www.bibliotecaspublicas.es/almeria/actividades/Agenda/cci-143-tra
      ctor.html',
      'https://www.bibliotecaspublicas.es/almeria/actividades/Agenda/cci-172-tra
      ctor.html',
      'https://www.bibliotecaspublicas.es/almeria/actividades/Agenda/cl-172.html
      ',
      'https://www.bibliotecaspublicas.es/almeria/actividades/Agenda/cci-140-tra
      ctor.html',
      'https://www.bibliotecaspublicas.es/almeria/actividades/Agenda/cci-141-tra
      ctor.html',
      'https://www.bibliotecaspublicas.es/almeria/actividades/Agenda/cci-143-hoy
      0.html',
      'https://www.bibliotecaspublicas.es/almeria/actividades/Agenda/pl-172a.htm
      l',
      'https://www.bibliotecaspublicas.es/almeria/actividades/Agenda/cl-alquian1
      .html',
      'https://www.bibliotecaspublicas.es/almeria/actividades/Agenda/pl-arias.ht
      ml',
      'https://www.bibliotecaspublicas.es/almeria/actividades/Agenda/ti-172-gara
      batos.html',
      'https://www.bibliotecaspublicas.es/almeria/actividades/Agenda/ti-141-gara
      batos.html',
      'https://www.bibliotecaspublicas.es/almeria/actividades/Agenda/ti-143-gara
      batos.html',
      'https://www.bibliotecaspublicas.es/almeria/actividades/Agenda/ti-140-gara
      batos.html',
      'https://www.bibliotecaspublicas.es/almeria/actividades/Agenda/cl-cabo.htm
      l']
      page=3
      Getting content
      ['https://www.bibliotecaspublicas.es/almeria/actividades/Agenda/ta-172-tej
      iendo.html',
      'https://www.bibliotecaspublicas.es/almeria/actividades/Agenda/cca-todas.h
      tml',
      'https://www.bibliotecaspublicas.es/almeria/actividades/Agenda/cci-143-tra
      ctor.html',
      'https://www.bibliotecaspublicas.es/almeria/actividades/Agenda/cci-172-tra
      ctor.html',
      'https://www.bibliotecaspublicas.es/almeria/actividades/Agenda/cl-172.html
      ',
      'https://www.bibliotecaspublicas.es/almeria/actividades/Agenda/cci-140-tra
      ctor.html',
      'https://www.bibliotecaspublicas.es/almeria/actividades/Agenda/cci-141-tra
      ctor.html',
      'https://www.bibliotecaspublicas.es/almeria/actividades/Agenda/cci-143-hoy
      0.html',
      'https://www.bibliotecaspublicas.es/almeria/actividades/Agenda/pl-172a.htm
      l',
      'https://www.bibliotecaspublicas.es/almeria/actividades/Agenda/cl-alquian1
      .html',
      'https://www.bibliotecaspublicas.es/almeria/actividades/Agenda/pl-arias.ht
      ml',
      'https://www.bibliotecaspublicas.es/almeria/actividades/Agenda/ti-172-gara
      batos.html',
      'https://www.bibliotecaspublicas.es/almeria/actividades/Agenda/ti-141-gara
      batos.html',
      'https://www.bibliotecaspublicas.es/almeria/actividades/Agenda/ti-143-gara
      batos.html',
      'https://www.bibliotecaspublicas.es/almeria/actividades/Agenda/ti-140-gara
      batos.html',
      'https://www.bibliotecaspublicas.es/almeria/actividades/Agenda/cl-cabo.htm
      l',
      'https://www.bibliotecaspublicas.es/almeria/actividades/Agenda/ta-172-teji
      endo.html',
      'https://www.bibliotecaspublicas.es/almeria/actividades/Agenda/cca-todas.h
      tml',
      'https://www.bibliotecaspublicas.es/almeria/actividades/Agenda/cci-143-tra
      ctor.html',
      'https://www.bibliotecaspublicas.es/almeria/actividades/Agenda/cci-172-tra
      ctor.html',
      'https://www.bibliotecaspublicas.es/almeria/actividades/Agenda/cl-172.html
      ',
      'https://www.bibliotecaspublicas.es/almeria/actividades/Agenda/cci-140-tra
      ctor.html',
      'https://www.bibliotecaspublicas.es/almeria/actividades/Agenda/cci-141-tra
      ctor.html',
      'https://www.bibliotecaspublicas.es/almeria/actividades/Agenda/cci-143-hoy
      0.html',
      'https://www.bibliotecaspublicas.es/almeria/actividades/Agenda/pl-172a.htm
      l',
      'https://www.bibliotecaspublicas.es/almeria/actividades/Agenda/cl-alquian1
      .html',
      'https://www.bibliotecaspublicas.es/almeria/actividades/Agenda/pl-arias.ht
      ml',
      'https://www.bibliotecaspublicas.es/almeria/actividades/Agenda/ti-172-gara
      batos.html',
      'https://www.bibliotecaspublicas.es/almeria/actividades/Agenda/ti-141-gara
      batos.html',
      'https://www.bibliotecaspublicas.es/almeria/actividades/Agenda/ti-143-gara
      batos.html',
      'https://www.bibliotecaspublicas.es/almeria/actividades/Agenda/ti-140-gara
      batos.html',
      'https://www.bibliotecaspublicas.es/almeria/actividades/Agenda/cl-cabo.htm
      l',
      'https://www.bibliotecaspublicas.es/almeria/actividades/Agenda/ta-172-teji
      endo.html',
      'https://www.bibliotecaspublicas.es/almeria/actividades/Agenda/cca-todas.h
      tml',
      'https://www.bibliotecaspublicas.es/almeria/actividades/Agenda/cci-143-tra
      ctor.html',
      'https://www.bibliotecaspublicas.es/almeria/actividades/Agenda/cci-172-tra
      ctor.html',
      'https://www.bibliotecaspublicas.es/almeria/actividades/Agenda/cl-172.html
      ',
      'https://www.bibliotecaspublicas.es/almeria/actividades/Agenda/cci-140-tra
      ctor.html',
      'https://www.bibliotecaspublicas.es/almeria/actividades/Agenda/cci-141-tra
      ctor.html',
      'https://www.bibliotecaspublicas.es/almeria/actividades/Agenda/cci-143-hoy
      0.html',
      'https://www.bibliotecaspublicas.es/almeria/actividades/Agenda/pl-172a.htm
      l',
      'https://www.bibliotecaspublicas.es/almeria/actividades/Agenda/cl-alquian1
      .html',
      'https://www.bibliotecaspublicas.es/almeria/actividades/Agenda/pl-arias.ht
      ml',
      'https://www.bibliotecaspublicas.es/almeria/actividades/Agenda/ti-172-gara
      batos.html',
      'https://www.bibliotecaspublicas.es/almeria/actividades/Agenda/ti-141-gara
      batos.html',
      'https://www.bibliotecaspublicas.es/almeria/actividades/Agenda/ti-143-gara
      batos.html',
      'https://www.bibliotecaspublicas.es/almeria/actividades/Agenda/ti-140-gara
      batos.html',
      'https://www.bibliotecaspublicas.es/almeria/actividades/Agenda/cl-cabo.htm
      l']
      *** SCRAPED 48 URLS WITH EVENTS **
      New url events = 0
      #######################
      No new urls/events extracted. No new events to save
      #######################

Result: Succeeded

Launching scraper: SalaEmma
Succeeded - 2026-03-08T22:05:27Z

dag: FisgonTaskSelenium (18.0s)
│
└─tarea_1 (18.0s) [succeeded]
  ├─bash -lc 'set -eo pipefail; export DOCKER_CONFIG=/tmp/.docker HOME=/tmp;
  │   SELENIUM_NAME="selenium_${DAG_RUN_ID:-$$}_$(date +%s)"; cleanup() {
  │   docker rm -f "$SELENIUM_NAME" >/dev/null 2>&1 || true; }; trap cleanup
  │   EXIT; docker run -d --rm --name "$SELENIUM_NAME" --shm-size=2g -e
  │   SE_NODE_MAX_SESSIONS=1 -e SE_NODE_OVERRIDE_MAX_SESSIONS=true
  │   selenium/standalone-chrome:latest >/dev/null; docker exec
  │   "$SELENIUM_NAME" bash -c "for i in \$(seq 1 60); do (echo >
  │   /dev/tcp/127.0.0.1/4444) >/dev/null 2>&1 && exit 0; sleep 1; done; exit
  │   1"; docker run --rm --network container:"$SELENIUM_NAME" -v
  │   /home/ubuntu/work/fisgon:/app -v
  │   /home/ubuntu/data_storage:/home/ubuntu/data_storage -v
  │   /home/ubuntu/work/event_flask_app/static/img:/home/ubuntu/work/event_fla
  │   sk_app/static/img -w /app -e OPERATION=0 -e DOCKER_CONFIG=/tmp/.docker
  │   -e HOME=/tmp -e TARGET_CITY -e TARGET_SCRAPER -e
  │   DAG_RUN_URL="${DAGU_BASE_URL:-}/dags/${DAG_NAME}?dagRunId=${DAG_RUN_ID}"
  │   -e
  │   DAG_RUN_LOG_URL="${DAGU_BASE_URL:-}/dags/${DAG_NAME}/log?remoteNode=loca
  │   l&step=tarea_1&dagRunId=${DAG_RUN_ID}" fisgon_scraper:1.0'
  │
  └─stdout: ... (21 more lines)
      --------------------
      {'id': 'fb448336', 'show': 1, 'in_city': 1, 'one_day': 1,
      'wrong_date_time': 0, 'event': 'Rafa Tornado Punkústico', 'slug':
      'rafa-tornado-punkustico', 'category': '__NOT_DEFINIED__', 'id_venue':
      '7qHRF9LM', 'venue': 'Sala EMMA', 'std_venue': 'Sala Escuela Municipal de
      Música & Artes', 'start_date': '2026-03-15', 'start_time': '17:00:00',
      'end_date': '__NOT_FOUND__', 'end_time': '__NOT_FOUND__', 'description':
      'Domingo, 15 de Marzo, 2026 5:00 PM ENTRADA+CONSUMICIÓN 6.00 €',
      'others': {}, 'source': 'SalaEmma', 'exec_time': '20260308T220531',
      'session': '2026_03_08_21_58_Domingo', 'image':
      '/home/ubuntu/work/event_flask_app/static/img/e3be7d69.jpg', 'url':
      'https://entradasemma.azurewebsites.net/'}
      --------------------
      {'id': '7c34489e', 'show': 1, 'in_city': 1, 'one_day': 1,
      'wrong_date_time': 0, 'event': '¡corten! Una Comedia De Cine', 'slug':
      'corten-una-comedia-de-cine', 'category': '__NOT_DEFINIED__', 'id_venue':
      '7qHRF9LM', 'venue': 'Sala EMMA', 'std_venue': 'Sala Escuela Municipal de
      Música & Artes', 'start_date': '2026-04-25', 'start_time': '20:00:00',
      'end_date': '__NOT_FOUND__', 'end_time': '__NOT_FOUND__', 'description':
      'Sábado, 25 de Abril, 2026 8:00 PM 12.00 €', 'others': {}, 'source':
      'SalaEmma', 'exec_time': '20260308T220531', 'session':
      '2026_03_08_21_58_Domingo', 'image':
      '/home/ubuntu/work/event_flask_app/static/img/4ea69add.jpg', 'url':
      'https://entradasemma.azurewebsites.net/'}
      --------------------
      {'id': '113ec8fb', 'show': 1, 'in_city': 1, 'one_day': 1,
      'wrong_date_time': 0, 'event': 'Menos Es Más (Alumnos Emma)', 'slug':
      'menos-es-mas-alumnos-emma', 'category': '__NOT_DEFINIED__', 'id_venue':
      '7qHRF9LM', 'venue': 'Sala EMMA', 'std_venue': 'Sala Escuela Municipal de
      Música & Artes', 'start_date': '2026-05-22', 'start_time': '20:00:00',
      'end_date': '__NOT_FOUND__', 'end_time': '__NOT_FOUND__', 'description':
      'Viernes, 22 de Mayo, 2026 8:00 PM 8.00 €', 'others': {}, 'source':
      'SalaEmma', 'exec_time': '20260308T220531', 'session':
      '2026_03_08_21_58_Domingo', 'image':
      '/home/ubuntu/work/event_flask_app/static/img/51c8d2a0.jpg', 'url':
      'https://entradasemma.azurewebsites.net/'}
      --------------------
      {'id': 'dd058614', 'show': 1, 'in_city': 1, 'one_day': 1,
      'wrong_date_time': 0, 'event': 'Alvarito', 'slug': 'alvarito', 'category':
      '__NOT_DEFINIED__', 'id_venue': '7qHRF9LM', 'venue': 'Sala EMMA',
      'std_venue': 'Sala Escuela Municipal de Música & Artes', 'start_date':
      '2026-06-06', 'start_time': '20:00:00', 'end_date': '__NOT_FOUND__',
      'end_time': '__NOT_FOUND__', 'description': 'Sábado, 6 de Junio, 2026
      8:00 PM 12.00 €', 'others': {}, 'source': 'SalaEmma', 'exec_time':
      '20260308T220531', 'session': '2026_03_08_21_58_Domingo', 'image':
      '/home/ubuntu/work/event_flask_app/static/img/e304fab8.jpg', 'url':
      'https://entradasemma.azurewebsites.net/'}
      --------------------
      {'id': '9e7951a7', 'show': 1, 'in_city': 1, 'one_day': 1,
      'wrong_date_time': 0, 'event': 'Humor De Casados (Mariano Ypunto Y La
      Nena)', 'slug': 'humor-de-casados-mariano-ypunto-y-la-nena', 'category':
      '__NOT_DEFINIED__', 'id_venue': '7qHRF9LM', 'venue': 'Sala EMMA',
      'std_venue': 'Sala Escuela Municipal de Música & Artes', 'start_date':
      '2026-06-13', 'start_time': '20:00:00', 'end_date': '__NOT_FOUND__',
      'end_time': '__NOT_FOUND__', 'description': 'Sábado, 13 de Junio, 2026
      8:00 PM 15.00 €', 'others': {}, 'source': 'SalaEmma', 'exec_time':
      '20260308T220531', 'session': '2026_03_08_21_58_Domingo', 'image':
      '/home/ubuntu/work/event_flask_app/static/img/ff71f250.jpg', 'url':
      'https://entradasemma.azurewebsites.net/'}
      --------------------
      {'id': 'c718e0ae', 'show': 1, 'in_city': 1, 'one_day': 1,
      'wrong_date_time': 0, 'event': 'Menos Es Más', 'slug': 'menos-es-mas',
      'category': '__NOT_DEFINIED__', 'id_venue': '7qHRF9LM', 'venue': 'Sala
      EMMA', 'std_venue': 'Sala Escuela Municipal de Música & Artes',
      'start_date': '2026-05-22', 'start_time': '20:00:00', 'end_date':
      '__NOT_FOUND__', 'end_time': '__NOT_FOUND__', 'description': 'Viernes, 22
      de Mayo, 2026 8:00 PM "Menos es Mas" es un formato diferente para amenizar
      tu evento. Este proyecto combina rock, jazz, pop...y su finalidad es
      transmitir emociones a través del instrumento. Juanmi Viñolo ha
      preparado una selección de temas de grandes clásicos de artistas como
      Frank Sinatra, Carlos\nSantana, Luis Salinas...\nSi te gusta la guitarra
      eléctrica, no te lo puedes perder 10.00 €', 'others': {}, 'source':
      'SalaEmma', 'exec_time': '20260308T220531', 'session':
      '2026_03_08_21_58_Domingo', 'image':
      '/home/ubuntu/work/event_flask_app/static/img/60dda35a.jpg', 'url':
      'https://entradasemma.azurewebsites.net/'}
      --------------------
      {'id': '9fd3729b', 'show': 1, 'in_city': 1, 'one_day': 1,
      'wrong_date_time': 0, 'event': 'Pepe El Caja', 'slug': 'pepe-el-caja',
      'category': '__NOT_DEFINIED__', 'id_venue': '7qHRF9LM', 'venue': 'Sala
      EMMA', 'std_venue': 'Sala Escuela Municipal de Música & Artes',
      'start_date': '2026-05-23', 'start_time': '20:00:00', 'end_date':
      '__NOT_FOUND__', 'end_time': '__NOT_FOUND__', 'description': 'Sábado, 23
      de Mayo, 2026 8:00 PM 15.00 €', 'others': {}, 'source': 'SalaEmma',
      'exec_time': '20260308T220531', 'session': '2026_03_08_21_58_Domingo',
      'image': '/home/ubuntu/work/event_flask_app/static/img/70782889.jpg',
      'url': 'https://entradasemma.azurewebsites.net/'}
      --------------------
      {'id': '184d0a93', 'show': 1, 'in_city': 1, 'one_day': 1,
      'wrong_date_time': 0, 'event': 'Melocotón en Almíbar', 'slug':
      'melocoton-en-almibar', 'category': '__NOT_DEFINIED__', 'id_venue':
      '7qHRF9LM', 'venue': 'Sala EMMA', 'std_venue': 'Sala Escuela Municipal de
      Música & Artes', 'start_date': '2026-05-09', 'start_time': '20:00:00',
      'end_date': '__NOT_FOUND__', 'end_time': '__NOT_FOUND__', 'description':
      'Sábado, 9 de Mayo, 2026 8:00 PM 12.00 €', 'others': {}, 'source':
      'SalaEmma', 'exec_time': '20260308T220531', 'session':
      '2026_03_08_21_58_Domingo', 'image':
      '/home/ubuntu/work/event_flask_app/static/img/6aff5ceb.jpg', 'url':
      'https://entradasemma.azurewebsites.net/'}
      --------------------
      {'id': '1aded8cb', 'show': 1, 'in_city': 1, 'one_day': 1,
      'wrong_date_time': 0, 'event': 'Una De Impro! Dela Mujer', 'slug':
      'una-de-impro-dela-mujer', 'category': '__NOT_DEFINIED__', 'id_venue':
      '7qHRF9LM', 'venue': 'Sala EMMA', 'std_venue': 'Sala Escuela Municipal de
      Música & Artes', 'start_date': '2026-03-26', 'start_time': '21:00:00',
      'end_date': '__NOT_FOUND__', 'end_time': '__NOT_FOUND__', 'description':
      'Jueves, 26 de Marzo, 2026 9:00 PM 10.00 € Anticipada: 8.00 € hasta el
      Miércoles, 25 de Marzo, 2026', 'others': {}, 'source': 'SalaEmma',
      'exec_time': '20260308T220531', 'session': '2026_03_08_21_58_Domingo',
      'image': '/home/ubuntu/work/event_flask_app/static/img/39b1c683.jpg',
      'url': 'https://entradasemma.azurewebsites.net/'}
      --------------------
      {'id': '7fbcb904', 'show': 1, 'in_city': 1, 'one_day': 1,
      'wrong_date_time': 0, 'event': 'Victor Castigao Descontrolao', 'slug':
      'victor-castigao-descontrolao', 'category': '__NOT_DEFINIED__',
      'id_venue': '7qHRF9LM', 'venue': 'Sala EMMA', 'std_venue': 'Sala Escuela
      Municipal de Música & Artes', 'start_date': '2026-04-18', 'start_time':
      '20:00:00', 'end_date': '__NOT_FOUND__', 'end_time': '__NOT_FOUND__',
      'description': 'Sábado, 18 de Abril, 2026 8:00 PM 12.00 €', 'others':
      {}, 'source': 'SalaEmma', 'exec_time': '20260308T220531', 'session':
      '2026_03_08_21_58_Domingo', 'image':
      '/home/ubuntu/work/event_flask_app/static/img/0edcfa94.jpg', 'url':
      'https://entradasemma.azurewebsites.net/'}
      --------------------
      {'id': '2e0a11dc', 'show': 1, 'in_city': 1, 'one_day': 1,
      'wrong_date_time': 0, 'event': 'Manolo Lera', 'slug': 'manolo-lera',
      'category': '__NOT_DEFINIED__', 'id_venue': '7qHRF9LM', 'venue': 'Sala
      EMMA', 'std_venue': 'Sala Escuela Municipal de Música & Artes',
      'start_date': '2026-04-11', 'start_time': '20:00:00', 'end_date':
      '__NOT_FOUND__', 'end_time': '__NOT_FOUND__', 'description': 'Sábado, 11
      de Abril, 2026 8:00 PM 12.00 €', 'others': {}, 'source': 'SalaEmma',
      'exec_time': '20260308T220531', 'session': '2026_03_08_21_58_Domingo',
      'image': '/home/ubuntu/work/event_flask_app/static/img/db67b001.jpg',
      'url': 'https://entradasemma.azurewebsites.net/'}
      --------------------
      {'id': 'f2faaab0', 'show': 1, 'in_city': 1, 'one_day': 1,
      'wrong_date_time': 0, 'event': 'El Mentalista Canalla', 'slug':
      'el-mentalista-canalla', 'category': '__NOT_DEFINIED__', 'id_venue':
      '7qHRF9LM', 'venue': 'Sala EMMA', 'std_venue': 'Sala Escuela Municipal de
      Música & Artes', 'start_date': '2026-04-24', 'start_time': '20:00:00',
      'end_date': '__NOT_FOUND__', 'end_time': '__NOT_FOUND__', 'description':
      'Viernes, 24 de Abril, 2026 8:00 PM 12.00 €', 'others': {}, 'source':
      'SalaEmma', 'exec_time': '20260308T220531', 'session':
      '2026_03_08_21_58_Domingo', 'image':
      '/home/ubuntu/work/event_flask_app/static/img/fb91a09e.jpg', 'url':
      'https://entradasemma.azurewebsites.net/'}
      --------------------
      {'id': 'ede99702', 'show': 1, 'in_city': 1, 'one_day': 1,
      'wrong_date_time': 0, 'event': 'Taller Más Allá De La Voz', 'slug':
      'taller-mas-alla-de-la-voz', 'category': '__NOT_DEFINIED__', 'id_venue':
      '7qHRF9LM', 'venue': 'Sala EMMA', 'std_venue': 'Sala Escuela Municipal de
      Música & Artes', 'start_date': '2026-03-21', 'start_time': '09:00:00',
      'end_date': '__NOT_FOUND__', 'end_time': '__NOT_FOUND__', 'description':
      'Sábado, 21 de Marzo, 2026 9:00 AM Más allá de la voz es un taller
      intensivo dirigido a cantantes que desean profundizar en la
      interpretación emocional y la presencia escénica, transformando sus
      canciones en experiencias auténticas para el público.\nA lo largo del
      taller se trabaja la canción desde dentro: la letra, la intención y la
      emoción, integrando la técnica vocal con recursos expresivos y
      escénicos. El objetivo es que el cantante no solo cante correctamente,
      sino que comunique, emocione y conecte desde un lugar verdadero y
      consciente sobre el escenario. 45.00 €', 'others': {}, 'source':
      'SalaEmma', 'exec_time': '20260308T220531', 'session':
      '2026_03_08_21_58_Domingo', 'image':
      '/home/ubuntu/work/event_flask_app/static/img/4a226960.jpg', 'url':
      'https://entradasemma.azurewebsites.net/'}
      Checking unique event dict.
      Reading /home/ubuntu/data_storage/Almeria/00_master/master_events.json...
      *******
      [('Rafa Tornado Punkústico', 'Sala EMMA', '2026-03-15', '17:00:00'),
      ('¡corten! Una Comedia De Cine', 'Sala EMMA', '2026-04-25', '20:00:00'),
      ('Melocotón en Almíbar', 'Sala EMMA', '2026-05-09', '20:00:00'),
      ('Kikín Fernández Y Fernando Labordeta', 'Sala EMMA', '2026-05-16',
      '20:00:00'), ('Menos Es Más', 'Sala EMMA', '2026-05-22', '20:00:00'),
      ('Pepe El Caja', 'Sala EMMA', '2026-05-23', '20:00:00'), ('Alvarito',
      'Sala EMMA', '2026-06-06', '20:00:00'), ('Humor De Casados (Mariano Ypunto
      Y La Nena)', 'Sala EMMA', '2026-06-13', '20:00:00'), ('Una De Imrpo! Dela
      Mujer', 'Sala EMMA', '2026-03-26', '21:00:00')]
      ('Kikín Fernández Y Fernando Labordeta', 'Sala EMMA', '2026-05-16',
      '20:00:00')
      ('Christian Garcia (10 Años Dando Guerra)', 'Sala EMMA', '2026-03-14',
      '20:00:00')
      ('Rafa Tornado Punkústico', 'Sala EMMA', '2026-03-15', '17:00:00')
      ('¡corten! Una Comedia De Cine', 'Sala EMMA', '2026-04-25', '20:00:00')
      ('Menos Es Más (Alumnos Emma)', 'Sala EMMA', '2026-05-22', '20:00:00')
      ('Alvarito', 'Sala EMMA', '2026-06-06', '20:00:00')
      ('Humor De Casados (Mariano Ypunto Y La Nena)', 'Sala EMMA', '2026-06-13',
      '20:00:00')
      ('Menos Es Más', 'Sala EMMA', '2026-05-22', '20:00:00')
      ('Pepe El Caja', 'Sala EMMA', '2026-05-23', '20:00:00')
      ('Melocotón en Almíbar', 'Sala EMMA', '2026-05-09', '20:00:00')
      ('Una De Impro! Dela Mujer', 'Sala EMMA', '2026-03-26', '21:00:00')
      ('Victor Castigao Descontrolao', 'Sala EMMA', '2026-04-18', '20:00:00')
      ('Manolo Lera', 'Sala EMMA', '2026-04-11', '20:00:00')
      ('El Mentalista Canalla', 'Sala EMMA', '2026-04-24', '20:00:00')
      ('Taller Más Allá De La Voz', 'Sala EMMA', '2026-03-21', '09:00:00')
      ****************************
      Saving 7 new events
      Saving in
      /home/ubuntu/data_storage/Almeria/2026_03_08_21_58_Domingo/0_raw/20260308_
      2205_SalaEmma.json
      Saving 7 master url
      Appending to  /home/ubuntu/data_storage/Almeria/00_master/master_url.json

Result: Succeeded

