Launching scraper: AlmeriaCiudad
Succeeded - 2026-02-24T18:34:26Z

dag: FisgonTaskSelenium (3m 26s)
│
└─tarea_1 (3m 26s) [succeeded]
  ├─bash -lc 'set -eo pipefail; export DOCKER_CONFIG=/tmp/.docker HOME=/tmp;
  │   SELENIUM_NAME="selenium_${DAG_RUN_ID:-$$}_$(date +%s)"; cleanup() {
  │   docker rm -f "$SELENIUM_NAME" >/dev/null 2>&1 || true; }; trap cleanup
  │   EXIT; docker run -d --rm --name "$SELENIUM_NAME" --shm-size=2g -e
  │   SE_NODE_MAX_SESSIONS=1 -e SE_NODE_OVERRIDE_MAX_SESSIONS=true
  │   selenium/standalone-chrome:latest >/dev/null; docker exec
  │   "$SELENIUM_NAME" bash -c "for i in \$(seq 1 60); do (echo >
  │   /dev/tcp/127.0.0.1/4444) >/dev/null 2>&1 && exit 0; sleep 1; done; exit
  │   1"; docker run --rm --network container:"$SELENIUM_NAME" -v
  │   /home/ubuntu/work/fisgon:/app -v
  │   /home/ubuntu/data_storage:/home/ubuntu/data_storage -v
  │   /home/ubuntu/work/event_flask_app/static/img:/home/ubuntu/work/event_fla
  │   sk_app/static/img -w /app -e OPERATION=0 -e DOCKER_CONFIG=/tmp/.docker
  │   -e HOME=/tmp -e TARGET_CITY -e TARGET_SCRAPER -e
  │   DAG_RUN_URL="${DAGU_BASE_URL:-}/dags/${DAG_NAME}?dagRunId=${DAG_RUN_ID}"
  │   -e
  │   DAG_RUN_LOG_URL="${DAGU_BASE_URL:-}/dags/${DAG_NAME}/log?remoteNode=loca
  │   l&step=tarea_1&dagRunId=${DAG_RUN_ID}" fisgon_scraper:1.0'
  │
  ├─stdout: ... (159 more lines)
  │   26 / 35
  │   Getting
  │   https://almeriaciudad.es//cultura/evento/antonio-gimenez-y-su-acompanami
  │   ento
  │   Sleep 4
  │   --------------------
  │   {'id': '7648ba8e', 'show': 1, 'in_city': 1, 'one_day': 1,
  │   'wrong_date_time': 0, 'event': 'Antonio Giménez Y Su Acompañamiento',
  │   'slug': 'antonio-gimenez-y-su-acompanamiento', 'category':
  │   '__NOT_DEFINIED__', 'id_venue': 'tQfq78jF', 'venue': 'Teatro Apolo',
  │   'std_venue': 'Teatro Apolo', 'start_date': '2026-04-15', 'start_time':
  │   '20:30:00', 'end_date': '2026-04-15', 'end_time': '22:00:00',
  │   'description': 'Una Obra que trata sobre los sueños no realizados y que
  │   demuestra que nunca es tarde para realizarlos. Nuestros personaje, Paco
  │   intentara después de muchos años hacer realidad su sueño de
  │   juventud.', 'others': {'organizer': 'Teatro Apolo', 'price': 'GENERAL:
  │   10 EUROS', 'category': 'Teatro', 'audience_age': 'Todas las edades'},
  │   'source': 'AlmeriaCiudad', 'exec_time': '20260224T183435', 'session':
  │   '2026_02_24_18_31_Martes', 'image':
  │   'https://almeriaciudad.es/uploads/styles/large/public/media/image/abril-
  │   2026.-cartel-alhabia.jpg?itok=6lZ-jW0v', 'url':
  │   'https://almeriaciudad.es//cultura/evento/antonio-gimenez-y-su-acompanam
  │   iento'}
  │   27 / 35
  │   Getting https://almeriaciudad.es//cultura/evento/revolver-0
  │   Sleep 4
  │   --------------------
  │   {'id': '3a5adfc3', 'show': 1, 'in_city': 1, 'one_day': 1,
  │   'wrong_date_time': 0, 'event': 'Revolver', 'slug': 'revolver',
  │   'category': '__NOT_DEFINIED__', 'id_venue': '27qNP7DH', 'venue':
  │   'Auditorio Municipal Maestro Padilla', 'std_venue': 'Auditorio Municipal
  │   Maestro Padilla', 'start_date': '2026-10-17', 'start_time': '20:30:00',
  │   'end_date': '2026-10-17', 'end_time': '22:00:00', 'description':
  │   'REVOLVER regresa a la carretera con LA 03010, un proyecto que
  │   representa mucho más que un nuevo álbum de estudio: es una coordenada
  │   emocional, un regreso al origen y una de las obras más complejas y
  │   personales en la trayectoria de Carlos Goñi, que continúa explorando
  │   nuevos territorios creativos. Bajo este enigmático código —el
  │   código postal del barrio alicantino de Los Ángeles donde vivió de
  │   niño— nace un repertorio que viaja a las historias que marcaron sus
  │   inicios. Según el propio Goñi: “Este álbum, junto con Argán, es de
  │   lo más complejo que he escrito en toda mi vida”. Este nuevo capítulo
  │   llega tras el éxito histórico de la gira aniversario de Eldorado,
  │   donde Revolver colgó el cartel de "Sold Out" en cada ciudad. En esta
  │   nueva cita, el artista no solo presentará sus nuevas composiciones,
  │   sino que el repertorio incluirá también esos éxitos de siempre que
  │   tantas alegrías nos han dado, logrando el equilibrio perfecto entre su
  │   presente creativo y el legado que le ha acompañado durante décadas.',
  │   'others': {'organizer': '__NOT_FOUND__', 'price': 'NIVEL A: 42 EUROS |
  │   NIVEL B: 38 EUROS', 'category': 'Concierto', 'audience_age': 'Todas las
  │   edades'}, 'source': 'AlmeriaCiudad', 'exec_time': '20260224T183435',
  │   'session': '2026_02_24_18_31_Martes', 'image':
  │   'https://almeriaciudad.es/uploads/styles/large/public/media/image/portad
  │   a-album-la03010.jpg?itok=tfYtXU-1', 'url':
  │   'https://almeriaciudad.es//cultura/evento/revolver-0'}
  │   28 / 35
  │   Getting https://almeriaciudad.es//cultura/evento/dinero-negro
  │   Sleep 4
  │   --------------------
  │   {'id': '6aa8f2ac', 'show': 1, 'in_city': 1, 'one_day': 1,
  │   'wrong_date_time': 0, 'event': 'Dinero Negro', 'slug': 'dinero-negro',
  │   'category': '__NOT_DEFINIED__', 'id_venue': 'tQfq78jF', 'venue': 'Teatro
  │   Apolo', 'std_venue': 'Teatro Apolo', 'start_date': '2026-03-11',
  │   'start_time': '20:30:00', 'end_date': '2026-03-11', 'end_time':
  │   '22:00:00', 'description': 'La trama gira en torno a Carlos, que
  │   inesperadamente se encuentra con un maletín lleno de 10 millones de
  │   euros pertenecientes a la mafia rusa. Carlos, inicialmente un empleado
  │   de banco sin mayores sobresaltos, ve esta situación como una
  │   oportunidad para cambiar su vida y decide escapar con su esposa. Sin
  │   embargo, su intento de fuga se complica por la aparición de vecinos, un
  │   inspector de policía, y la amenaza de los dueños originales del
  │   dinero. La obra, por lo tanto, se desarrolla en medio de situaciones
  │   cómicas y enredos provocados por la inesperada.', 'others':
  │   {'organizer': 'Teatro Apolo', 'price': 'GENERAL: 10 EUROS', 'category':
  │   'Teatro', 'audience_age': '__NOT_FOUND__'}, 'source': 'AlmeriaCiudad',
  │   'exec_time': '20260224T183435', 'session': '2026_02_24_18_31_Martes',
  │   'image':
  │   'https://almeriaciudad.es/uploads/styles/large/public/media/image/cartel
  │   -marzo.-las-pachuecas.-peta-xx.jpeg?itok=2cEymeji', 'url':
  │   'https://almeriaciudad.es//cultura/evento/dinero-negro'}
  │   29 / 35
  │   Getting https://almeriaciudad.es//cultura/evento/sorda-premios-lux-2026
  │   Sleep 4
  │   --------------------
  │   {'id': '7150c5ad', 'show': 1, 'in_city': 1, 'one_day': 1,
  │   'wrong_date_time': 0, 'event': 'Sorda - Premios Lux 2026', 'slug':
  │   'sorda-premios-lux-2026', 'category': '__NOT_DEFINIED__', 'id_venue':
  │   None, 'venue': '__NOT_FOUND__', 'std_venue': None, 'start_date':
  │   '2026-03-04', 'start_time': '20:00:00', 'end_date': '2026-03-04',
  │   'end_time': '22:00:00', 'description': 'Ángela, una mujer sorda, va a
  │   tener un bebé con Héctor, su pareja oyente. El embarazo hace aflorar
  │   sus miedos frente la maternidad y sobre cómo podrá comunicarse con su
  │   hija. La llegada de la niña genera una crisis en la pareja y lleva a
  │   Ángela a afrontar la crianza de su hija en un mundo que no está hecho
  │   para ella. Largometraje basado en el corto de 2021 del mismo nombre.
  │   Duración: 1hora 39 minutos', 'others': {'organizer': '__NOT_FOUND__',
  │   'price': 'GRATUITO MEDIANTE INVITACIÓN', 'category': 'Cine',
  │   'audience_age': '__NOT_FOUND__'}, 'source': 'AlmeriaCiudad',
  │   'exec_time': '20260224T183435', 'session': '2026_02_24_18_31_Martes',
  │   'image':
  │   'https://almeriaciudad.es/uploads/styles/large/public/media/image/sorda.
  │   jpg?itok=7sgz6A45', 'url':
  │   'https://almeriaciudad.es//cultura/evento/sorda-premios-lux-2026'}
  │   30 / 35
  │   Getting https://almeriaciudad.es//cultura/evento/zambrano
  │   Sleep 4
  │   --------------------
  │   {'id': 'e3fb088e', 'show': 1, 'in_city': 1, 'one_day': 1,
  │   'wrong_date_time': 0, 'event': 'Zambrano', 'slug': 'zambrano',
  │   'category': '__NOT_DEFINIED__', 'id_venue': 'tQfq78jF', 'venue': 'Teatro
  │   Apolo', 'std_venue': 'Teatro Apolo', 'start_date': '2026-05-20',
  │   'start_time': '20:30:00', 'end_date': '2026-05-20', 'end_time':
  │   '22:00:00', 'description': 'Un momento en la vida de María Zambrano, la
  │   noche previa de recibir el premio Cervantes, María escribe el discurso,
  │   en este intento recordara como llega hasta ese momento y por lo que ha
  │   pasado en su vida.', 'others': {'organizer': 'Teatro Apolo', 'price':
  │   'GENERAL: 10 EUROS', 'category': 'Teatro', 'audience_age': 'Todas las
  │   edades'}, 'source': 'AlmeriaCiudad', 'exec_time': '20260224T183435',
  │   'session': '2026_02_24_18_31_Martes', 'image':
  │   'https://almeriaciudad.es/uploads/styles/large/public/media/image/mayo-2
  │   026.-cartel-zambrano.jpg?itok=QB7yOLgz', 'url':
  │   'https://almeriaciudad.es//cultura/evento/zambrano'}
  │   31 / 35
  │   Getting https://almeriaciudad.es//cultura/evento/ulises
  │   Sleep 4
  │   --------------------
  │   {'id': 'efe89c89', 'show': 1, 'in_city': 1, 'one_day': 1,
  │   'wrong_date_time': 0, 'event': 'Ulises', 'slug': 'ulises', 'category':
  │   '__NOT_DEFINIED__', 'id_venue': 'tQfq78jF', 'venue': 'Teatro Apolo',
  │   'std_venue': 'Teatro Apolo', 'start_date': '2026-05-21', 'start_time':
  │   '20:30:00', 'end_date': '2026-05-21', 'end_time': '22:00:00',
  │   'description': 'DELICATESSEN PRIMAVERA 2026. El montaje refleja cómo.
  │   un actor se identifica plenamente con Ulises. , pues en su propio viaje
  │   a ninguna parte dentro del mundo del teatro ha. atravesado muchas
  │   tormentas y paraísos. , siempre en busca de su Ítaca, que en este
  │   contexto teatral se simboliza con el aplauso final. Ulises, una obra
  │   que. se integra en el estilo del “actor solista”. técnica teatral
  │   desde los tiempos de Plauto pasando por el medievo hasta llegar
  │   prestigioso premio nobel Darío Fo o Rafael Álvarez “El brujo”.
  │   Premios de la compañía: -Max Premios Interpretación del Rojas.
  │   -Premio Feria de Castilla-La Mancha. PULSE AQUÍ PARA ACCEDER A LA
  │   COMPRA DEL ABONO. "DELICATESSEN PRIMAVERA 2026"', 'others':
  │   {'organizer': 'Teatro Apolo', 'price': 'GENERAL: 14 EUROS| ABONO: 22
  │   EUROS', 'category': 'Delicatessen', 'audience_age': '__NOT_FOUND__'},
  │   'source': 'AlmeriaCiudad', 'exec_time': '20260224T183435', 'session':
  │   '2026_02_24_18_31_Martes', 'image':
  │   'https://almeriaciudad.es/uploads/styles/large/public/media/image/ulises
  │   -cartel.JPG?itok=Y37UvSzB', 'url':
  │   'https://almeriaciudad.es//cultura/evento/ulises'}
  │   32 / 35
  │   Getting https://almeriaciudad.es//cultura/evento/vicente-amigo
  │   Sleep 4
  │   --------------------
  │   {'id': 'd1669411', 'show': 1, 'in_city': 1, 'one_day': 1,
  │   'wrong_date_time': 0, 'event': 'Vicente Amigo', 'slug': 'vicente-amigo',
  │   'category': '__NOT_DEFINIED__', 'id_venue': '27qNP7DH', 'venue':
  │   'Auditorio Municipal Maestro Padilla', 'std_venue': 'Auditorio Municipal
  │   Maestro Padilla', 'start_date': '2026-02-27', 'start_time': '20:30:00',
  │   'end_date': '2026-02-27', 'end_time': '22:00:00', 'description':
  │   'Vicente Amigo presenta su gira Andenes del tiempo. Un sexteto de lujo
  │   nos interpretará y nos hará disfrutar de la música y personales
  │   composiciones que han hecho de su dilatada y exitosa carrera artística
  │   una referencia indiscutible en el mundo de la música y del flamenco.
  │   Creador de un estilo propio e inconfundible. Sus composiciones,
  │   transmisión y sentido estético provocan una interpretación con la
  │   guitarra que sobresalen de manera sublime en cada concierto como pocos
  │   lo pueden lograr. En este nuevo espectáculo se incluirán tanto temas
  │   de discos anteriores, como de su nuevo y último lanzamiento
  │   discográfico “Andenesdel Tiempo“. Álbum que vio la luz en 2024;
  │   obteniendo una nueva nominación en los pasados Latin Grammy del 2024.',
  │   'others': {'organizer': '__NOT_FOUND__', 'price': 'NIVEL A: 35 EUROS |
  │   NIVEL B: 25 EUROS', 'category': 'Concierto', 'audience_age':
  │   '__NOT_FOUND__'}, 'source': 'AlmeriaCiudad', 'exec_time':
  │   '20260224T183435', 'session': '2026_02_24_18_31_Martes', 'image':
  │   'https://almeriaciudad.es/uploads/styles/large/public/media/image/captur
  │   a-de-pantalla-2026-01-12-112818.png?itok=AtNv6R4F', 'url':
  │   'https://almeriaciudad.es//cultura/evento/vicente-amigo'}
  │   33 / 35
  │   Getting https://almeriaciudad.es//cultura/evento/paco-candela
  │   Sleep 4
  │   --------------------
  │   {'id': '173dd725', 'show': 1, 'in_city': 1, 'one_day': 1,
  │   'wrong_date_time': 0, 'event': 'Paco Candela', 'slug': 'paco-candela',
  │   'category': '__NOT_DEFINIED__', 'id_venue': '27qNP7DH', 'venue':
  │   'Auditorio Municipal Maestro Padilla', 'std_venue': 'Auditorio Municipal
  │   Maestro Padilla', 'start_date': '2026-03-28', 'start_time': '21:00:00',
  │   'end_date': '2026-03-28', 'end_time': '22:30:00', 'description': 'Paco
  │   Candela celebra por todo lo alto. 30 años de carrera con una nueva gira
  │   que será la más importante y emocionante para el artista. , una serie
  │   de conciertos únicos rodeado por un gran elenco de músicos que hacen
  │   de cada noche una nueva fiesta interpretando sus mejores temas como
  │   sólo en directo se puede hacer. “30” es un nuevo proyecto muy
  │   especial para Paco Candela y sus “candelistas” con una serie de
  │   grandes acontecimientos que se irán anunciando, entre ellos y además
  │   de esta gran gira un. nuevo disco del mismo nombre “30”. , un viaje
  │   desde las raíces y comienzos del artista hasta su faceta más actual.
  │   Entre sus nuevos temas podremos esperar sevillanas o fandangos que
  │   buscan transportarnos a sus inicios como el primer single. “Pa que yo
  │   te perdonara”. grabado en la “Gruta de las Maravillas”, en Aracena
  │   (Huelva), únicamente acompañado de la guitarra de Domi Serralbo, un
  │   lugar espectacular entre varios de los elegidos para la grabación de
  │   “30”. Además, en el disco inmortalizará sus populares
  │   “popurrís”, exclusivos de los directos donde reinterpreta sus
  │   mejores canciones de una manera única y muy especial y que ahora graba
  │   para el disfrute de todos sus fans; hasta temas inéditos como baladas,
  │   tangos o rumbas, que experimentan nuevos ritmos y nos sorprenderán con
  │   el Paco más actual que se reinventa año tras año. Una nueva etapa y
  │   una nueva gira llena de sorpresas, un viaje por la música flamenca,
  │   sevillanas con mensajes comprometidos y canciones con estilos variados
  │   que harán emocionarnos. Pura emoción y puro sentimiento, es Paco
  │   Candela. Después de 16 discos de estudio, nominado a los Latin Grammy y
  │   Premios Odeón, premiado como Andaluz del Año o Referente para la
  │   Juventud en el Parlamento de Andalucía, Paco Candela ha logrado ser.
  │   una de las voces referentes a nivel nacional e internacional de música
  │   flamenca y popular. . Considerado por muchos. “el cantaor del
  │   pueblo”. presenta esta gira donde se celebra 30 años de carrera con
  │   sus “candelistas”, como así se autodenominan sus fans, una multitud
  │   que crece cada día, en buena medida tras acudir a sus conciertos y
  │   descubrir su carisma, cercanía y como no su gran voz. Acompañado de un
  │   excelente elenco de músicos y técnicos que hacen de cada actuación
  │   una noche que el público no puede olvidar, pura emoción y puro
  │   sentimiento, es Paco Candela.', 'others': {'organizer': '__NOT_FOUND__',
  │   'price': 'NIVEL A: 38 EUROS | NIVEL B: 35 EUROS', 'category':
  │   'Flamenco', 'audience_age': '__NOT_FOUND__'}, 'source': 'AlmeriaCiudad',
  │   'exec_time': '20260224T183435', 'session': '2026_02_24_18_31_Martes',
  │   'image':
  │   'https://almeriaciudad.es/uploads/styles/large/public/media/image/post_p
  │   acocandela.png?itok=eNbnDtCP', 'url':
  │   'https://almeriaciudad.es//cultura/evento/paco-candela'}
  │   34 / 35
  │   Getting https://almeriaciudad.es//cultura/evento/marwan
  │   Sleep 4
  │   --------------------
  │   {'id': '79a9c874', 'show': 1, 'in_city': 1, 'one_day': 1,
  │   'wrong_date_time': 0, 'event': 'Marwán', 'slug': 'marwan', 'category':
  │   '__NOT_DEFINIED__', 'id_venue': 'tQfq78jF', 'venue': 'Teatro Apolo',
  │   'std_venue': 'Teatro Apolo', 'start_date': '2026-03-15', 'start_time':
  │   '20:00:00', 'end_date': '2026-03-15', 'end_time': '21:30:00',
  │   'description': '"Un encuentro más allá de las canciones". En febrero y
  │   marzo de 2026, Marwán se embarca en una gira muy especial y puntual,
  │   pensada como una experiencia de cercanía y conexión real con su
  │   público. Serán conciertos de aforo muy reducido en los que el artista
  │   irá más allá del formato habitual: cantará, recitará y conversará
  │   con el público, compartiendo historias, curiosidades y dinámicas que
  │   transforman cada cita en un encuentro irrepetible. Cada ciudad contará
  │   con momentos y acciones creadas expresamente para su contexto y su
  │   gente, haciendo que ningún concierto sea igual a otro. Un formato
  │   íntimo, a solas, cara a cara con el público y con un set exclusivo.
  │   Esto ocurre mientras Marwán compone y graba su próximo disco de
  │   estudio. Una oportunidad única para descubrir al artista en estado puro
  │   antes del lanzamiento del nuevo álbum, previsto para finales de 2026, y
  │   del arranque de su próxima gran gira por salas y festivales.',
  │   'others': {'organizer': 'Teatro Apolo', 'price': 'GENERAL: 35 EUROS',
  │   'category': 'Concierto', 'audience_age': 'Todas las edades'}, 'source':
  │   'AlmeriaCiudad', 'exec_time': '20260224T183435', 'session':
  │   '2026_02_24_18_31_Martes', 'image':
  │   'https://almeriaciudad.es/uploads/styles/large/public/media/image/almeri
  │   a-2026-scaled.jpg?itok=zBTaGiu7', 'url':
  │   'https://almeriaciudad.es//cultura/evento/marwan'}
  │   ****************************
  │   Saving 35 new events
  │   Saving in
  │   /home/ubuntu/data_storage/Almeria/2026_02_24_18_31_Martes/0_raw/20260224
  │   _1834_AlmeriaCiudad.json
  │   Saving 35 master url
  │   Appending to /home/ubuntu/data_storage/Almeria/00_master/master_url.json
  └─stderr: ... (20 more lines)
      /usr/local/lib/python3.11/site-packages/urllib3/connectionpool.py:1097:
      InsecureRequestWarning: Unverified HTTPS request is being made to host
      'almeriaciudad.es'. Adding certificate verification is strongly advised.
      See:
      https://urllib3.readthedocs.io/en/latest/advanced-usage.html#tls-warnings
      warnings.warn(
      /usr/local/lib/python3.11/site-packages/urllib3/connectionpool.py:1097:
      InsecureRequestWarning: Unverified HTTPS request is being made to host
      'almeriaciudad.es'. Adding certificate verification is strongly advised.
      See:
      https://urllib3.readthedocs.io/en/latest/advanced-usage.html#tls-warnings
      warnings.warn(
      /usr/local/lib/python3.11/site-packages/urllib3/connectionpool.py:1097:
      InsecureRequestWarning: Unverified HTTPS request is being made to host
      'almeriaciudad.es'. Adding certificate verification is strongly advised.
      See:
      https://urllib3.readthedocs.io/en/latest/advanced-usage.html#tls-warnings
      warnings.warn(
      /usr/local/lib/python3.11/site-packages/urllib3/connectionpool.py:1097:
      InsecureRequestWarning: Unverified HTTPS request is being made to host
      'almeriaciudad.es'. Adding certificate verification is strongly advised.
      See:
      https://urllib3.readthedocs.io/en/latest/advanced-usage.html#tls-warnings
      warnings.warn(
      /usr/local/lib/python3.11/site-packages/urllib3/connectionpool.py:1097:
      InsecureRequestWarning: Unverified HTTPS request is being made to host
      'almeriaciudad.es'. Adding certificate verification is strongly advised.
      See:
      https://urllib3.readthedocs.io/en/latest/advanced-usage.html#tls-warnings
      warnings.warn(
      /usr/local/lib/python3.11/site-packages/urllib3/connectionpool.py:1097:
      InsecureRequestWarning: Unverified HTTPS request is being made to host
      'almeriaciudad.es'. Adding certificate verification is strongly advised.
      See:
      https://urllib3.readthedocs.io/en/latest/advanced-usage.html#tls-warnings
      warnings.warn(
      /usr/local/lib/python3.11/site-packages/urllib3/connectionpool.py:1097:
      InsecureRequestWarning: Unverified HTTPS request is being made to host
      'almeriaciudad.es'. Adding certificate verification is strongly advised.
      See:
      https://urllib3.readthedocs.io/en/latest/advanced-usage.html#tls-warnings
      warnings.warn(
      /usr/local/lib/python3.11/site-packages/urllib3/connectionpool.py:1097:
      InsecureRequestWarning: Unverified HTTPS request is being made to host
      'almeriaciudad.es'. Adding certificate verification is strongly advised.
      See:
      https://urllib3.readthedocs.io/en/latest/advanced-usage.html#tls-warnings
      warnings.warn(
      /usr/local/lib/python3.11/site-packages/urllib3/connectionpool.py:1097:
      InsecureRequestWarning: Unverified HTTPS request is being made to host
      'almeriaciudad.es'. Adding certificate verification is strongly advised.
      See:
      https://urllib3.readthedocs.io/en/latest/advanced-usage.html#tls-warnings
      warnings.warn(
      /usr/local/lib/python3.11/site-packages/urllib3/connectionpool.py:1097:
      InsecureRequestWarning: Unverified HTTPS request is being made to host
      'almeriaciudad.es'. Adding certificate verification is strongly advised.
      See:
      https://urllib3.readthedocs.io/en/latest/advanced-usage.html#tls-warnings
      warnings.warn(
      /usr/local/lib/python3.11/site-packages/urllib3/connectionpool.py:1097:
      InsecureRequestWarning: Unverified HTTPS request is being made to host
      'almeriaciudad.es'. Adding certificate verification is strongly advised.
      See:
      https://urllib3.readthedocs.io/en/latest/advanced-usage.html#tls-warnings
      warnings.warn(
      /usr/local/lib/python3.11/site-packages/urllib3/connectionpool.py:1097:
      InsecureRequestWarning: Unverified HTTPS request is being made to host
      'almeriaciudad.es'. Adding certificate verification is strongly advised.
      See:
      https://urllib3.readthedocs.io/en/latest/advanced-usage.html#tls-warnings
      warnings.warn(
      /usr/local/lib/python3.11/site-packages/urllib3/connectionpool.py:1097:
      InsecureRequestWarning: Unverified HTTPS request is being made to host
      'almeriaciudad.es'. Adding certificate verification is strongly advised.
      See:
      https://urllib3.readthedocs.io/en/latest/advanced-usage.html#tls-warnings
      warnings.warn(
      /usr/local/lib/python3.11/site-packages/urllib3/connectionpool.py:1097:
      InsecureRequestWarning: Unverified HTTPS request is being made to host
      'almeriaciudad.es'. Adding certificate verification is strongly advised.
      See:
      https://urllib3.readthedocs.io/en/latest/advanced-usage.html#tls-warnings
      warnings.warn(
      /usr/local/lib/python3.11/site-packages/urllib3/connectionpool.py:1097:
      InsecureRequestWarning: Unverified HTTPS request is being made to host
      'almeriaciudad.es'. Adding certificate verification is strongly advised.
      See:
      https://urllib3.readthedocs.io/en/latest/advanced-usage.html#tls-warnings
      warnings.warn(
      /usr/local/lib/python3.11/site-packages/urllib3/connectionpool.py:1097:
      InsecureRequestWarning: Unverified HTTPS request is being made to host
      'almeriaciudad.es'. Adding certificate verification is strongly advised.
      See:
      https://urllib3.readthedocs.io/en/latest/advanced-usage.html#tls-warnings
      warnings.warn(
      /usr/local/lib/python3.11/site-packages/urllib3/connectionpool.py:1097:
      InsecureRequestWarning: Unverified HTTPS request is being made to host
      'almeriaciudad.es'. Adding certificate verification is strongly advised.
      See:
      https://urllib3.readthedocs.io/en/latest/advanced-usage.html#tls-warnings
      warnings.warn(
      /usr/local/lib/python3.11/site-packages/urllib3/connectionpool.py:1097:
      InsecureRequestWarning: Unverified HTTPS request is being made to host
      'almeriaciudad.es'. Adding certificate verification is strongly advised.
      See:
      https://urllib3.readthedocs.io/en/latest/advanced-usage.html#tls-warnings
      warnings.warn(
      /usr/local/lib/python3.11/site-packages/urllib3/connectionpool.py:1097:
      InsecureRequestWarning: Unverified HTTPS request is being made to host
      'almeriaciudad.es'. Adding certificate verification is strongly advised.
      See:
      https://urllib3.readthedocs.io/en/latest/advanced-usage.html#tls-warnings
      warnings.warn(
      /usr/local/lib/python3.11/site-packages/urllib3/connectionpool.py:1097:
      InsecureRequestWarning: Unverified HTTPS request is being made to host
      'almeriaciudad.es'. Adding certificate verification is strongly advised.
      See:
      https://urllib3.readthedocs.io/en/latest/advanced-usage.html#tls-warnings
      warnings.warn(
      /usr/local/lib/python3.11/site-packages/urllib3/connectionpool.py:1097:
      InsecureRequestWarning: Unverified HTTPS request is being made to host
      'almeriaciudad.es'. Adding certificate verification is strongly advised.
      See:
      https://urllib3.readthedocs.io/en/latest/advanced-usage.html#tls-warnings
      warnings.warn(
      /usr/local/lib/python3.11/site-packages/urllib3/connectionpool.py:1097:
      InsecureRequestWarning: Unverified HTTPS request is being made to host
      'almeriaciudad.es'. Adding certificate verification is strongly advised.
      See:
      https://urllib3.readthedocs.io/en/latest/advanced-usage.html#tls-warnings
      warnings.warn(
      /usr/local/lib/python3.11/site-packages/urllib3/connectionpool.py:1097:
      InsecureRequestWarning: Unverified HTTPS request is being made to host
      'almeriaciudad.es'. Adding certificate verification is strongly advised.
      See:
      https://urllib3.readthedocs.io/en/latest/advanced-usage.html#tls-warnings
      warnings.warn(
      /usr/local/lib/python3.11/site-packages/urllib3/connectionpool.py:1097:
      InsecureRequestWarning: Unverified HTTPS request is being made to host
      'almeriaciudad.es'. Adding certificate verification is strongly advised.
      See:
      https://urllib3.readthedocs.io/en/latest/advanced-usage.html#tls-warnings
      warnings.warn(
      /usr/local/lib/python3.11/site-packages/urllib3/connectionpool.py:1097:
      InsecureRequestWarning: Unverified HTTPS request is being made to host
      'almeriaciudad.es'. Adding certificate verification is strongly advised.
      See:
      https://urllib3.readthedocs.io/en/latest/advanced-usage.html#tls-warnings
      warnings.warn(

Result: Succeeded

Launching scraper: AlmeriaTurismo
Succeeded - 2026-02-24T18:37:53Z

dag: FisgonTaskSelenium (42.0s)
│
└─tarea_1 (42.0s) [succeeded]
  ├─bash -lc 'set -eo pipefail; export DOCKER_CONFIG=/tmp/.docker HOME=/tmp;
  │   SELENIUM_NAME="selenium_${DAG_RUN_ID:-$$}_$(date +%s)"; cleanup() {
  │   docker rm -f "$SELENIUM_NAME" >/dev/null 2>&1 || true; }; trap cleanup
  │   EXIT; docker run -d --rm --name "$SELENIUM_NAME" --shm-size=2g -e
  │   SE_NODE_MAX_SESSIONS=1 -e SE_NODE_OVERRIDE_MAX_SESSIONS=true
  │   selenium/standalone-chrome:latest >/dev/null; docker exec
  │   "$SELENIUM_NAME" bash -c "for i in \$(seq 1 60); do (echo >
  │   /dev/tcp/127.0.0.1/4444) >/dev/null 2>&1 && exit 0; sleep 1; done; exit
  │   1"; docker run --rm --network container:"$SELENIUM_NAME" -v
  │   /home/ubuntu/work/fisgon:/app -v
  │   /home/ubuntu/data_storage:/home/ubuntu/data_storage -v
  │   /home/ubuntu/work/event_flask_app/static/img:/home/ubuntu/work/event_fla
  │   sk_app/static/img -w /app -e OPERATION=0 -e DOCKER_CONFIG=/tmp/.docker
  │   -e HOME=/tmp -e TARGET_CITY -e TARGET_SCRAPER -e
  │   DAG_RUN_URL="${DAGU_BASE_URL:-}/dags/${DAG_NAME}?dagRunId=${DAG_RUN_ID}"
  │   -e
  │   DAG_RUN_LOG_URL="${DAGU_BASE_URL:-}/dags/${DAG_NAME}/log?remoteNode=loca
  │   l&step=tarea_1&dagRunId=${DAG_RUN_ID}" fisgon_scraper:1.0'
  │
  └─stdout: ... (665 more lines)
      {'id': '56043401', 'show': 1, 'in_city': 1, 'one_day': 1,
      'wrong_date_time': 0, 'event': 'Elvis, Queen Y ABBA: Legends Forever',
      'slug': 'elvis-queen-y-abba-legends-forever', 'category':
      '__NOT_DEFINIED__', 'id_venue': 'DgpfFbPt', 'venue': 'Teatro Cervantes',
      'std_venue': 'Teatro Cervantes', 'start_date': '2026-03-20', 'start_time':
      '22:30:00', 'end_date': '2026-03-20', 'end_time': '00:30:00',
      'description': 'Disfruta del mayor espectáculo musical para toda la
      familia con ‘Legends Forever’, un tributo a tres de los más grandes
      íconos de la música: Elvis Presley, Queen y ABBA. Vive una noche
      inolvidable con sus mejores éxitos en un show vibrante y lleno de
      emoción. ¡No te lo pierdas!', 'others': {'category': 'Teatro Cervantes
      Almería', 'hour': '__NOT_FOUND__', 'startDate': '2026-3-20T22:30+2:00',
      'endDate': '2026-3-20T00:30+2:00', 'duration_days': -1, 'location': 'Calle
      Poeta Villaespesa, 1, 04001 Almería'}, 'source': 'AlmeriaTurismo',
      'exec_time': '20260224T183758', 'session': '2026_02_24_18_31_Martes',
      'image':
      'https://www.turismodealmeria.org/wp-content/uploads/2026/02/Elvis-Queen-y
      -ABBA-Legends-Forever.jpg', 'url':
      'https://www.turismodealmeria.org/evento/elvis-queen-y-abba-legends-foreve
      r/'}
      --------------------
      {'id': '1c974428', 'show': 1, 'in_city': 1, 'one_day': 1,
      'wrong_date_time': 0, 'event': 'Yacimiento Barrio Andalusí', 'slug':
      'yacimiento-barrio-andalusi', 'category': '__NOT_DEFINIED__', 'id_venue':
      '7c35bc90', 'venue': 'Yacimiento Arqueológico Barrio Andalusí (Mesón
      Gitano)', 'std_venue': 'Mesón Gitano', 'start_date': '2026-03-21',
      'start_time': '11:00:00', 'end_date': '2026-03-21', 'end_time':
      '13:00:00', 'description': 'Visitas guiadas al Yacimiento Arqueológico
      Barrio Andalusí', 'others': {'category': '__NOT_FOUND__', 'hour':
      '__NOT_FOUND__', 'startDate': '2026-3-21T11:00+2:00', 'endDate':
      '2026-3-21T13:00+2:00', 'duration_days': 0, 'location': 'Calle Fernández,
      70,04002 Almería'}, 'source': 'AlmeriaTurismo', 'exec_time':
      '20260224T183758', 'session': '2026_02_24_18_31_Martes', 'image':
      'https://www.turismodealmeria.org/wp-content/uploads/2025/10/visitas-guiad
      as-Yacimiento-andalusi.jpg', 'url':
      'https://www.turismodealmeria.org/evento/yacimiento-barrio-andalusi/var/ri
      -32.l-L1'}
      --------------------
      {'id': '80078d88', 'show': 1, 'in_city': 1, 'one_day': 1,
      'wrong_date_time': 0, 'event': 'Tablao Flamenco La Canastera: Cante, Baile
      Y Guitarra', 'slug':
      'tablao-flamenco-la-canastera-cante-baile-y-guitarra', 'category':
      '__NOT_DEFINIED__', 'id_venue': '33Hjdghj', 'venue': 'La Canastera -
      Tablao flamenco', 'std_venue': 'Tablao Flamenco La Canastera',
      'start_date': '2026-03-21', 'start_time': '20:00:00', 'end_date':
      '2026-03-21', 'end_time': '22:00:00', 'description': 'Disfruta de una
      noche inolvidable de flamenco en el Tablao La Canastera el sábado 21 de
      marzo a las 20:00. Un espectáculo lleno de pasión, arte y tradición con
      cante, baile y guitarra en un ambiente único. Compra tu entrada
      anticipada y no te pierdas esta experiencia cultural en el corazón de
      Almería.', 'others': {'category': 'Cante, Baile y Guitarra en La
      Canastera', 'hour': '__NOT_FOUND__', 'startDate': '2026-3-21T20:00+2:00',
      'endDate': '2026-3-21T22:00+2:00', 'duration_days': 0, 'location': 'C.
      Cordoneros, 5, 04002 Almería'}, 'source': 'AlmeriaTurismo', 'exec_time':
      '20260224T183758', 'session': '2026_02_24_18_31_Martes', 'image':
      'https://www.turismodealmeria.org/wp-content/uploads/2026/02/Tablao-Flamen
      co-La-Canastera-Cante-Baile-y-Guitarra.jpg', 'url':
      'https://www.turismodealmeria.org/evento/tablao-flamenco-la-canastera-cant
      e-baile-y-guitarra/'}
      --------------------
      {'id': 'acd527e9', 'show': 1, 'in_city': 1, 'one_day': 1,
      'wrong_date_time': 0, 'event': 'One Way Ticket', 'slug': 'one-way-ticket',
      'category': '__NOT_DEFINIED__', 'id_venue': 'DgpfFbPt', 'venue': 'Teatro
      Cervantes', 'std_venue': 'Teatro Cervantes', 'start_date': '2026-03-22',
      'start_time': '19:00:00', 'end_date': '2026-03-22', 'end_time':
      '21:00:00', 'description': 'El Teatro Kuver presenta ‘One Way Ticket’,
      un musical escrito y dirigido por Rubén Frías. La obra cuenta con la
      participación de Mariam Tirado, Ray Sánchez y el propio Rubén Frías.
      Un espectáculo cargado de emociones, humor y talento que reflexiona sobre
      la vida a través de un viaje sin regreso. No te pierdas esta inolvidable
      función en el Teatro Cervantes.', 'others': {'category': 'Un musical de
      Rubén Frías', 'hour': '__NOT_FOUND__', 'startDate':
      '2026-3-22T19:00+2:00', 'endDate': '2026-3-22T21:00+2:00',
      'duration_days': 0, 'location': 'Calle Poeta Villaespesa, 1, 04001
      Almería'}, 'source': 'AlmeriaTurismo', 'exec_time': '20260224T183758',
      'session': '2026_02_24_18_31_Martes', 'image':
      'https://www.turismodealmeria.org/wp-content/uploads/2026/02/One-Way-Ticke
      t.jpg', 'url': 'https://www.turismodealmeria.org/evento/one-way-ticket/'}
      --------------------
      {'id': '173164e7', 'show': 1, 'in_city': 1, 'one_day': 1,
      'wrong_date_time': 0, 'event': 'Club De Lectura – Port of Spain',
      'slug': 'club-de-lectura-port-of-spain', 'category': '__NOT_DEFINIED__',
      'id_venue': 'ddgm4gQP', 'venue': 'Port of Spain', 'std_venue': 'Port Of
      Spain', 'start_date': '2026-03-26', 'start_time': '19:30:00', 'end_date':
      '2026-03-26', 'end_time': '21:30:00', 'description': 'Esta vez nos
      proponemos esta desgarradora historia de un soldado senegalés en las
      trincheras de la Primera Guerra Mundial. Alfa Ndiaye es senegalés y ha
      acabado combatiendo con el ejército francés en el frente. En el mismo
      regimiento también lucha su amigo Mademba Diop, quien es herido de
      gravedad en el frente. Cuando Mademba le pide que lo mate para evitar
      sufrimientos inútiles, Alfa se siente incapaz de cumplir su deseo.
      Escrita con una prosa hipnótica, esta desgarradora novela retrata el
      descenso a los infiernos de un joven soldado colonial en la Europa en
      guerra. Plasmada el horror cotidiano de las trincheras, pero también
      evoca el mundo y los seres queridos que ha dejado atrás, e indaga en su
      identidad dividida. Una narración deslumbrante, sobrecogedora,
      inolvidable.', 'others': {'category': "Lectura del libro 'Hermanos de
      alma' de David Diop", 'hour': '__NOT_FOUND__', 'startDate':
      '2026-3-26T19:30+2:00', 'endDate': '2026-3-26T21:30+2:00',
      'duration_days': 0, 'location': 'Parque de Nicolás Salmerón, 20, 04002
      Almería'}, 'source': 'AlmeriaTurismo', 'exec_time': '20260224T183758',
      'session': '2026_02_24_18_31_Martes', 'image':
      'https://www.turismodealmeria.org/wp-content/uploads/2026/02/club-lecturas
      -mundo.jpg', 'url':
      'https://www.turismodealmeria.org/evento/club-de-lectura-port-of-spain/'}
      --------------------
      {'id': '9dfdb774', 'show': 1, 'in_city': 1, 'one_day': 1,
      'wrong_date_time': 0, 'event': 'Lorcas´indómita - Delicatessen Invierno
      2026', 'slug': 'lorcas-indomita-delicatessen-invierno-2026', 'category':
      '__NOT_DEFINIED__', 'id_venue': 'tQfq78jF', 'venue': 'Teatro Apolo',
      'std_venue': 'Teatro Apolo', 'start_date': '2026-03-26', 'start_time':
      '20:30:00', 'end_date': '2026-03-26', 'end_time': '21:30:00',
      'description': 'Jueves 26 de Marzo 2026 20:30. PRECIO DE LAS ENTRADAS: 14
      EUROS. ABONO DELICATESSEN INVIERNO 2026 (INCLUYE “ETER, DANZA DE
      LUCES”, “ALETHEIA” Y “LORCAS´INDÓMITA”): 33 EUROS', 'others':
      {'category': '__NOT_FOUND__', 'hour': '__NOT_FOUND__', 'startDate':
      '2026-3-26T20:30+2:00', 'endDate': '2026-3-26T21:30+2:00',
      'duration_days': 0, 'location': 'Rambla Obispo Orbera, 25,04001
      Almería'}, 'source': 'AlmeriaTurismo', 'exec_time': '20260224T183758',
      'session': '2026_02_24_18_31_Martes', 'image':
      'https://www.turismodealmeria.org/wp-content/uploads/2026/01/lorca.jpg',
      'url':
      'https://www.turismodealmeria.org/evento/lorcasindomita-delicatessen-invie
      rno-2026/'}
      --------------------
      {'id': '36917971', 'show': 1, 'in_city': 1, 'one_day': 1,
      'wrong_date_time': 0, 'event': 'Visita Las Casas Consistoriales', 'slug':
      'visita-las-casas-consistoriales', 'category': '__NOT_DEFINIED__',
      'id_venue': '7RhD7QqG', 'venue': 'Plaza Vieja', 'std_venue': 'Plaza de la
      Constitución', 'start_date': '2026-03-27', 'start_time': '10:00:00',
      'end_date': '2026-03-27', 'end_time': '12:00:00', 'description': 'El
      Ayuntamiento de Almería organiza visitas guiadas a las Casas
      Consistoriales, con personal municipal experto en la Historia y Patrimonio
      de Almería, quienes explicarán la reciente restauración del edificio..
      Las visitas están dirigidas al público general y se realizan los viernes
      a las 10:00h y 12:00h, con un máximo de 30 personas por pase.. El punto
      de encuentro es la Plaza Vieja. La inscripción es gratuita a través de
      la web. https://reservas.turismodealmeria.org/visitas-casa-consistorial.
      .. Recorrido:. Inicio de la visita:. entrada por las Casas Consistoriales.
      Visita a la primitiva biblioteca. Subida por las escaleras de mármol con
      barandas de balaustradas. Hall de entrada al Salón Noble para contemplar
      los altorrelieves del Sagrado Corazón de Jesús, Virgen del Mar y San
      Indalecio. Salón Noble. Visita al muro primitivo del siglo XVII
      descubierto durante la restauración. Visita del lienzo de la Casa Pratas.
      Arcos apuntados y escalera con baranda de forja recuperados de la Casa
      Lledó. Salida de las Casas Consistoriales. y visita final a la Oficina
      Municipal de Turismo. Más información en la Oficina de Turismo ubicada
      en la calle Juez, 6 o a través del teléfono 950 210 035 y el correo
      oficinaturismo@aytoalmeria.es.', 'others': {'category': 'Visita guiada por
      el patrimonio histórico de las Casas Consistoriales', 'hour':
      '__NOT_FOUND__', 'startDate': '2026-3-27T10:00+2:00', 'endDate':
      '2026-3-27T12:00+2:00', 'duration_days': 0, 'location': 'Convento de Santa
      Clara, Plaza de la Constitución, 04071 Almería, España'}, 'source':
      'AlmeriaTurismo', 'exec_time': '20260224T183758', 'session':
      '2026_02_24_18_31_Martes', 'image':
      'https://www.turismodealmeria.org/wp-content/uploads/2026/01/1200x1500-Vis
      itas-Consistorio-Almeria-Ciudad-01-2.jpg', 'url':
      'https://www.turismodealmeria.org/evento/visita-las-casas-consistoriales/v
      ar/ri-8.l-L1'}
      --------------------
      {'id': '3c2302ff', 'show': 1, 'in_city': 1, 'one_day': 1,
      'wrong_date_time': 1, 'event': 'Visita Guiada a La Casa Del Cine', 'slug':
      'visita-guiada-a-la-casa-del-cine', 'category': '__NOT_DEFINIED__',
      'id_venue': 'df8rMnjt', 'venue': 'Casa del Cine de Almería', 'std_venue':
      'Casa del Cine', 'start_date': '2026-03-27', 'start_time':
      '__NOT_FOUND__', 'end_date': '2026-03-27', 'end_time': '__NOT_FOUND__',
      'description': 'Si buscas planazo para el viernes… aquí lo tienes. A
      partir del 12 de diciembre, gran oportunidad para conocer la Casa del
      Cine, su legado y la historia cinematográfica de Almería.. Únete a
      nuestra visita guiada por la Finca Santa Isabel y descubre los secretos,
      anécdotas y rincones que guarda.. Asegura tu plaza llamando al 950 21 00
      30 (En horario de Casa del Cine). ¡Te esperamos!', 'others': {'category':
      'Todos los viernes', 'hour': '__NOT_FOUND__', 'startDate': '2026-3-27',
      'endDate': '2026-3-27', 'duration_days': 0, 'location': 'Camino Romero, 1,
      04009 Almería'}, 'source': 'AlmeriaTurismo', 'exec_time':
      '20260224T183758', 'session': '2026_02_24_18_31_Martes', 'image':
      'https://www.turismodealmeria.org/wp-content/uploads/2025/12/visita-guiada
      .jpg', 'url':
      'https://www.turismodealmeria.org/evento/visita-guiada-a-la-casa-del-cine/
      var/ri-15.l-L1'}
      --------------------
      {'id': 'ef096bd1', 'show': 1, 'in_city': 1, 'one_day': 1,
      'wrong_date_time': 0, 'event': 'Yacimiento Barrio Andalusí', 'slug':
      'yacimiento-barrio-andalusi', 'category': '__NOT_DEFINIED__', 'id_venue':
      '7c35bc90', 'venue': 'Yacimiento Arqueológico Barrio Andalusí (Mesón
      Gitano)', 'std_venue': 'Mesón Gitano', 'start_date': '2026-03-27',
      'start_time': '18:00:00', 'end_date': '2026-03-27', 'end_time':
      '20:00:00', 'description': 'Visitas guiadas al Yacimiento Arqueológico
      Barrio Andalusí', 'others': {'category': '__NOT_FOUND__', 'hour':
      '__NOT_FOUND__', 'startDate': '2026-3-27T18:00+2:00', 'endDate':
      '2026-3-27T20:00+2:00', 'duration_days': 0, 'location': 'Calle Fernández,
      70,04002 Almería'}, 'source': 'AlmeriaTurismo', 'exec_time':
      '20260224T183758', 'session': '2026_02_24_18_31_Martes', 'image':
      'https://www.turismodealmeria.org/wp-content/uploads/2025/10/visitas-guiad
      as-Yacimiento-andalusi.jpg', 'url':
      'https://www.turismodealmeria.org/evento/yacimiento-barrio-andalusi/var/ri
      -33.l-L1'}
      --------------------
      {'id': '8f6e43d3', 'show': 1, 'in_city': 1, 'one_day': 1,
      'wrong_date_time': 0, 'event': 'Morricone Rock Experience', 'slug':
      'morricone-rock-experience', 'category': '__NOT_DEFINIED__', 'id_venue':
      None, 'venue': '__NOT_FOUND__', 'std_venue': None, 'start_date':
      '2026-03-27', 'start_time': '20:30:00', 'end_date': '2026-03-27',
      'end_time': '23:00:00', 'description': 'vie 27 mar 2026 20:30. auditorio
      municipal maestro padilla.', 'others': {'category': '__NOT_FOUND__',
      'hour': '__NOT_FOUND__', 'startDate': '2026-3-27T20:30+2:00', 'endDate':
      '2026-3-27T23:00+2:00', 'duration_days': 0, 'location': '__NOT_FOUND__'},
      'source': 'AlmeriaTurismo', 'exec_time': '20260224T183758', 'session':
      '2026_02_24_18_31_Martes', 'image':
      'https://www.turismodealmeria.org/wp-content/uploads/2026/01/morricone.jpg
      ', 'url':
      'https://www.turismodealmeria.org/evento/morricone-rock-experience/'}
      --------------------
      {'id': '3ee60bea', 'show': 1, 'in_city': 1, 'one_day': 1,
      'wrong_date_time': 0, 'event': 'Vera Fauna', 'slug': 'vera-fauna',
      'category': '__NOT_DEFINIED__', 'id_venue': 'NmPqTrh6', 'venue': 'Berlin
      Social Club', 'std_venue': 'Berlin Social Club', 'start_date':
      '2026-03-27', 'start_time': '21:00:00', 'end_date': '2026-03-27',
      'end_time': '23:00:00', 'description': 'La banda Vera Fauna llega a
      Almería con su gira ‘Dime Dónde Estamos’. El concierto tendrá lugar
      el 27 de marzo en la Sala Berlin Social Club. No te pierdas esta
      oportunidad de disfrutar en directo de su sonido fresco y envolvente.',
      'others': {'category': 'Gira Dime Dónde Estamos en Almería', 'hour':
      '__NOT_FOUND__', 'startDate': '2026-3-27T21:00+2:00', 'endDate':
      '2026-3-27T23:00+2:00', 'duration_days': 0, 'location': 'Parque de
      Nicolás Salmerón, 9, Bajo 2, 04001 Almería'}, 'source':
      'AlmeriaTurismo', 'exec_time': '20260224T183758', 'session':
      '2026_02_24_18_31_Martes', 'image':
      'https://www.turismodealmeria.org/wp-content/uploads/2026/01/Concierto-Ver
      a-Fauna-Gira-Dime-Donde-Estamos-en-Almeria.jpg', 'url':
      'https://www.turismodealmeria.org/evento/vera-fauna/'}
      --------------------
      {'id': 'bc3dcb6b', 'show': 1, 'in_city': 1, 'one_day': 1,
      'wrong_date_time': 0, 'event': 'Yacimiento Barrio Andalusí', 'slug':
      'yacimiento-barrio-andalusi', 'category': '__NOT_DEFINIED__', 'id_venue':
      '7c35bc90', 'venue': 'Yacimiento Arqueológico Barrio Andalusí (Mesón
      Gitano)', 'std_venue': 'Mesón Gitano', 'start_date': '2026-03-28',
      'start_time': '11:00:00', 'end_date': '2026-03-28', 'end_time':
      '13:00:00', 'description': 'Visitas guiadas al Yacimiento Arqueológico
      Barrio Andalusí', 'others': {'category': '__NOT_FOUND__', 'hour':
      '__NOT_FOUND__', 'startDate': '2026-3-28T11:00+2:00', 'endDate':
      '2026-3-28T13:00+2:00', 'duration_days': 0, 'location': 'Calle Fernández,
      70,04002 Almería'}, 'source': 'AlmeriaTurismo', 'exec_time':
      '20260224T183758', 'session': '2026_02_24_18_31_Martes', 'image':
      'https://www.turismodealmeria.org/wp-content/uploads/2025/10/visitas-guiad
      as-Yacimiento-andalusi.jpg', 'url':
      'https://www.turismodealmeria.org/evento/yacimiento-barrio-andalusi/var/ri
      -34.l-L1'}
      --------------------
      {'id': '9040b44b', 'show': 1, 'in_city': 1, 'one_day': 1,
      'wrong_date_time': 0, 'event': 'CUENTACUENTOS: La Fuerza De La Gratitud -
      Dar Gracias Para Ser Más Feliz', 'slug':
      'cuentacuentos-la-fuerza-de-la-gratitud-dar-gracias-para-ser-mas-feliz',
      'category': '__NOT_DEFINIED__', 'id_venue': 'J8tbTLH7', 'venue':
      'Librería Picasso', 'std_venue': 'Librería Picasso', 'start_date':
      '2026-03-28', 'start_time': '11:00:00', 'end_date': '2026-03-28',
      'end_time': '13:00:00', 'description': 'Únete a nosotros para un
      cuentacuentos especial donde exploraremos ‘La fuerza de la gratitud’
      de Kobi Yamada y Charles Santoso. Perfecto para niños a partir de 3
      años. ¡Te esperamos!', 'others': {'category': 'La fuerza de la gratitud:
      Dar gracias para ser más feliz', 'hour': '__NOT_FOUND__', 'startDate':
      '2026-3-28T11:00+2:00', 'endDate': '2026-3-28T13:00+2:00',
      'duration_days': 0, 'location': 'Calle Reyes Católicos, 18, 04001
      Almería'}, 'source': 'AlmeriaTurismo', 'exec_time': '20260224T183758',
      'session': '2026_02_24_18_31_Martes', 'image':
      'https://www.turismodealmeria.org/wp-content/uploads/2026/02/CUENTACUENTOS
      -La-fuerza-de-la-gratitud-Dar-gracias-para-ser-mas-feliz.jpg', 'url':
      'https://www.turismodealmeria.org/evento/cuentacuentos-la-fuerza-de-la-gra
      titud-dar-gracias-para-ser-mas-feliz/'}
      --------------------
      {'id': '97cdcef6', 'show': 1, 'in_city': 1, 'one_day': 1,
      'wrong_date_time': 0, 'event': 'Paco Candela - Gira 30 Años', 'slug':
      'paco-candela-gira-30-anos', 'category': '__NOT_DEFINIED__', 'id_venue':
      None, 'venue': '__NOT_FOUND__', 'std_venue': None, 'start_date':
      '2026-03-28', 'start_time': '13:18:00', 'end_date': '2026-03-28',
      'end_time': '13:18:00', 'description': 'Paco Candela celebra por todo lo
      alto 30 años de carrera con una nueva gira que será la más importante y
      emocionante para el artista, una serie de conciertos únicos rodeado por
      un gran elenco de músicos que hacen de cada noche una nueva fiesta
      interpretando sus mejores temas como sólo en directo se puede hacer.',
      'others': {'category': '__NOT_FOUND__', 'hour': '__NOT_FOUND__',
      'startDate': '2026-3-28T13:18+2:00', 'endDate': '2026-3-28T13:18+2:00',
      'duration_days': 0, 'location': '__NOT_FOUND__'}, 'source':
      'AlmeriaTurismo', 'exec_time': '20260224T183758', 'session':
      '2026_02_24_18_31_Martes', 'image':
      'https://www.turismodealmeria.org/wp-content/uploads/2026/01/Paco-Candela-
      Gira-30-anos.png', 'url':
      'https://www.turismodealmeria.org/evento/paco-candela-gira-30-anos/'}
      --------------------
      {'id': 'de8c27b9', 'show': 1, 'in_city': 1, 'one_day': 1,
      'wrong_date_time': 0, 'event': 'Candlelight: Coldplay E Imagine Dragons',
      'slug': 'candlelight-coldplay-e-imagine-dragons', 'category':
      '__NOT_DEFINIED__', 'id_venue': 'PgT9B4RF', 'venue': 'Círculo Mercantil
      de Almería', 'std_venue': 'Círculo Mercantil de Almería', 'start_date':
      '2026-03-28', 'start_time': '17:00:00', 'end_date': '2026-03-28',
      'end_time': '22:00:00', 'description': '✨ Candlelight trae la magia de
      una experiencia musical en vivo en un entorno único e íntimo, iluminado
      solo por miles de velas. Disfruta de las icónicas canciones de Coldplay e
      Imagine Dragons interpretadas por un cuarteto de cuerda profesional en el
      Círculo Mercantil de Almería. Un evento para todas las edades a partir
      de los 8 años (los menores de 16 deben ir acompañados por un adulto). La
      duración aproximada del concierto es de 60 minutos, con apertura de
      puertas 40 minutos antes. Accesible para personas en silla de ruedas.
      Asegura tu entrada para una velada inolvidable.', 'others': {'category':
      'Círculo Mercantil de Almería', 'hour': '__NOT_FOUND__', 'startDate':
      '2026-3-28T17:00+2:00', 'endDate': '2026-3-28T22:00+2:00',
      'duration_days': 0, 'location': 'Calle Poeta Villaespesa, 1, 04001
      Almería'}, 'source': 'AlmeriaTurismo', 'exec_time': '20260224T183758',
      'session': '2026_02_24_18_31_Martes', 'image':
      'https://www.turismodealmeria.org/wp-content/uploads/2026/02/candlelight-c
      oldplay.jpg', 'url':
      'https://www.turismodealmeria.org/evento/candlelight-coldplay-e-imagine-dr
      agons-5/var/ri-1.l-L1'}
      --------------------
      {'id': '9e0719d0', 'show': 1, 'in_city': 1, 'one_day': 1,
      'wrong_date_time': 0, 'event': 'Las Voces De Penélope', 'slug':
      'las-voces-de-penelope', 'category': '__NOT_DEFINIED__', 'id_venue':
      'Q6b6LRjT', 'venue': 'Clasijazz', 'std_venue': 'Clasijazz', 'start_date':
      '2026-03-28', 'start_time': '19:00:00', 'end_date': '2026-03-28',
      'end_time': '21:00:00', 'description': 'La obra ‘Las Voces de
      Penélope’, escrita por Itziar Pascual, es una historia de espera y
      resistencia protagonizada por una figura icónica del mito clásico. A
      través de la palabra y la música, esta representación rinde homenaje a
      la fortaleza femenina en la adversidad. El reparto incluye a Belén
      Ursachi Ruiz, Irene Montoya Pérez, Maria Gil y Candela Pérez Martínez,
      con una actuación musical a cargo de Mara Flores. Se presentará el 28 de
      marzo a las 19:00 horas en Clasijazz (Almería), con entradas a 12 euros
      (normal) y 5 euros (reducida).', 'others': {'category': 'Una historia de
      espera y resistencia', 'hour': '__NOT_FOUND__', 'startDate':
      '2026-3-28T19:00+2:00', 'endDate': '2026-3-28T21:00+2:00',
      'duration_days': 0, 'location': 'C. Maestro Serrano, 9, 04004 Almería'},
      'source': 'AlmeriaTurismo', 'exec_time': '20260224T183758', 'session':
      '2026_02_24_18_31_Martes', 'image':
      'https://www.turismodealmeria.org/wp-content/uploads/2026/02/Las-Voces-de-
      Penelope.jpg', 'url':
      'https://www.turismodealmeria.org/evento/las-voces-de-penelope/'}
      --------------------
      {'id': '4e131ad7', 'show': 1, 'in_city': 1, 'one_day': 1,
      'wrong_date_time': 0, 'event': 'Candlelight: Tributo a the Beatles',
      'slug': 'candlelight-tributo-a-the-beatles', 'category':
      '__NOT_DEFINIED__', 'id_venue': 'PgT9B4RF', 'venue': 'Círculo Mercantil
      de Almería', 'std_venue': 'Círculo Mercantil de Almería', 'start_date':
      '2026-03-28', 'start_time': '19:00:00', 'end_date': '2026-03-28',
      'end_time': '21:00:00', 'description': 'Candlelight: Tributo a The Beatles
      trae la magia de la música en vivo a espacios únicos en Almería.
      Disfruta de una experiencia envolvente a la luz de las velas en el
      Círculo Mercantil de Almería. El repertorio incluye grandes éxitos como
      ‘Hey Jude’, ‘Let it be’, ‘Yesterday’, y muchos más. El
      concierto dura 60 minutos, con apertura de puertas 40 minutos antes. El
      evento es para mayores de 8 años, siendo necesario que los menores de 16
      asistan acompañados por un adulto. El lugar es accesible para personas
      con movilidad reducida.', 'others': {'category': 'Círculo Mercantil de
      Almería', 'hour': '__NOT_FOUND__', 'startDate': '2026-3-28T19:00+2:00',
      'endDate': '2026-3-28T21:00+2:00', 'duration_days': 0, 'location': 'Calle
      Poeta Villaespesa, 1, 04001 Almería'}, 'source': 'AlmeriaTurismo',
      'exec_time': '20260224T183758', 'session': '2026_02_24_18_31_Martes',
      'image':
      'https://www.turismodealmeria.org/wp-content/uploads/2026/02/candlelight.j
      pg', 'url':
      'https://www.turismodealmeria.org/evento/candlelight-tributo-a-the-beatles
      -3/'}
      --------------------
      {'id': 'dca67101', 'show': 1, 'in_city': 1, 'one_day': 1,
      'wrong_date_time': 0, 'event': 'Tablao Flamenco La Canastera', 'slug':
      'tablao-flamenco-la-canastera', 'category': '__NOT_DEFINIED__',
      'id_venue': '33Hjdghj', 'venue': 'La Canastera - Tablao flamenco',
      'std_venue': 'Tablao Flamenco La Canastera', 'start_date': '2026-03-28',
      'start_time': '20:00:00', 'end_date': '2026-03-28', 'end_time':
      '22:00:00', 'description': 'Disfruta de una noche inolvidable con el mejor
      flamenco en vivo en el Tablao Flamenco La Canastera. Cante, baile y
      guitarra se unen para ofrecerte una experiencia auténtica y vibrante el
      sábado 28 de marzo a las 20:00. Compra tu entrada anticipada y no te
      pierdas esta celebración del arte flamenco en el corazón de Almería.',
      'others': {'category': 'Cante, baile y guitarra flamenca en vivo', 'hour':
      '__NOT_FOUND__', 'startDate': '2026-3-28T20:00+2:00', 'endDate':
      '2026-3-28T22:00+2:00', 'duration_days': 0, 'location': 'C. Cordoneros, 5,
      04002 Almería'}, 'source': 'AlmeriaTurismo', 'exec_time':
      '20260224T183758', 'session': '2026_02_24_18_31_Martes', 'image':
      'https://www.turismodealmeria.org/wp-content/uploads/2026/02/Tablao-Flamen
      co-La-Canastera-1.jpg', 'url':
      'https://www.turismodealmeria.org/evento/tablao-flamenco-la-canastera-7/'}
      --------------------
      {'id': 'bd70d224', 'show': 1, 'in_city': 1, 'one_day': 1,
      'wrong_date_time': 0, 'event': 'Marta Soto - Reinicio', 'slug':
      'marta-soto-reinicio', 'category': '__NOT_DEFINIED__', 'id_venue':
      'NmPqTrh6', 'venue': 'Berlin Social Club', 'std_venue': 'Berlin Social
      Club', 'start_date': '2026-03-28', 'start_time': '22:30:00', 'end_date':
      '2026-03-28', 'end_time': '23:30:00', 'description': 'Fecha: Sábado 28
      Marzo. Precio del evento: 20,00 €', 'others': {'category':
      '__NOT_FOUND__', 'hour': '__NOT_FOUND__', 'startDate':
      '2026-3-28T22:30+2:00', 'endDate': '2026-3-28T23:30+2:00',
      'duration_days': 0, 'location': 'Parque de Nicolás Salmerón, 9, Bajo 2,
      04001 Almería'}, 'source': 'AlmeriaTurismo', 'exec_time':
      '20260224T183758', 'session': '2026_02_24_18_31_Martes', 'image':
      'https://www.turismodealmeria.org/wp-content/uploads/2026/01/marta-soto.jp
      g', 'url': 'https://www.turismodealmeria.org/evento/marta-soto-reinicio/'}
      --------------------
      {'id': 'e6092ddb', 'show': 1, 'in_city': 1, 'one_day': 1,
      'wrong_date_time': 0, 'event': 'Taller Arte Y Botánica – Herbario
      Poético II', 'slug': 'taller-arte-y-botanica-herbario-poetico-ii',
      'category': '__NOT_DEFINIED__', 'id_venue': None, 'venue': 'Pabellón de
      Historia Natural, PHN', 'std_venue': None, 'start_date': '2026-03-29',
      'start_time': '11:00:00', 'end_date': '2026-03-29', 'end_time':
      '14:00:00', 'description': 'Un taller que combina arte y botánica
      organizado por el Pabellón de Historia Natural de la Universidad de
      Almería.. Fechas (ciclo de 3 sesiones):. 25 de enero a las 11:00 h.. 22
      de febrero a las 11:00 h.. 29 de marzo a las 11:00 h.. Precio: 15 € por
      persona (incluye las 3 sesiones).. Lugar: Pabellón de Historia Natural
      (UAL).. Inscripciones: Enviando un correo a phnual@ual.es.', 'others':
      {'category': '__NOT_FOUND__', 'hour': '__NOT_FOUND__', 'startDate':
      '2026-3-29T11:00+2:00', 'endDate': '2026-3-29T14:00+2:00',
      'duration_days': 0, 'location': 'Universidad de Almería, 04120
      Almería'}, 'source': 'AlmeriaTurismo', 'exec_time': '20260224T183758',
      'session': '2026_02_24_18_31_Martes', 'image':
      'https://www.turismodealmeria.org/wp-content/uploads/2026/01/taller-arte-b
      otanica.jpeg', 'url':
      'https://www.turismodealmeria.org/evento/taller-arte-y-botanica-herbario-p
      oetico-ii/var/ri-2.l-L1'}
      --------------------
      {'id': '30ccf676', 'show': 1, 'in_city': 1, 'one_day': 1,
      'wrong_date_time': 0, 'event': 'UD Almería vs R. Sociedad B', 'slug':
      'ud-almeria-vs-r-sociedad-b', 'category': '__NOT_DEFINIED__', 'id_venue':
      '2c7846a2', 'venue': 'UD Almería Stadium', 'std_venue': 'UD Almería
      Stadium', 'start_date': '2026-03-29', 'start_time': '13:00:00',
      'end_date': '2026-03-29', 'end_time': '15:45:00', 'description': 'El
      próximo domingo 29 de marzo se celebrará el emocionante encuentro entre
      UD Almería y R. Sociedad B en el UD Almería Stadium. Un duelo imperdible
      para los amantes del fútbol.', 'others': {'category': 'Partido de fútbol
      UD Almería vs R. Sociedad B', 'hour': '__NOT_FOUND__', 'startDate':
      '2026-3-29T13:00+2:00', 'endDate': '2026-3-29T15:45+2:00',
      'duration_days': 0, 'location': 'C. Alcalde Santiago Martínez Cabrejas,
      5, 04007 Almería'}, 'source': 'AlmeriaTurismo', 'exec_time':
      '20260224T183758', 'session': '2026_02_24_18_31_Martes', 'image':
      'https://www.turismodealmeria.org/wp-content/uploads/2026/01/UD-Almeria-vs
      -R.-Sociedad-B.png', 'url':
      'https://www.turismodealmeria.org/evento/ud-almeria-vs-r-sociedad-b/'}
      --------------------
      {'id': 'c1827945', 'show': 1, 'in_city': 1, 'one_day': 1,
      'wrong_date_time': 0, 'event': 'Imagilusión - Espectáculo Infantil',
      'slug': 'imagilusion-espectaculo-infantil', 'category':
      '__NOT_DEFINIED__', 'id_venue': 'DgpfFbPt', 'venue': 'Teatro Cervantes',
      'std_venue': 'Teatro Cervantes', 'start_date': '2026-03-29', 'start_time':
      '18:00:00', 'end_date': '2026-03-29', 'end_time': '20:00:00',
      'description': 'El espectáculo infantil ‘Imagilusión’ llega al
      Teatro Cervantes de Almería el domingo 29 de marzo. Una mágica puesta en
      escena que transportará a los más pequeños al universo de sus
      películas favoritas, como Aladdin, Frozen, Toy Story, El Rey León, Mary
      Poppins o La Bella y la Bestia. Una producción de Ballet Essentials que
      promete deslumbrar con música, baile y personajes entrañables. ¡Un
      evento familiar imperdible!', 'others': {'category': 'Teatro Cervantes -
      Almería', 'hour': '__NOT_FOUND__', 'startDate': '2026-3-29T18:00+2:00',
      'endDate': '2026-3-29T20:00+2:00', 'duration_days': 0, 'location': 'Calle
      Poeta Villaespesa, 1, 04001 Almería'}, 'source': 'AlmeriaTurismo',
      'exec_time': '20260224T183758', 'session': '2026_02_24_18_31_Martes',
      'image':
      'https://www.turismodealmeria.org/wp-content/uploads/2026/02/Imagilusion-E
      spectaculo-Infantil.jpg', 'url':
      'https://www.turismodealmeria.org/evento/imagilusion-espectaculo-infantil/
      '}
      Checking unique event url.
      New url events = 342
      ****************************
      Saving 342 new events
      Saving in
      /home/ubuntu/data_storage/Almeria/2026_02_24_18_31_Martes/0_raw/20260224_1
      837_AlmeriaTurismo.json
      Saving 342 master url
      Appending to  /home/ubuntu/data_storage/Almeria/00_master/master_url.json

Result: Succeeded

Launching scraper: JuntaAndaluciaAgenda
Succeeded - 2026-02-24T18:38:35Z

dag: FisgonTaskSelenium (8m 9s)
│
└─tarea_1 (8m 9s) [succeeded]
  ├─bash -lc 'set -eo pipefail; export DOCKER_CONFIG=/tmp/.docker HOME=/tmp;
  │   SELENIUM_NAME="selenium_${DAG_RUN_ID:-$$}_$(date +%s)"; cleanup() {
  │   docker rm -f "$SELENIUM_NAME" >/dev/null 2>&1 || true; }; trap cleanup
  │   EXIT; docker run -d --rm --name "$SELENIUM_NAME" --shm-size=2g -e
  │   SE_NODE_MAX_SESSIONS=1 -e SE_NODE_OVERRIDE_MAX_SESSIONS=true
  │   selenium/standalone-chrome:latest >/dev/null; docker exec
  │   "$SELENIUM_NAME" bash -c "for i in \$(seq 1 60); do (echo >
  │   /dev/tcp/127.0.0.1/4444) >/dev/null 2>&1 && exit 0; sleep 1; done; exit
  │   1"; docker run --rm --network container:"$SELENIUM_NAME" -v
  │   /home/ubuntu/work/fisgon:/app -v
  │   /home/ubuntu/data_storage:/home/ubuntu/data_storage -v
  │   /home/ubuntu/work/event_flask_app/static/img:/home/ubuntu/work/event_fla
  │   sk_app/static/img -w /app -e OPERATION=0 -e DOCKER_CONFIG=/tmp/.docker
  │   -e HOME=/tmp -e TARGET_CITY -e TARGET_SCRAPER -e
  │   DAG_RUN_URL="${DAGU_BASE_URL:-}/dags/${DAG_NAME}?dagRunId=${DAG_RUN_ID}"
  │   -e
  │   DAG_RUN_LOG_URL="${DAGU_BASE_URL:-}/dags/${DAG_NAME}/log?remoteNode=loca
  │   l&step=tarea_1&dagRunId=${DAG_RUN_ID}" fisgon_scraper:1.0'
  │
  ├─stdout: ... (367 more lines)
  │   61 / 70
  │   Getting
  │   https://www.juntadeandalucia.es/cultura/agendaculturaldeandalucia/evento
  │   /un-mundo-perfecto
  │   Sleep 4
  │   --------------------
  │   {'id': 'ded52bce', 'show': 1, 'in_city': 0, 'one_day': 1,
  │   'wrong_date_time': 0, 'event': 'Un Mundo Perfecto', 'slug':
  │   'un-mundo-perfecto', 'category': '__NOT_DEFINIED__', 'id_venue': None,
  │   'venue': 'Sala de la Filmoteca de Andalucía en Almería', 'std_venue':
  │   None, 'start_date': '2026-03-02', 'start_time': '19:00:00', 'end_date':
  │   '2026-03-02', 'end_time': '__NOT_DEFINIED__', 'description': '2 LUNES
  │   19:00 h. Clint Eastwood UN MUNDO PERFECTO Clint Eastwood. EEUU. 1993.
  │   138 min. Color. v.o.s.e. Texas, año 1963. Butch Haynes (Kevin Costner)
  │   es un peligroso e inteligente asesino que se ha escapado de la cárcel
  │   en compañía de otro preso. Durante la huida ambos se ven obligados a
  │   tomar como rehén al joven Philip (T.J. Lowther), un niño de ocho años
  │   que vive con su devota madre, Testigo de Jehová, y sus dos hermanas. El
  │   Ranger Red Garnett (Clint Eastwood) y una criminóloga (Laura Dern)
  │   irán sobre la pista de los fugados, al tiempo que el secuestro adquiere
  │   para el niño cada vez más el carácter de una aventura.', 'others':
  │   {'location_url':
  │   '/cultura/agendaculturaldeandalucia/espacios/sala-de-la-filmoteca-de-and
  │   alucia-en-almeria', 'location2': 'Sala de la Filmoteca de Andalucía en
  │   Almería', 'duration': '__NOT_FOUND__', 'datetime_details': '02 de Marzo
  │   del 2026, 19:00', 'town': '__NOT_FOUND__', 'location': 'C/ Hermanos
  │   Machado, s/n, Almería. Almería', 'duration_days': '__NOT_FOUND__'},
  │   'source': 'JuntaAndaluciaAgenda', 'exec_time': '20260224T183841',
  │   'session': '2026_02_24_18_31_Martes', 'image':
  │   'https://www.juntadeandalucia.es/cultura/agendaculturaldeandalucia/sites
  │   /default/files/styles/header_activity_ext_2xl/public/2026-02/img_0290.jp
  │   g.webp?itok=Zf75xsao', 'url':
  │   'https://www.juntadeandalucia.es/cultura/agendaculturaldeandalucia/event
  │   o/un-mundo-perfecto'}
  │   62 / 70
  │   Getting
  │   https://www.juntadeandalucia.es/cultura/agendaculturaldeandalucia/evento
  │   /idols-la-revolucion-k-pop-las-guerreras-del-ritmo
  │   Sleep 4
  │   --------------------
  │   {'id': '42f8c103', 'show': 1, 'in_city': 0, 'one_day': 1,
  │   'wrong_date_time': 0, 'event': 'Idols La Revolución K-Pop: Las
  │   Guerreras Del Ritmo', 'slug':
  │   'idols-la-revolucion-k-pop-las-guerreras-del-ritmo', 'category':
  │   '__NOT_DEFINIED__', 'id_venue': None, 'venue': 'Auditorio de El Ejido',
  │   'std_venue': None, 'start_date': '2026-03-22', 'start_time': '17:00:00',
  │   'end_date': '2026-03-22', 'end_time': '__NOT_DEFINIED__', 'description':
  │   'Inspirado en la estética vibrante de las grandes producciones
  │   internacionales e incluyendo el universo visual del film, IDOLS - LA
  │   REVOLUCIÓN K-POP “LAS GUERRERAS DEL RITMO” es un espectáculo que
  │   fusiona música, narrativa, y poder escénico y visual en una
  │   experiencia única. Tres protagonistas, 7 IDOLS, con las voces en
  │   directo y excelentes interpretaciones, que nos transportarán a una
  │   revolución escénica. Sólo en los principales Espacios Escénicos. El
  │   futuro suena a K-POP. Y empieza aquí. Con la garantía artistica de
  │   CTME , compañía referente del Teatro Musical (los creadores del
  │   exitoso MUSICAL DE COCO “RECUÉRDAME” ), y de la mano de VOL MUSIC
  │   EVENTS . Sinopsis: En un futuro donde el ritmo ha sido silenciado y la
  │   música convertida en arma, tres jóvenes artistas se rebelan contra los
  │   seres demoníacos. Unidas por el poder del K-POP, descubren que su
  │   talento no solo puede emocionar... también puede liberar. En
  │   definitiva, una historia de fuerza e identidad, y una verdadera
  │   revolución sonora y visual.', 'others': {'location_url':
  │   '/cultura/agendaculturaldeandalucia/espacios/auditorio-de-el-ejido-0',
  │   'location2': 'Auditorio de El Ejido', 'duration': '__NOT_FOUND__',
  │   'datetime_details': '22 de Marzo del 2026, 17:00 horas', 'town':
  │   '__NOT_FOUND__', 'location': 'Pl. Teniente Arturo Muñoz, 1, Ejido (El).
  │   Almería', 'duration_days': '__NOT_FOUND__'}, 'source':
  │   'JuntaAndaluciaAgenda', 'exec_time': '20260224T183841', 'session':
  │   '2026_02_24_18_31_Martes', 'image':
  │   'https://www.juntadeandalucia.es/cultura/agendaculturaldeandalucia/sites
  │   /default/files/styles/header_activity_ext_2xl/public/2025-11/KPOP-1080X1
  │   080-1-1.jpg.webp?itok=SyHHldai', 'url':
  │   'https://www.juntadeandalucia.es/cultura/agendaculturaldeandalucia/event
  │   o/idols-la-revolucion-k-pop-las-guerreras-del-ritmo'}
  │   63 / 70
  │   Getting
  │   https://www.juntadeandalucia.es/cultura/agendaculturaldeandalucia/evento
  │   /almeria-encuentro-con-victor-ferreres-con-motivo-de-la-publicacion-de-e
  │   logio-del-derecho
  │   Sleep 4
  │   --------------------
  │   {'id': 'ba9f2433', 'show': 1, 'in_city': 0, 'one_day': 1,
  │   'wrong_date_time': 0, 'event': "Almería. Encuentro Con Víctor Ferreres
  │   Con Motivo De La Publicación De 'Elogio Del Derecho'", 'slug':
  │   'almeria-encuentro-con-victor-ferreres-con-motivo-de-la-publicacion-de-e
  │   logio-del', 'category': '__NOT_DEFINIED__', 'id_venue': None, 'venue':
  │   'Colegio de la Abogacía de Almería', 'std_venue': None, 'start_date':
  │   '2026-03-26', 'start_time': '18:30:00', 'end_date': '2026-03-26',
  │   'end_time': '__NOT_DEFINIED__', 'description': 'El Centro Andaluz de las
  │   Letras organiza en Almería un encuentro con el escritor Víctor
  │   Ferreres con motivo de la publicación de su libro Elogio del Derecho
  │   (Ed. Arpa) , en colaboración con el Colegio de la Abogacía de
  │   Almería. Víctor Ferreres , catedrático de Derecho Constitucional en
  │   la Universitat Pompeu Fabra y una de las voces más reconocidas en el
  │   estudio de la justicia constitucional, conversará con Juan Luis de
  │   Aynat , decano del Colegio de la Abogacía de Almería y con José
  │   Ramón Cantalejo , director de la Revista colegial Sala de Togas , sobre
  │   el Derecho como expresión de la razón práctica y factor indispensable
  │   para el desarrollo de sociedades justas y prósperas. La cita es el
  │   miércoles 26 de marz o a las 1 8 : 3 0 horas en el Colegio de la
  │   Abogacía de Almería (c/ Limoneros, 22). Entrada libre hasta completar
  │   aforo.', 'others': {'location_url':
  │   '/cultura/agendaculturaldeandalucia/espacios/colegio-de-la-abogacia-de-a
  │   lmeria', 'location2': 'Colegio de la Abogacía de Almería', 'duration':
  │   '__NOT_FOUND__', 'datetime_details': '26 de Marzo del 2026, 18:30
  │   horas\n', 'town': '__NOT_FOUND__', 'location': 'Calle Álvarez de Castro
  │   25, Almería. Almería', 'duration_days': '__NOT_FOUND__'}, 'source':
  │   'JuntaAndaluciaAgenda', 'exec_time': '20260224T183841', 'session':
  │   '2026_02_24_18_31_Martes', 'image':
  │   'https://www.juntadeandalucia.es/cultura/agendaculturaldeandalucia/sites
  │   /default/files/styles/header_activity_ext_2xl/public/external_images/fot
  │   o_bio_victor_ferreres.jpeg.webp?itok=sizkcoxE', 'url':
  │   'https://www.juntadeandalucia.es/cultura/agendaculturaldeandalucia/event
  │   o/almeria-encuentro-con-victor-ferreres-con-motivo-de-la-publicacion-de-
  │   elogio-del-derecho'}
  │   64 / 70
  │   Getting
  │   https://www.juntadeandalucia.es/cultura/agendaculturaldeandalucia/evento
  │   /las-guerreras-k-pop-en-huercal-overa
  │   Sleep 4
  │   --------------------
  │   {'id': '28bdf20b', 'show': 1, 'in_city': 0, 'one_day': 1,
  │   'wrong_date_time': 1, 'event': 'Las Guerreras K-Pop en Huércal-Overa',
  │   'slug': 'las-guerreras-k-pop-en-huercal-overa', 'category':
  │   '__NOT_DEFINIED__', 'id_venue': None, 'venue': 'Teatro Villa de
  │   Huércal-Overa', 'std_venue': None, 'start_date': '2026-04-25',
  │   'start_time': '__NOT_FOUND__', 'end_date': '2026-04-25', 'end_time':
  │   '__NOT_DEFINIED__', 'description': 'LAS GUERRERAS K-POP EN CONCIERTO -
  │   HUÉRCAL-OVERA', 'others': {'location_url':
  │   '/cultura/agendaculturaldeandalucia/espacios/teatro-villa-de-huercal-ove
  │   ra', 'location2': 'Teatro Villa de Huércal-Overa', 'duration':
  │   '__NOT_FOUND__', 'datetime_details': '25 de Abril del 2026, A las 17:00
  │   horas', 'town': '__NOT_FOUND__', 'location': 'Avda. Guillermo Reyna, 9,
  │   Huércal-Overa. Almería', 'duration_days': '__NOT_FOUND__'}, 'source':
  │   'JuntaAndaluciaAgenda', 'exec_time': '20260224T183841', 'session':
  │   '2026_02_24_18_31_Martes', 'image':
  │   'https://www.juntadeandalucia.es/cultura/agendaculturaldeandalucia/sites
  │   /default/files/styles/header_activity_ext_2xl/public/2026-01/3-83132x1-d
  │   k2qj.jpg.webp?itok=4V2bPGBv', 'url':
  │   'https://www.juntadeandalucia.es/cultura/agendaculturaldeandalucia/event
  │   o/las-guerreras-k-pop-en-huercal-overa'}
  │   65 / 70
  │   Getting
  │   https://www.juntadeandalucia.es/cultura/agendaculturaldeandalucia/evento
  │   /yee-haw-8
  │   Sleep 4
  │   --------------------
  │   {'id': '84a9ac45', 'show': 1, 'in_city': 0, 'one_day': 1,
  │   'wrong_date_time': 0, 'event': 'Yee-Haw!', 'slug': 'yee-haw',
  │   'category': '__NOT_DEFINIED__', 'id_venue': None, 'venue': 'Teatro Casa
  │   de la Música', 'std_venue': None, 'start_date': '2026-05-19',
  │   'start_time': '10:00:00', 'end_date': '2026-05-19', 'end_time':
  │   '__NOT_DEFINIED__', 'description': 'COMPAÑÍA: La Banda de Otro
  │   DURACIÓN: 50 YEE-HAW! es un grito de entusiasmo, una expresión de
  │   alegría, pura onomatopeya de la felicidad que nos traslada al viejo
  │   Oeste¿ de ¿Andaluisiana¿. Sumergidos por en un universo musical
  │   inspirado por el Country, el Ragtime y el Bluegrass, La Banda del Otro
  │   nos ofrece un (des)concierto tan especial como ellos mismos. Un
  │   espectáculo de circo donde es imposible distinguir a los músicos de
  │   los malabaristas, o de los payasos.', 'others': {'location_url':
  │   '/cultura/agendaculturaldeandalucia/espacios/teatro-casa-de-la-musica',
  │   'location2': 'Teatro Casa de la Música', 'duration': '50',
  │   'datetime_details': '19 de Mayo del 2026, 10:00\n', 'town':
  │   '__NOT_FOUND__', 'location': 'Parque Andaluz s/n, Carboneras. Almería',
  │   'duration_days': '__NOT_FOUND__'}, 'source': 'JuntaAndaluciaAgenda',
  │   'exec_time': '20260224T183841', 'session': '2026_02_24_18_31_Martes',
  │   'image':
  │   'https://www.juntadeandalucia.es/cultura/agendaculturaldeandalucia/sites
  │   /default/files/styles/header_activity_ext_2xl/public/external_images/YEE
  │   HAW2ok.jpg.webp?itok=ciJKP7oE', 'url':
  │   'https://www.juntadeandalucia.es/cultura/agendaculturaldeandalucia/event
  │   o/yee-haw-8'}
  │   66 / 70
  │   Getting
  │   https://www.juntadeandalucia.es/cultura/agendaculturaldeandalucia/evento
  │   /flaming-shakers-beatles-tribute-en-vera
  │   Sleep 4
  │   --------------------
  │   {'id': '39cedd86', 'show': 1, 'in_city': 0, 'one_day': 1,
  │   'wrong_date_time': 0, 'event': 'The Flaming Shakers, the Beatles Tribute
  │   en Vera', 'slug': 'the-flaming-shakers-the-beatles-tribute-en-vera',
  │   'category': '__NOT_DEFINIED__', 'id_venue': None, 'venue': 'Auditorio
  │   Ciudad de Vera', 'std_venue': None, 'start_date': '2026-05-02',
  │   'start_time': '00:00:00', 'end_date': '2026-05-02', 'end_time':
  │   '__NOT_DEFINIED__', 'description': 'El gran concierto tributo a The
  │   Beatles "The Flaming Shakers" tendrá lugar en el Auditorio de Vera, a
  │   las 20.00hs, el sábado 2 de mayo de 2026.', 'others': {'location_url':
  │   '/cultura/agendaculturaldeandalucia/espacios/auditorio-ciudad-de-vera',
  │   'location2': 'Auditorio Ciudad de Vera', 'duration': '__NOT_FOUND__',
  │   'datetime_details': '02 de Mayo del 2026, 20.00 hs.', 'town':
  │   '__NOT_FOUND__', 'location': 'Carretera de Cuevas 1, Vera. Almería',
  │   'duration_days': '__NOT_FOUND__'}, 'source': 'JuntaAndaluciaAgenda',
  │   'exec_time': '20260224T183841', 'session': '2026_02_24_18_31_Martes',
  │   'image':
  │   'https://www.juntadeandalucia.es/cultura/agendaculturaldeandalucia/sites
  │   /default/files/styles/header_activity_ext_2xl/public/2026-01/reibuto_bea
  │   tles.jpg.webp?itok=ZH4nm7gS', 'url':
  │   'https://www.juntadeandalucia.es/cultura/agendaculturaldeandalucia/event
  │   o/flaming-shakers-beatles-tribute-en-vera'}
  │   67 / 70
  │   Getting
  │   https://www.juntadeandalucia.es/cultura/agendaculturaldeandalucia/evento
  │   /teatro-apolo-almeria
  │   Sleep 4
  │   --------------------
  │   {'id': 'ec422e96', 'show': 1, 'in_city': 0, 'one_day': 1,
  │   'wrong_date_time': 1, 'event': 'Teatro Apolo', 'slug': 'teatro-apolo',
  │   'category': '__NOT_DEFINIED__', 'id_venue': None, 'venue':
  │   '__NOT_FOUND__', 'std_venue': None, 'start_date': '__NOT_FOUND__',
  │   'start_time': '__NOT_FOUND__', 'end_date': '__NOT_FOUND__', 'end_time':
  │   '__NOT_DEFINIED__', 'description': 'Se recomienda consultar horario de
  │   cada evento.', 'others': {'location_url': '__NOT_FOUND__', 'location2':
  │   'C. Rbla. Obispo Orberá, 25 950 269 268 cultura@aytoalmeria.es Visitar
  │   la pagina web', 'duration': '__NOT_FOUND__', 'datetime_details':
  │   '__NOT_FOUND__', 'town': '__NOT_FOUND__', 'location': 'C. Rbla. Obispo
  │   Orberá, 25, Almería, Almería', 'duration_days': '__NOT_FOUND__'},
  │   'source': 'JuntaAndaluciaAgenda', 'exec_time': '20260224T183841',
  │   'session': '2026_02_24_18_31_Martes', 'image':
  │   'https://www.juntadeandalucia.es/cultura/agendaculturaldeandalucia/sites
  │   /default/files/styles/header_activity_2xl/public/2023-11/teatro_apolo_al
  │   meria_ext.jpg.webp?itok=wHN-p56S', 'url':
  │   'https://www.juntadeandalucia.es/cultura/agendaculturaldeandalucia/event
  │   o/teatro-apolo-almeria'}
  │   68 / 70
  │   Getting
  │   https://www.juntadeandalucia.es/cultura/agendaculturaldeandalucia/evento
  │   /programa-de-actividades-por-el-dia-de-andalucia-en-el-conjunto-monument
  │   al-de-la-alcazaba
  │   Sleep 4
  │   --------------------
  │   {'id': 'd9143e9d', 'show': 1, 'in_city': 1, 'one_day': 0,
  │   'wrong_date_time': 1, 'event': 'Programa De Actividades Por El Día De
  │   Andalucía en El Conjunto Monumental De La Alcazaba', 'slug':
  │   'programa-de-actividades-por-el-dia-de-andalucia-en-el-conjunto-monument
  │   al-de-la', 'category': '__NOT_DEFINIED__', 'id_venue': 'q9Mp2j7p',
  │   'venue': 'Conjunto Monumental de la Alcazaba de Almería', 'std_venue':
  │   'Alcazaba', 'start_date': '2026-02-27', 'start_time': '__NOT_FOUND__',
  │   'end_date': '2026-03-01', 'end_time': '__NOT_DEFINIED__', 'description':
  │   'Programación de actividades con motivo de la celebración del Día de
  │   Andalucía', 'others': {'location_url':
  │   '/cultura/agendaculturaldeandalucia/evento/visitas-alcazaba-de-almeria',
  │   'location2': 'Conjunto Monumental de la Alcazaba de Almería',
  │   'duration': '__NOT_FOUND__', 'datetime_details': '27 de Febrero del 2026
  │   - 01 de Marzo del 2026, Consultar programación', 'town':
  │   '__NOT_FOUND__', 'location': 'Calle Almanzor, s/n, Almería. Almería',
  │   'duration_days': '__NOT_FOUND__'}, 'source': 'JuntaAndaluciaAgenda',
  │   'exec_time': '20260224T183841', 'session': '2026_02_24_18_31_Martes',
  │   'image':
  │   'https://www.juntadeandalucia.es/cultura/agendaculturaldeandalucia/sites
  │   /default/files/styles/header_activity_ext_2xl/public/2026-02/d%C3%ADa%20
  │   andaluc%C3%ADa.jpeg.webp?itok=nUiEEgEt', 'url':
  │   'https://www.juntadeandalucia.es/cultura/agendaculturaldeandalucia/event
  │   o/programa-de-actividades-por-el-dia-de-andalucia-en-el-conjunto-monumen
  │   tal-de-la-alcazaba'}
  │   69 / 70
  │   Getting
  │   https://www.juntadeandalucia.es/cultura/agendaculturaldeandalucia/evento
  │   /desembarco-pirata-en-san-jose-0
  │   Sleep 4
  │   --------------------
  │   {'id': 'e5f8443f', 'show': 1, 'in_city': 0, 'one_day': 0,
  │   'wrong_date_time': 1, 'event': 'Desembarco Pirata en San José', 'slug':
  │   'desembarco-pirata-en-san-jose', 'category': '__NOT_DEFINIED__',
  │   'id_venue': None, 'venue': 'Parque Natural Cabo de Gata-Níjar',
  │   'std_venue': None, 'start_date': '2026-04-17', 'start_time':
  │   '__NOT_FOUND__', 'end_date': '2026-04-19', 'end_time':
  │   '__NOT_DEFINIED__', 'description': '¡Un fin de semana repleto de
  │   actividades con el ambiente más PIRATA!', 'others': {'location_url':
  │   '/cultura/agendaculturaldeandalucia/espacios/parque-natural-cabo-de-gata
  │   -nijar', 'location2': 'Parque Natural Cabo de Gata-Níjar', 'duration':
  │   '__NOT_FOUND__', 'datetime_details': '17 de Abril del 2026 - 19 de Abril
  │   del 2026, Todo el día', 'town': '__NOT_FOUND__', 'location': 'Parque
  │   Natural Cabo de Gata-Níjar, Almería. Almería', 'duration_days':
  │   '__NOT_FOUND__'}, 'source': 'JuntaAndaluciaAgenda', 'exec_time':
  │   '20260224T183841', 'session': '2026_02_24_18_31_Martes', 'image':
  │   'https://www.juntadeandalucia.es/cultura/agendaculturaldeandalucia/sites
  │   /default/files/styles/header_activity_ext_2xl/public/2025-11/desembarco_
  │   pirata_2026.png.webp?itok=X3nl7SIL', 'url':
  │   'https://www.juntadeandalucia.es/cultura/agendaculturaldeandalucia/event
  │   o/desembarco-pirata-en-san-jose-0'}
  │   ****************************
  │   Saving 70 new events
  │   Saving in
  │   /home/ubuntu/data_storage/Almeria/2026_02_24_18_31_Martes/0_raw/20260224
  │   _1838_JuntaAndaluciaAgenda.json
  │   Saving 70 master url
  │   Appending to /home/ubuntu/data_storage/Almeria/00_master/master_url.json
  └─stderr: ... (90 more lines)
      /usr/local/lib/python3.11/site-packages/urllib3/connectionpool.py:1097:
      InsecureRequestWarning: Unverified HTTPS request is being made to host
      'www.juntadeandalucia.es'. Adding certificate verification is strongly
      advised. See:
      https://urllib3.readthedocs.io/en/latest/advanced-usage.html#tls-warnings
      warnings.warn(
      /usr/local/lib/python3.11/site-packages/urllib3/connectionpool.py:1097:
      InsecureRequestWarning: Unverified HTTPS request is being made to host
      'www.juntadeandalucia.es'. Adding certificate verification is strongly
      advised. See:
      https://urllib3.readthedocs.io/en/latest/advanced-usage.html#tls-warnings
      warnings.warn(
      /usr/local/lib/python3.11/site-packages/urllib3/connectionpool.py:1097:
      InsecureRequestWarning: Unverified HTTPS request is being made to host
      'www.juntadeandalucia.es'. Adding certificate verification is strongly
      advised. See:
      https://urllib3.readthedocs.io/en/latest/advanced-usage.html#tls-warnings
      warnings.warn(
      /usr/local/lib/python3.11/site-packages/urllib3/connectionpool.py:1097:
      InsecureRequestWarning: Unverified HTTPS request is being made to host
      'www.juntadeandalucia.es'. Adding certificate verification is strongly
      advised. See:
      https://urllib3.readthedocs.io/en/latest/advanced-usage.html#tls-warnings
      warnings.warn(
      /usr/local/lib/python3.11/site-packages/urllib3/connectionpool.py:1097:
      InsecureRequestWarning: Unverified HTTPS request is being made to host
      'www.juntadeandalucia.es'. Adding certificate verification is strongly
      advised. See:
      https://urllib3.readthedocs.io/en/latest/advanced-usage.html#tls-warnings
      warnings.warn(
      /usr/local/lib/python3.11/site-packages/urllib3/connectionpool.py:1097:
      InsecureRequestWarning: Unverified HTTPS request is being made to host
      'www.juntadeandalucia.es'. Adding certificate verification is strongly
      advised. See:
      https://urllib3.readthedocs.io/en/latest/advanced-usage.html#tls-warnings
      warnings.warn(
      /usr/local/lib/python3.11/site-packages/urllib3/connectionpool.py:1097:
      InsecureRequestWarning: Unverified HTTPS request is being made to host
      'www.juntadeandalucia.es'. Adding certificate verification is strongly
      advised. See:
      https://urllib3.readthedocs.io/en/latest/advanced-usage.html#tls-warnings
      warnings.warn(
      /usr/local/lib/python3.11/site-packages/urllib3/connectionpool.py:1097:
      InsecureRequestWarning: Unverified HTTPS request is being made to host
      'www.juntadeandalucia.es'. Adding certificate verification is strongly
      advised. See:
      https://urllib3.readthedocs.io/en/latest/advanced-usage.html#tls-warnings
      warnings.warn(
      /usr/local/lib/python3.11/site-packages/urllib3/connectionpool.py:1097:
      InsecureRequestWarning: Unverified HTTPS request is being made to host
      'www.juntadeandalucia.es'. Adding certificate verification is strongly
      advised. See:
      https://urllib3.readthedocs.io/en/latest/advanced-usage.html#tls-warnings
      warnings.warn(
      /usr/local/lib/python3.11/site-packages/urllib3/connectionpool.py:1097:
      InsecureRequestWarning: Unverified HTTPS request is being made to host
      'www.juntadeandalucia.es'. Adding certificate verification is strongly
      advised. See:
      https://urllib3.readthedocs.io/en/latest/advanced-usage.html#tls-warnings
      warnings.warn(
      /usr/local/lib/python3.11/site-packages/urllib3/connectionpool.py:1097:
      InsecureRequestWarning: Unverified HTTPS request is being made to host
      'www.juntadeandalucia.es'. Adding certificate verification is strongly
      advised. See:
      https://urllib3.readthedocs.io/en/latest/advanced-usage.html#tls-warnings
      warnings.warn(
      /usr/local/lib/python3.11/site-packages/urllib3/connectionpool.py:1097:
      InsecureRequestWarning: Unverified HTTPS request is being made to host
      'www.juntadeandalucia.es'. Adding certificate verification is strongly
      advised. See:
      https://urllib3.readthedocs.io/en/latest/advanced-usage.html#tls-warnings
      warnings.warn(
      /usr/local/lib/python3.11/site-packages/urllib3/connectionpool.py:1097:
      InsecureRequestWarning: Unverified HTTPS request is being made to host
      'www.juntadeandalucia.es'. Adding certificate verification is strongly
      advised. See:
      https://urllib3.readthedocs.io/en/latest/advanced-usage.html#tls-warnings
      warnings.warn(
      /usr/local/lib/python3.11/site-packages/urllib3/connectionpool.py:1097:
      InsecureRequestWarning: Unverified HTTPS request is being made to host
      'www.juntadeandalucia.es'. Adding certificate verification is strongly
      advised. See:
      https://urllib3.readthedocs.io/en/latest/advanced-usage.html#tls-warnings
      warnings.warn(
      /usr/local/lib/python3.11/site-packages/urllib3/connectionpool.py:1097:
      InsecureRequestWarning: Unverified HTTPS request is being made to host
      'www.juntadeandalucia.es'. Adding certificate verification is strongly
      advised. See:
      https://urllib3.readthedocs.io/en/latest/advanced-usage.html#tls-warnings
      warnings.warn(
      /usr/local/lib/python3.11/site-packages/urllib3/connectionpool.py:1097:
      InsecureRequestWarning: Unverified HTTPS request is being made to host
      'www.juntadeandalucia.es'. Adding certificate verification is strongly
      advised. See:
      https://urllib3.readthedocs.io/en/latest/advanced-usage.html#tls-warnings
      warnings.warn(
      /usr/local/lib/python3.11/site-packages/urllib3/connectionpool.py:1097:
      InsecureRequestWarning: Unverified HTTPS request is being made to host
      'www.juntadeandalucia.es'. Adding certificate verification is strongly
      advised. See:
      https://urllib3.readthedocs.io/en/latest/advanced-usage.html#tls-warnings
      warnings.warn(
      /usr/local/lib/python3.11/site-packages/urllib3/connectionpool.py:1097:
      InsecureRequestWarning: Unverified HTTPS request is being made to host
      'www.juntadeandalucia.es'. Adding certificate verification is strongly
      advised. See:
      https://urllib3.readthedocs.io/en/latest/advanced-usage.html#tls-warnings
      warnings.warn(
      /usr/local/lib/python3.11/site-packages/urllib3/connectionpool.py:1097:
      InsecureRequestWarning: Unverified HTTPS request is being made to host
      'www.juntadeandalucia.es'. Adding certificate verification is strongly
      advised. See:
      https://urllib3.readthedocs.io/en/latest/advanced-usage.html#tls-warnings
      warnings.warn(
      /usr/local/lib/python3.11/site-packages/urllib3/connectionpool.py:1097:
      InsecureRequestWarning: Unverified HTTPS request is being made to host
      'www.juntadeandalucia.es'. Adding certificate verification is strongly
      advised. See:
      https://urllib3.readthedocs.io/en/latest/advanced-usage.html#tls-warnings
      warnings.warn(
      /usr/local/lib/python3.11/site-packages/urllib3/connectionpool.py:1097:
      InsecureRequestWarning: Unverified HTTPS request is being made to host
      'www.juntadeandalucia.es'. Adding certificate verification is strongly
      advised. See:
      https://urllib3.readthedocs.io/en/latest/advanced-usage.html#tls-warnings
      warnings.warn(
      /usr/local/lib/python3.11/site-packages/urllib3/connectionpool.py:1097:
      InsecureRequestWarning: Unverified HTTPS request is being made to host
      'www.juntadeandalucia.es'. Adding certificate verification is strongly
      advised. See:
      https://urllib3.readthedocs.io/en/latest/advanced-usage.html#tls-warnings
      warnings.warn(
      /usr/local/lib/python3.11/site-packages/urllib3/connectionpool.py:1097:
      InsecureRequestWarning: Unverified HTTPS request is being made to host
      'www.juntadeandalucia.es'. Adding certificate verification is strongly
      advised. See:
      https://urllib3.readthedocs.io/en/latest/advanced-usage.html#tls-warnings
      warnings.warn(
      /usr/local/lib/python3.11/site-packages/urllib3/connectionpool.py:1097:
      InsecureRequestWarning: Unverified HTTPS request is being made to host
      'www.juntadeandalucia.es'. Adding certificate verification is strongly
      advised. See:
      https://urllib3.readthedocs.io/en/latest/advanced-usage.html#tls-warnings
      warnings.warn(
      /usr/local/lib/python3.11/site-packages/urllib3/connectionpool.py:1097:
      InsecureRequestWarning: Unverified HTTPS request is being made to host
      'www.juntadeandalucia.es'. Adding certificate verification is strongly
      advised. See:
      https://urllib3.readthedocs.io/en/latest/advanced-usage.html#tls-warnings
      warnings.warn(

Result: Succeeded

Launching scraper: ClassicJazz
Succeeded - 2026-02-24T18:46:44Z

dag: FisgonTaskSelenium (8m 33s)
│
└─tarea_1 (8m 33s) [succeeded]
  ├─bash -lc 'set -eo pipefail; export DOCKER_CONFIG=/tmp/.docker HOME=/tmp;
  │   SELENIUM_NAME="selenium_${DAG_RUN_ID:-$$}_$(date +%s)"; cleanup() {
  │   docker rm -f "$SELENIUM_NAME" >/dev/null 2>&1 || true; }; trap cleanup
  │   EXIT; docker run -d --rm --name "$SELENIUM_NAME" --shm-size=2g -e
  │   SE_NODE_MAX_SESSIONS=1 -e SE_NODE_OVERRIDE_MAX_SESSIONS=true
  │   selenium/standalone-chrome:latest >/dev/null; docker exec
  │   "$SELENIUM_NAME" bash -c "for i in \$(seq 1 60); do (echo >
  │   /dev/tcp/127.0.0.1/4444) >/dev/null 2>&1 && exit 0; sleep 1; done; exit
  │   1"; docker run --rm --network container:"$SELENIUM_NAME" -v
  │   /home/ubuntu/work/fisgon:/app -v
  │   /home/ubuntu/data_storage:/home/ubuntu/data_storage -v
  │   /home/ubuntu/work/event_flask_app/static/img:/home/ubuntu/work/event_fla
  │   sk_app/static/img -w /app -e OPERATION=0 -e DOCKER_CONFIG=/tmp/.docker
  │   -e HOME=/tmp -e TARGET_CITY -e TARGET_SCRAPER -e
  │   DAG_RUN_URL="${DAGU_BASE_URL:-}/dags/${DAG_NAME}?dagRunId=${DAG_RUN_ID}"
  │   -e
  │   DAG_RUN_LOG_URL="${DAGU_BASE_URL:-}/dags/${DAG_NAME}/log?remoteNode=loca
  │   l&step=tarea_1&dagRunId=${DAG_RUN_ID}" fisgon_scraper:1.0'
  │
  ├─stdout: ... (624 more lines)
  │   2026-03-06T18:00:00 2026-03-06T19:00:00
  │   --------------------
  │   {'id': '746cf94d', 'show': 1, 'in_city': 1, 'one_day': 1,
  │   'wrong_date_time': 0, 'event': 'Mini Jam', 'slug': 'mini-jam',
  │   'category': '__NOT_DEFINIED__', 'id_venue': 'Q6b6LRjT', 'venue': 'Sede
  │   Clasijazz', 'std_venue': 'Clasijazz', 'start_date': '2026-03-06',
  │   'start_time': '18:00:00', 'end_date': '2026-03-06', 'end_time':
  │   '19:00:00', 'description': 'Entrada Libre | Sala Industrial Que
  │   importantes son las Mini Jams en Clasijazz. Generaciones se han criado
  │   con música y cantando desde chicos . Aquí tenéis todas las de este
  │   curso . Son gratuitas pero si quieres hacerte socio nos ayudarás a
  │   seguir con la ilusión por predicar la música para todas las edades.',
  │   'others': {'price': '__NOT_DEFINIED__', 'category': 'Programación',
  │   'location_url': 'https://clasijazz.com/local/sede-clasijazz/',
  │   'location': 'Maestro Serrano 9, Almería'}, 'source': 'ClassicJazz',
  │   'exec_time': '20260224T184649', 'session': '2026_02_24_18_31_Martes',
  │   'image':
  │   'https://clasijazz.com/wp-content/uploads/2026/01/PANA3644-scaled.jpg',
  │   'url': 'https://clasijazz.com/evento/mini-jam/2026-03-06/'}
  │   99 / 106
  │   Getting
  │   https://clasijazz.com/evento/soy-otra-persona-tal-vez-mas-feliz-que-yo-c
  │   uentistas-vivas-y-muertas/2026-03-19/
  │   Sleep 4
  │   2026-03-19T21:00:00 2026-03-19T22:30:00
  │   --------------------
  │   {'id': '5567ba36', 'show': 1, 'in_city': 1, 'one_day': 1,
  │   'wrong_date_time': 0, 'event': 'Soy Otra Persona, Tal Vez Más Feliz Que
  │   Yo: Cuentistas Vivas Y Muertas', 'slug':
  │   'soy-otra-persona-tal-vez-mas-feliz-que-yo-cuentistas-vivas-y-muertas',
  │   'category': '__NOT_DEFINIED__', 'id_venue': 'Q6b6LRjT', 'venue': 'Sede
  │   Clasijazz', 'std_venue': 'Clasijazz', 'start_date': '2026-03-19',
  │   'start_time': '21:00:00', 'end_date': '2026-03-19', 'end_time':
  │   '22:30:00', 'description': 'Sala Principal Entrada Libre En el nuevo
  │   ciclo de Clásicos en clasijazz he elegido a una serie de autoras
  │   americanas cuyas obras recorren el siglo XX y los años transcurridos
  │   del XXI. Desde Silvina Ocampo hasta Samanta Schweblin escucharemos las
  │   voces poderosas de estas escritoras a través de uno de los géneros
  │   más emblemáticos de América: el cuento. Así pues, y sin olvidar la
  │   música tan esencial en cada una de nuestras sesiones, viajaremos, a
  │   través de sus relatos oníricos, misteriosos, únicos siempre, a
  │   México, Ecuador, Brasil, Uruguay y Argentina. Octubre, 30 : Silvina
  │   Ocampo, 1903-1993. Argentina Noviembre, 27: Elena Garro, 1916-1998,
  │   México Diciembre, 18: Clarice Lispector, 1920-1977, Brasil Enero, 22:
  │   Rosario Castellanos, 1925-1974, México Febrero, 26: Cristina Peri
  │   Rossi, 1941, Uruguay Marzo, 19: Mariana Enriquez, 1973, Argentina Abril,
  │   16: María Fernanda Ampuero, 1976, Ecuador Mayo, 14: Fernanda Trías,
  │   1976, Uruguay Junio, 11: Samanta Schweblin, 1978, Argentina', 'others':
  │   {'price': '__NOT_DEFINIED__', 'category': 'Programación',
  │   'location_url': 'https://clasijazz.com/local/sede-clasijazz/',
  │   'location': 'Maestro Serrano 9, Almería'}, 'source': 'ClassicJazz',
  │   'exec_time': '20260224T184649', 'session': '2026_02_24_18_31_Martes',
  │   'image':
  │   'https://clasijazz.com/wp-content/uploads/2025/09/WhatsApp-Image-2025-10
  │   -03-at-20.11.17.jpeg', 'url':
  │   'https://clasijazz.com/evento/soy-otra-persona-tal-vez-mas-feliz-que-yo-
  │   cuentistas-vivas-y-muertas/2026-03-19/'}
  │   100 / 106
  │   Getting https://clasijazz.com/evento/alvaro-torres-trio/
  │   Sleep 4
  │   2026-04-02T22:00:00 2026-04-02T23:30:00
  │   --------------------
  │   {'id': '89228b35', 'show': 1, 'in_city': 1, 'one_day': 1,
  │   'wrong_date_time': 0, 'event': 'Álvaro Torres Trío', 'slug':
  │   'alvaro-torres-trio', 'category': '__NOT_DEFINIED__', 'id_venue':
  │   'Q6b6LRjT', 'venue': 'Sede Clasijazz', 'std_venue': 'Clasijazz',
  │   'start_date': '2026-04-02', 'start_time': '22:00:00', 'end_date':
  │   '2026-04-02', 'end_time': '23:30:00', 'description': '15 € NS / 7 €
  │   S Sala Principal El gran pianista español afincado en Nueva York por
  │   fin en Clasijazz. Es increible. Lo pudimos ver en Vitoria y fué
  │   sensaciónal el concierto y con dos musicazos. y por fin el batería
  │   Kresten en Almería y Masa Álvaro Torres, piano Masa Kamaguchi,
  │   contrabajo Kresten Osgood, batería El trío de Álvaro Torres se está
  │   consolidando como una de las propuestas más interesantes del jazz
  │   contemporáneo en Nueva York. Con un estilo que fusiona post-bop,
  │   improvisación y elementos del folklore español, su propuesta ha
  │   recibido elogios de la crítica especializada. Álvaro Torres ha sido
  │   destacado como: «Magistralmente impredecible… Extraordinario.» ★
  │   ★ ★ ★ — All About Jazz «Una de las grandes promesas de futuro
  │   del género.» — La Razón Álvaro Torres Trio Presenta IRIS
  │   (Sunnyside Records) El trío de Álvaro Torres se está consolidando
  │   como una de las propuestas más interesantes del jazz contemporáneo en
  │   Nueva York. «Magistralmente impredecible… Extraordinario.» — All
  │   About Jazz ★ ★ ★ ★ Avalados por los icónicos sellos Sunnyside
  │   Records y Fresh Sound Records, han lanzado su quinto álbum, Mairena, y
  │   se han presentado en algunos de los escenarios más prestigiosos de la
  │   ciudad, como The Jazz Gallery y Mezzrow. Además, han llevado su música
  │   original a festivales en España y México. Con un estilo que fusiona
  │   post-bop, improvisación y elementos del folklore español, su propuesta
  │   ha recibido elogios de la crítica especializada. Álvaro Torres ha sido
  │   destacado como «Una de las grandes promesas de futuro del género.»
  │   — La Razón Torres ha colaborado con verdaderas leyendas neoyorquinas
  │   como Barry Altschul, Francisco Mela, Tony Malaby, John Hébert, Chris
  │   Lightcap, y Bill McHenry. En esta ocasión, se presenta junto a su
  │   consolidado trío europeo: el maestro danés Kresten Osgood en la
  │   batería, y el contrabajista japonés Masa Kamaguchi, ambos referentes
  │   de la escena europea con una profunda conexión con el jazz de Nueva
  │   York. Álvaro Torres, piano Masa Kamaguchi, contrabajo Kresten Osgood,
  │   batería Live at Cafe Berlin:', 'others': {'price': '7,00€ –
  │   15,00€', 'category': 'Programación', 'location_url':
  │   'https://clasijazz.com/local/sede-clasijazz/', 'location': 'Maestro
  │   Serrano 9, Almería'}, 'source': 'ClassicJazz', 'exec_time':
  │   '20260224T184649', 'session': '2026_02_24_18_31_Martes', 'image':
  │   'https://clasijazz.com/wp-content/uploads/2026/01/AlvaroTorresTrioPhotoC
  │   reditCarlosLinero-scaled.jpeg', 'url':
  │   'https://clasijazz.com/evento/alvaro-torres-trio/'}
  │   101 / 106
  │   Getting
  │   https://clasijazz.com/evento/intercambio-de-idiomas-5/2026-01-29/
  │   Sleep 4
  │   2026-01-29T21:00:00 2026-01-29T23:00:00
  │   --------------------
  │   {'id': '4f5c1f4c', 'show': 1, 'in_city': 1, 'one_day': 1,
  │   'wrong_date_time': 0, 'event': 'Intercambio De Idiomas', 'slug':
  │   'intercambio-de-idiomas', 'category': '__NOT_DEFINIED__', 'id_venue':
  │   'Q6b6LRjT', 'venue': 'Clasijazz', 'std_venue': 'Clasijazz',
  │   'start_date': '2026-01-29', 'start_time': '21:00:00', 'end_date':
  │   '2026-01-29', 'end_time': '23:00:00', 'description': 'Sala Industrial
  │   Clasijazz Entrada Libre ¿Quieres conocer gente nueva y compartir ideas,
  │   experiencias y opiniones mientras practicas tus habilidades
  │   lingüísticas? ¡Hablaremos de todo: culturas, profesiones, arte y
  │   música! ¿Nivel avanzado? ¿Intermedio? ¿Principiante? ¡Hay espacio
  │   para todos! Únete a la comunidad del Intercambio de Idiomas y deja que
  │   la magia deja que la magia de los idiomas te atrape. Desde Octubre y
  │   todos los jueves 21:00-23:00', 'others': {'price': '__NOT_DEFINIED__',
  │   'category': 'Programación', 'location_url':
  │   'https://clasijazz.com/local/clasijazz/', 'location': 'C/Maestro Serrano
  │   nº9, Almería'}, 'source': 'ClassicJazz', 'exec_time':
  │   '20260224T184649', 'session': '2026_02_24_18_31_Martes', 'image':
  │   'https://clasijazz.com/wp-content/uploads/2025/09/Intercambio-de-Idiomas
  │   .jpg', 'url':
  │   'https://clasijazz.com/evento/intercambio-de-idiomas-5/2026-01-29/'}
  │   102 / 106
  │   Getting https://clasijazz.com/evento/mini-jam/2026-02-06/
  │   Sleep 4
  │   2026-02-06T18:00:00 2026-02-06T19:00:00
  │   --------------------
  │   {'id': '73efe390', 'show': 1, 'in_city': 1, 'one_day': 1,
  │   'wrong_date_time': 0, 'event': 'Mini Jam', 'slug': 'mini-jam',
  │   'category': '__NOT_DEFINIED__', 'id_venue': 'Q6b6LRjT', 'venue': 'Sede
  │   Clasijazz', 'std_venue': 'Clasijazz', 'start_date': '2026-02-06',
  │   'start_time': '18:00:00', 'end_date': '2026-02-06', 'end_time':
  │   '19:00:00', 'description': 'Entrada Libre | Sala Industrial Que
  │   importantes son las Mini Jams en Clasijazz. Generaciones se han criado
  │   con música y cantando desde chicos . Aquí tenéis todas las de este
  │   curso . Son gratuitas pero si quieres hacerte socio nos ayudarás a
  │   seguir con la ilusión por predicar la música para todas las edades.',
  │   'others': {'price': '__NOT_DEFINIED__', 'category': 'Programación',
  │   'location_url': 'https://clasijazz.com/local/sede-clasijazz/',
  │   'location': 'Maestro Serrano 9, Almería'}, 'source': 'ClassicJazz',
  │   'exec_time': '20260224T184649', 'session': '2026_02_24_18_31_Martes',
  │   'image':
  │   'https://clasijazz.com/wp-content/uploads/2026/01/PANA3644-scaled.jpg',
  │   'url': 'https://clasijazz.com/evento/mini-jam/2026-02-06/'}
  │   103 / 106
  │   Getting
  │   https://clasijazz.com/evento/orquesta-fima-sinfonias-25-29-y-concierto-p
  │   ara-trompa-y-orquesta-no-2-integral-de-mozart/
  │   Sleep 4
  │   2026-02-22T12:00:00 2026-02-22T13:15:00
  │   --------------------
  │   {'id': 'c57e0fe5', 'show': 1, 'in_city': 1, 'one_day': 1,
  │   'wrong_date_time': 0, 'event': 'Orquesta FIMA – Sinfonías 25, 29 Y
  │   Concierto Para Trompa Y Orquesta Nº 2 – Integral De Mozart', 'slug':
  │   'orquesta-fima-sinfonias-25-29-y-concierto-para-trompa-y-orquesta-no-2-i
  │   ntegral-d', 'category': '__NOT_DEFINIED__', 'id_venue': 'Q6b6LRjT',
  │   'venue': 'Sede Clasijazz', 'std_venue': 'Clasijazz', 'start_date':
  │   '2026-02-22', 'start_time': '12:00:00', 'end_date': '2026-02-22',
  │   'end_time': '13:15:00', 'description': '12 € NS / 5 € S Sala
  │   Principal Otra vez a la carga con la Integral de Mozart !! Este segundo
  │   concierto del año va a ser increíble con un programa precioso de dos
  │   sinfonías únicas y también con la interpretación del Concierto de
  │   Trompa Nº 2 pero con la excepcionalidad de ser Trompa Natural, un
  │   instrumento muy difícil de ver y de una dificultad impresionante que
  │   interpretará Miguel Ángel Curiel . El concierto estará dirigido por
  │   el gran y reconocido director y concertino Abelardo Martín . El
  │   Concierto para trompa n.º 2 en mi bemol mayor, K. 417, fue completado
  │   el 27 de mayo de 1783. El destinatario de este concierto es Joseph
  │   Leutgeb, trompista austríaco que mantuvo una gran amistad con la
  │   familia Mozart. En una crónica del Mercure de France de 1770 se dice de
  │   él que “tiene tal maestría para tocar su instrumento que podía
  │   cantar los adagios con tanta perfección como sólo las más suaves,
  │   interesantes y precisas voces eran capaces de hacerlo”. Así mismo,
  │   Mozart le dedicó los conciertos K412, K447 y K495 y el quinteto para
  │   trompa y cuerdas K407. En esta ocasión el concierto será interpretado
  │   con trompa natural, sin válvulas ni mecanismos, como la que se
  │   utilizaba en la época de Mozart. La obra consta de tres movimientos: I.
  │   Allegro maestoso. II. Andante. III. Rondó Più allegro. La Sinfonía
  │   n.º 25 en sol menor, K. 183/173dB, también conocida como “Pequeña
  │   sinfonía en sol menor”, fue compuesta por Wolfgang Amadeus Mozart en
  │   octubre de 1773, cuando el compositor tenía diecisiete años. El
  │   sobrenombre «Pequeña sinfonía en sol menor» se emplea para
  │   distinguirla de la «Gran sinfonía en sol menor», que es la Sinfonía
  │   n.º 40 compuesta en la misma tonalidad. Estas dos son las únicas
  │   sinfonías que compuso Mozart en modo menor, quizás con la única
  │   excepción de una temprana sinfonía en la menor, de autenticidad
  │   discutida y conocida como la Sinfonía Odense. La Sinfonía n.º 29 en
  │   la mayor, K. 201/186a fue compuesta por Wolfgang Amadeus Mozart y
  │   fechada el 6 de abril de 1774, cuando el compositor tenía dieciocho
  │   años. Esta es una etapa de la vida del compositor carente de detalles
  │   documentales. Hasta diciembre, fecha en la que viajó a Múnich para
  │   supervisar el inminente estreno de su ópera bufa La finta giardiniera,
  │   pasó todo el año en Salzburgo y por tanto no existen cartas a
  │   familiares de estas fechas. Finalmente fue contratado como concertino
  │   (junto a Michael Haydn, hermano del más célebre Joseph Haydn) de la
  │   corte de Salzburgo. La plantilla de músicos de la Orquesta FIMA será:
  │   Violines Aberlardo Martín – director concertino Paula Martín Nerea
  │   Prieto Lidia Fernández Álvaro Mérida Elia Berdala Lucía Lorente
  │   María Victoria Ubago Silvia Guillén Violas Soraya Lúa Ana Isabel
  │   Blanco Berta Rodríguez Cellos Blanca Martín Juan Tripiana Carmen
  │   Ballesteros Contrabajo Andrea Alonso Oboes: Sheila Alcalá Cervera
  │   Emilio Curiel Ubago Trompas: Miguel Ángel Curiel Palomares Joaquín
  │   Góngora Blanes Mónica Garrido Ibáñez David Pérez Briceño Fagot:
  │   Miguel Ángel Curiel Palomares David Ferre', 'others': {'price':
  │   '5,00€ – 12,00€', 'category': 'Programación', 'location_url':
  │   'https://clasijazz.com/local/sede-clasijazz/', 'location': 'Maestro
  │   Serrano 9, Almería'}, 'source': 'ClassicJazz', 'exec_time':
  │   '20260224T184649', 'session': '2026_02_24_18_31_Martes', 'image':
  │   'https://clasijazz.com/wp-content/uploads/2026/01/fima8.jpg', 'url':
  │   'https://clasijazz.com/evento/orquesta-fima-sinfonias-25-29-y-concierto-
  │   para-trompa-y-orquesta-no-2-integral-de-mozart/'}
  │   104 / 106
  │   Getting https://clasijazz.com/evento/pepe-cespedes-y-alvarito/
  │   Sleep 4
  │   2026-03-06T20:00:00 2026-03-06T21:30:00
  │   --------------------
  │   {'id': 'ac2093f0', 'show': 1, 'in_city': 1, 'one_day': 1,
  │   'wrong_date_time': 0, 'event': 'Pepe Céspedes Y Alvarito', 'slug':
  │   'pepe-cespedes-y-alvarito', 'category': '__NOT_DEFINIED__', 'id_venue':
  │   'Q6b6LRjT', 'venue': 'Sede Clasijazz', 'std_venue': 'Clasijazz',
  │   'start_date': '2026-03-06', 'start_time': '20:00:00', 'end_date':
  │   '2026-03-06', 'end_time': '21:30:00', 'description': '12 € NS / 5 €.
  │   S Sala Principal Gran tarde-noche de humor en Clasijazz con dos grandes
  │   de la comedia', 'others': {'price': '5,00€ – 12,00€', 'category':
  │   'Programación', 'location_url':
  │   'https://clasijazz.com/local/sede-clasijazz/', 'location': 'Maestro
  │   Serrano 9, Almería'}, 'source': 'ClassicJazz', 'exec_time':
  │   '20260224T184649', 'session': '2026_02_24_18_31_Martes', 'image':
  │   'https://clasijazz.com/wp-content/uploads/2026/01/WhatsApp-Image-2026-02
  │   -05-at-18.47.32.jpeg', 'url':
  │   'https://clasijazz.com/evento/pepe-cespedes-y-alvarito/'}
  │   105 / 106
  │   Getting
  │   https://clasijazz.com/evento/salsa-latin-jam-port-of-spain-4/2026-03-12/
  │   Sleep 4
  │   2026-03-12T22:00:00 2026-03-12T23:30:00
  │   --------------------
  │   {'id': 'ed32f621', 'show': 1, 'in_city': 1, 'one_day': 1,
  │   'wrong_date_time': 0, 'event': 'Salsa & Latín Jam', 'slug':
  │   'salsa-latin-jam', 'category': '__NOT_DEFINIED__', 'id_venue':
  │   'ddgm4gQP', 'venue': 'Port Of Spain', 'std_venue': 'Port Of Spain',
  │   'start_date': '2026-03-12', 'start_time': '22:00:00', 'end_date':
  │   '2026-03-12', 'end_time': '23:30:00', 'description': 'Port of Spain
  │   Entrada Libre ¿Te gusta la salsa y la música caribeña? ¡JAM WITH US!
  │   Esta temporada Seguimos con las Salsa Jam y con el 29 Aniversario de la
  │   llegada de la Salsa Almeria. Si eres cantante o de los que cantan en la
  │   ducha, si eres músico profesional o de los que dan la nota, si sabes
  │   bailar o simplemente te apetece menear el esqueleto, ven a compartir con
  │   buena energía junto a los integrantes de Chévere Music Group. A partir
  │   de las 22:00. Te esperamos en Port of Spain. ¡Entrada Libre! ¡No nos
  │   faltes! Queremos ver lo mejor de ti MÁS INFO Y CONFIRMACIONES AL: 633
  │   120 150 @marcelarnalot @cheveremusicgroup www.cheveremusicgroup.com',
  │   'others': {'price': '__NOT_DEFINIED__', 'category': 'Programación',
  │   'location_url': 'https://clasijazz.com/local/port-of-spain/',
  │   'location': 'Parque Nicolás Salmeron 20, Almería'}, 'source':
  │   'ClassicJazz', 'exec_time': '20260224T184649', 'session':
  │   '2026_02_24_18_31_Martes', 'image':
  │   'https://clasijazz.com/wp-content/uploads/2025/09/salsa_jam.jpg', 'url':
  │   'https://clasijazz.com/evento/salsa-latin-jam-port-of-spain-4/2026-03-12
  │   /'}
  │   ****************************
  │   Saving 106 new events
  │   Saving in
  │   /home/ubuntu/data_storage/Almeria/2026_02_24_18_31_Martes/0_raw/20260224
  │   _1846_ClassicJazz.json
  │   Saving 106 master url
  │   Appending to /home/ubuntu/data_storage/Almeria/00_master/master_url.json
  └─stderr: ... (162 more lines)
      /usr/local/lib/python3.11/site-packages/urllib3/connectionpool.py:1097:
      InsecureRequestWarning: Unverified HTTPS request is being made to host
      'clasijazz.com'. Adding certificate verification is strongly advised. See:
      https://urllib3.readthedocs.io/en/latest/advanced-usage.html#tls-warnings
      warnings.warn(
      /usr/local/lib/python3.11/site-packages/urllib3/connectionpool.py:1097:
      InsecureRequestWarning: Unverified HTTPS request is being made to host
      'clasijazz.com'. Adding certificate verification is strongly advised. See:
      https://urllib3.readthedocs.io/en/latest/advanced-usage.html#tls-warnings
      warnings.warn(
      /usr/local/lib/python3.11/site-packages/urllib3/connectionpool.py:1097:
      InsecureRequestWarning: Unverified HTTPS request is being made to host
      'clasijazz.com'. Adding certificate verification is strongly advised. See:
      https://urllib3.readthedocs.io/en/latest/advanced-usage.html#tls-warnings
      warnings.warn(
      /usr/local/lib/python3.11/site-packages/urllib3/connectionpool.py:1097:
      InsecureRequestWarning: Unverified HTTPS request is being made to host
      'clasijazz.com'. Adding certificate verification is strongly advised. See:
      https://urllib3.readthedocs.io/en/latest/advanced-usage.html#tls-warnings
      warnings.warn(
      /usr/local/lib/python3.11/site-packages/urllib3/connectionpool.py:1097:
      InsecureRequestWarning: Unverified HTTPS request is being made to host
      'clasijazz.com'. Adding certificate verification is strongly advised. See:
      https://urllib3.readthedocs.io/en/latest/advanced-usage.html#tls-warnings
      warnings.warn(
      /usr/local/lib/python3.11/site-packages/urllib3/connectionpool.py:1097:
      InsecureRequestWarning: Unverified HTTPS request is being made to host
      'clasijazz.com'. Adding certificate verification is strongly advised. See:
      https://urllib3.readthedocs.io/en/latest/advanced-usage.html#tls-warnings
      warnings.warn(
      /usr/local/lib/python3.11/site-packages/urllib3/connectionpool.py:1097:
      InsecureRequestWarning: Unverified HTTPS request is being made to host
      'clasijazz.com'. Adding certificate verification is strongly advised. See:
      https://urllib3.readthedocs.io/en/latest/advanced-usage.html#tls-warnings
      warnings.warn(
      /usr/local/lib/python3.11/site-packages/urllib3/connectionpool.py:1097:
      InsecureRequestWarning: Unverified HTTPS request is being made to host
      'clasijazz.com'. Adding certificate verification is strongly advised. See:
      https://urllib3.readthedocs.io/en/latest/advanced-usage.html#tls-warnings
      warnings.warn(
      /usr/local/lib/python3.11/site-packages/urllib3/connectionpool.py:1097:
      InsecureRequestWarning: Unverified HTTPS request is being made to host
      'clasijazz.com'. Adding certificate verification is strongly advised. See:
      https://urllib3.readthedocs.io/en/latest/advanced-usage.html#tls-warnings
      warnings.warn(
      /usr/local/lib/python3.11/site-packages/urllib3/connectionpool.py:1097:
      InsecureRequestWarning: Unverified HTTPS request is being made to host
      'clasijazz.com'. Adding certificate verification is strongly advised. See:
      https://urllib3.readthedocs.io/en/latest/advanced-usage.html#tls-warnings
      warnings.warn(
      /usr/local/lib/python3.11/site-packages/urllib3/connectionpool.py:1097:
      InsecureRequestWarning: Unverified HTTPS request is being made to host
      'clasijazz.com'. Adding certificate verification is strongly advised. See:
      https://urllib3.readthedocs.io/en/latest/advanced-usage.html#tls-warnings
      warnings.warn(
      /usr/local/lib/python3.11/site-packages/urllib3/connectionpool.py:1097:
      InsecureRequestWarning: Unverified HTTPS request is being made to host
      'clasijazz.com'. Adding certificate verification is strongly advised. See:
      https://urllib3.readthedocs.io/en/latest/advanced-usage.html#tls-warnings
      warnings.warn(
      /usr/local/lib/python3.11/site-packages/urllib3/connectionpool.py:1097:
      InsecureRequestWarning: Unverified HTTPS request is being made to host
      'clasijazz.com'. Adding certificate verification is strongly advised. See:
      https://urllib3.readthedocs.io/en/latest/advanced-usage.html#tls-warnings
      warnings.warn(
      /usr/local/lib/python3.11/site-packages/urllib3/connectionpool.py:1097:
      InsecureRequestWarning: Unverified HTTPS request is being made to host
      'clasijazz.com'. Adding certificate verification is strongly advised. See:
      https://urllib3.readthedocs.io/en/latest/advanced-usage.html#tls-warnings
      warnings.warn(
      /usr/local/lib/python3.11/site-packages/urllib3/connectionpool.py:1097:
      InsecureRequestWarning: Unverified HTTPS request is being made to host
      'clasijazz.com'. Adding certificate verification is strongly advised. See:
      https://urllib3.readthedocs.io/en/latest/advanced-usage.html#tls-warnings
      warnings.warn(
      /usr/local/lib/python3.11/site-packages/urllib3/connectionpool.py:1097:
      InsecureRequestWarning: Unverified HTTPS request is being made to host
      'clasijazz.com'. Adding certificate verification is strongly advised. See:
      https://urllib3.readthedocs.io/en/latest/advanced-usage.html#tls-warnings
      warnings.warn(
      /usr/local/lib/python3.11/site-packages/urllib3/connectionpool.py:1097:
      InsecureRequestWarning: Unverified HTTPS request is being made to host
      'clasijazz.com'. Adding certificate verification is strongly advised. See:
      https://urllib3.readthedocs.io/en/latest/advanced-usage.html#tls-warnings
      warnings.warn(
      /usr/local/lib/python3.11/site-packages/urllib3/connectionpool.py:1097:
      InsecureRequestWarning: Unverified HTTPS request is being made to host
      'clasijazz.com'. Adding certificate verification is strongly advised. See:
      https://urllib3.readthedocs.io/en/latest/advanced-usage.html#tls-warnings
      warnings.warn(
      /usr/local/lib/python3.11/site-packages/urllib3/connectionpool.py:1097:
      InsecureRequestWarning: Unverified HTTPS request is being made to host
      'clasijazz.com'. Adding certificate verification is strongly advised. See:
      https://urllib3.readthedocs.io/en/latest/advanced-usage.html#tls-warnings
      warnings.warn(
      /usr/local/lib/python3.11/site-packages/urllib3/connectionpool.py:1097:
      InsecureRequestWarning: Unverified HTTPS request is being made to host
      'clasijazz.com'. Adding certificate verification is strongly advised. See:
      https://urllib3.readthedocs.io/en/latest/advanced-usage.html#tls-warnings
      warnings.warn(
      /usr/local/lib/python3.11/site-packages/urllib3/connectionpool.py:1097:
      InsecureRequestWarning: Unverified HTTPS request is being made to host
      'clasijazz.com'. Adding certificate verification is strongly advised. See:
      https://urllib3.readthedocs.io/en/latest/advanced-usage.html#tls-warnings
      warnings.warn(
      /usr/local/lib/python3.11/site-packages/urllib3/connectionpool.py:1097:
      InsecureRequestWarning: Unverified HTTPS request is being made to host
      'clasijazz.com'. Adding certificate verification is strongly advised. See:
      https://urllib3.readthedocs.io/en/latest/advanced-usage.html#tls-warnings
      warnings.warn(
      /usr/local/lib/python3.11/site-packages/urllib3/connectionpool.py:1097:
      InsecureRequestWarning: Unverified HTTPS request is being made to host
      'clasijazz.com'. Adding certificate verification is strongly advised. See:
      https://urllib3.readthedocs.io/en/latest/advanced-usage.html#tls-warnings
      warnings.warn(
      /usr/local/lib/python3.11/site-packages/urllib3/connectionpool.py:1097:
      InsecureRequestWarning: Unverified HTTPS request is being made to host
      'clasijazz.com'. Adding certificate verification is strongly advised. See:
      https://urllib3.readthedocs.io/en/latest/advanced-usage.html#tls-warnings
      warnings.warn(
      /usr/local/lib/python3.11/site-packages/urllib3/connectionpool.py:1097:
      InsecureRequestWarning: Unverified HTTPS request is being made to host
      'clasijazz.com'. Adding certificate verification is strongly advised. See:
      https://urllib3.readthedocs.io/en/latest/advanced-usage.html#tls-warnings
      warnings.warn(

Result: Succeeded

Launching scraper: FlowteTaquillaCultural
Succeeded - 2026-02-24T18:55:17Z

dag: FisgonTaskSelenium (4m 20s)
│
└─tarea_1 (4m 20s) [succeeded]
  ├─bash -lc 'set -eo pipefail; export DOCKER_CONFIG=/tmp/.docker HOME=/tmp;
  │   SELENIUM_NAME="selenium_${DAG_RUN_ID:-$$}_$(date +%s)"; cleanup() {
  │   docker rm -f "$SELENIUM_NAME" >/dev/null 2>&1 || true; }; trap cleanup
  │   EXIT; docker run -d --rm --name "$SELENIUM_NAME" --shm-size=2g -e
  │   SE_NODE_MAX_SESSIONS=1 -e SE_NODE_OVERRIDE_MAX_SESSIONS=true
  │   selenium/standalone-chrome:latest >/dev/null; docker exec
  │   "$SELENIUM_NAME" bash -c "for i in \$(seq 1 60); do (echo >
  │   /dev/tcp/127.0.0.1/4444) >/dev/null 2>&1 && exit 0; sleep 1; done; exit
  │   1"; docker run --rm --network container:"$SELENIUM_NAME" -v
  │   /home/ubuntu/work/fisgon:/app -v
  │   /home/ubuntu/data_storage:/home/ubuntu/data_storage -v
  │   /home/ubuntu/work/event_flask_app/static/img:/home/ubuntu/work/event_fla
  │   sk_app/static/img -w /app -e OPERATION=0 -e DOCKER_CONFIG=/tmp/.docker
  │   -e HOME=/tmp -e TARGET_CITY -e TARGET_SCRAPER -e
  │   DAG_RUN_URL="${DAGU_BASE_URL:-}/dags/${DAG_NAME}?dagRunId=${DAG_RUN_ID}"
  │   -e
  │   DAG_RUN_LOG_URL="${DAGU_BASE_URL:-}/dags/${DAG_NAME}/log?remoteNode=loca
  │   l&step=tarea_1&dagRunId=${DAG_RUN_ID}" fisgon_scraper:1.0'
  │
  └─stdout: ... (375 more lines)
      sleeping 1
      b_str ='17 Oct 2026 20:30'
      {'id': 'f9d93db6', 'show': 1, 'in_city': 1, 'one_day': 1,
      'wrong_date_time': 0, 'event': 'Revolver', 'slug': 'revolver', 'category':
      '__NOT_DEFINIED__', 'id_venue': '27qNP7DH', 'venue': 'auditorio municipal
      maestro padilla.', 'std_venue': 'Auditorio Municipal Maestro Padilla',
      'start_date': '2026-10-17', 'start_time': '20:30:00', 'end_date':
      '2026-10-17', 'end_time': '__NOT_DEFINIED__', 'description': 'UN VIAJE AL
      ORIGEN. REVOLVER regresa a la carretera con LA 03010, un proyecto que
      representa mucho más que un nuevo álbum de estudio: es una coordenada
      emocional, un regreso al origen y una de las obras más complejas y
      personales en la trayectoria de Carlos Goñi, que continúa explorando
      nuevos territorios creativos. Bajo este enigmático código —el código
      postal del barrio alicantino de Los Ángeles donde vivió de niño— nace
      un repertorio que viaja a las historias que marcaron sus inicios. Según
      el propio Goñi: “Este álbum, junto con Argán, es de lo más complejo
      que he escrito en toda mi vida”. Este nuevo capítulo llega tras el
      éxito histórico de la gira aniversario de Eldorado, donde Revolver
      colgó el cartel de "Sold Out" en cada ciudad. En esta nueva cita, el
      artista no solo presentará sus nuevas composiciones, sino que el
      repertorio incluirá también esos éxitos de siempre que tantas alegrías
      nos han dado, logrando el equilibrio perfecto entre su presente creativo y
      el legado que le ha acompañado durante décadas. PRECIO DE LAS ENTRADAS:
      NIVEL A: 42 EUROS. NIVEL B: 38 EUROS. Debido a la normativa vigente, todos
      los asistentes deben adquirir entrada, incluidos niños y adultos,
      independientemente de la edad y de si ocupan butaca o no. Para cualquier
      incidencia derivada de la compra online puede contactar a través del
      correo electrónico: info@flowte.es', 'others': {'price': 'PRECIO\xa0DE
      LAS ENTRADAS:NIVEL A: 42\xa0EUROSNIVEL B: 38\xa0EUROS'}, 'source':
      'FlowteTaquillaCultural', 'exec_time': '20260224T185522', 'session':
      '2026_02_24_18_31_Martes', 'image':
      'https://www.flowte.me/cabinet/event/img/37140-1771575524.045.png', 'url':
      'https://www.flowte.me/storefront/almeria-cultura-401?cc'}
      -------------
      ******
      xpath
      /html/body/div[6]/div[4]/div[1]/div[3]/div/div[34]/div[3]/h5
      /html/body/div[6]/div[4]/div[1]/div[3]/div/div[34]/div[3]/h5 Not found
      Checking unique event dict.
      Reading /home/ubuntu/data_storage/Almeria/00_master/master_events.json...
      *******
      []
      ('Concierto Conmemorativo Del Día De Andalucía', 'auditorio municipal
      maestro padilla.', '2026-02-26', '20:30:00')
      ('Aletheia', 'teatro apolo almeria', '2026-02-26', '20:30:00')
      ('Vicente Amigo', 'auditorio municipal maestro padilla.', '2026-02-27',
      '20:30:00')
      ('Unity Gospel Choir Con Clasijazz Big Band', 'auditorio municipal maestro
      padilla.', '2026-03-01', '12:30:00')
      ('Sorda', 'teatro apolo almeria', '2026-03-04', '20:00:00')
      ('Luz Casal', 'auditorio municipal maestro padilla.', '2026-03-07',
      '21:00:00')
      ('Dinero Negro', 'teatro apolo almeria', '2026-03-11', '20:30:00')
      ('Baile De Bestias', 'teatro apolo almeria', '2026-03-13', '20:30:00')
      ('Orquesta Filarmónica De Málaga', 'auditorio municipal maestro
      padilla.', '2026-03-14', '20:30:00')
      ('Marwán', 'teatro apolo almeria', '2026-03-15', '20:00:00')
      ('It Was Just an Accident', 'teatro apolo almeria', '2026-03-18',
      '20:00:00')
      ('500 Noches - Tributo a Sabina', 'auditorio municipal maestro padilla.',
      '2026-03-20', '20:30:00')
      ('Parejas Imperfectas', 'auditorio municipal maestro padilla.',
      '2026-03-21', '20:30:00')
      ('Lorcas´indómita', 'teatro apolo almeria', '2026-03-26', '20:30:00')
      ('Morricone Rock Experience', 'auditorio municipal maestro padilla.',
      '2026-03-27', '20:30:00')
      ('Paco Candela', 'auditorio municipal maestro padilla.', '2026-03-28',
      '21:00:00')
      ('Love Me Tender', 'teatro apolo almeria', '2026-04-08', '20:00:00')
      ('Café Quijano', 'auditorio municipal maestro padilla.', '2026-04-10',
      '21:00:00')
      ('Antonio Giménez Y Su Acompañamiento', 'teatro apolo almeria',
      '2026-04-15', '20:30:00')
      ('Next to My Skin', 'teatro apolo almeria', '2026-04-17', '20:30:00')
      ('Laura Gallego', 'auditorio municipal maestro padilla.', '2026-04-18',
      '20:30:00')
      ('Sentimental Value', 'teatro apolo almeria', '2026-04-22', '20:00:00')
      ('Campeones 2 en El Teatro', 'auditorio municipal maestro padilla.',
      '2026-04-25', '20:00:00')
      ('El Fantástico Viaje De Jonás El Espermatozoide', 'teatro apolo
      almeria', '2026-04-30', '20:30:00')
      ('Diana Navarro', 'auditorio municipal maestro padilla.', '2026-05-16',
      '20:30:00')
      ('Zambrano', 'teatro apolo almeria', '2026-05-20', '20:30:00')
      ('Ulises', 'teatro apolo almeria', '2026-05-21', '20:30:00')
      ('Pleita', 'teatro apolo almeria', '2026-05-22', '20:30:00')
      ('Real Orquesta Sinfónica De Sevilla', 'auditorio municipal maestro
      padilla.', '2026-05-23', '20:30:00')
      ('Una Perla en Auschwitz', 'teatro apolo almeria', '2026-06-10',
      '20:30:00')
      ('Un Patético Amor Desconocido', 'teatro apolo almeria', '2026-06-12',
      '20:30:00')
      ('Casandra', 'teatro apolo almeria', '2026-07-15', '20:30:00')
      ('Revolver', 'auditorio municipal maestro padilla.', '2026-10-17',
      '20:30:00')
      ****************************
      Saving 33 new events
      Saving in
      /home/ubuntu/data_storage/Almeria/2026_02_24_18_31_Martes/0_raw/20260224_1
      855_FlowteTaquillaCultural.json
      Saving 33 master url
      Appending to  /home/ubuntu/data_storage/Almeria/00_master/master_url.json

Result: Succeeded

Launching scraper: Entradium
