Launching scraper: AlmeriaCiudad
Succeeded - 2026-02-03T16:01:09Z

dag: FisgonTaskSelenium (1m 13s)
│
└─tarea_1 (1m 13s) [succeeded]
  └─stdout:
      RUNNING VARS →
      CITY=Almeria,
      OPERATION=0,
      CREATE_SESSION=0,
      CLOSE_SESSION=0,
      SESSION=None,
      IMAGES=0,
      GET_SCRAPERS=
      SCRAPER=AlmeriaCiudad
      DAG_RUN_URL=/dags/FisgonTaskSelenium/log?remoteNode=local&step=tarea_1&dag
      RunId=019c243c-7c70-745b-b43e-17de82537c39
      Running for Almeria: AlmeriaCiudad
      AlmeriaCiudad
      RUNNING SESSION =  2026_02_03_15_59_Martes
      Starting WebDriver...
      http://localhost:4444/wd/hub
      sleeping 5
      Getting content
      page = 0
      -----------https://almeriaciudad.es/cultura/agenda?page=0---------------
      len 12
      sleeping 5
      Getting content
      page = 1
      -----------https://almeriaciudad.es/cultura/agenda?page=1---------------
      len 12
      sleeping 5
      Getting content
      page = 2
      -----------https://almeriaciudad.es/cultura/agenda?page=2---------------
      len 2
      sleeping 5
      Getting content
      page = 3
      -----------https://almeriaciudad.es/cultura/agenda?page=3---------------
      len 0
      *** SCRAPED 26 URLS WITH EVENTS **
      New url events = 0
      #######################
      No new urls/events extracted. No new events to save
      #######################
      ***===*** SCRAPER DONE, RESTARTING SELENIUM ***===***
      selenium

Result: Succeeded

Launching scraper: AlmeriaTurismo
Succeeded - 2026-02-03T16:02:22Z

dag: FisgonTaskSelenium (1m 9s)
│
└─tarea_1 (1m 9s) [succeeded]
  └─stdout: ... (359 more lines)
      {'id': '45785130', 'show': 1, 'in_city': 1, 'one_day': 1,
      'wrong_date_time': 1, 'event': 'UD Almería vs CD Leonesa', 'id_venue':
      '2c7846a2', 'venue': 'UD Almería Stadium', 'std_venue': 'UD Almería
      Stadium', 'start_date': '2026-03-08', 'start_time': '__NOT_FOUND__',
      'end_date': '2026-03-08', 'end_time': '__NOT_FOUND__', 'description': 'El
      próximo domingo 8 de marzo se celebrará el emocionante encuentro entre
      UD Almería y Cultural y Deportiva Leonesa en el UD Almería Stadium. Un
      duelo imperdible para los amantes del fútbol.', 'others': {'category':
      'UD Almería Stadium', 'hour': '__NOT_FOUND__', 'startDate': '2026-3-8',
      'endDate': '2026-3-8', 'duration_days': 0, 'location': 'C. Alcalde
      Santiago Martínez Cabrejas, 5, 04007 Almería'}, 'source':
      'AlmeriaTurismo', 'exec_time': '20260203T160223', 'session':
      '2026_02_03_15_59_Martes', 'image':
      'https://www.turismodealmeria.org/wp-content/uploads/2026/01/UD-Almeria-vs
      -CD-Leonesa.png', 'url':
      'https://www.turismodealmeria.org/evento/ud-almeria-vs-cd-leonesa/'}
      --------------------
      {'id': '13851602', 'show': 1, 'in_city': 1, 'one_day': 1,
      'wrong_date_time': 0, 'event': 'DINERO NEGRO', 'id_venue': 'tQfq78jF',
      'venue': 'Teatro Apolo', 'std_venue': 'Teatro Apolo', 'start_date':
      '2026-03-11', 'start_time': '20:30:00', 'end_date': '2026-03-11',
      'end_time': '21:30:00', 'description': '11 DE MARZO DE 2026 A LAS 20:30
      HORAS. PRECIO DE LAS ENTRADAS: 10 EUROS. mié 11 mar 2026 20:30. teatro
      apolo almeria', 'others': {'category': '__NOT_FOUND__', 'hour':
      '__NOT_FOUND__', 'startDate': '2026-3-11T20:30+2:00', 'endDate':
      '2026-3-11T21:30+2:00', 'duration_days': 0, 'location': 'Rambla Obispo
      Orbera, 25,04001 Almería'}, 'source': 'AlmeriaTurismo', 'exec_time':
      '20260203T160223', 'session': '2026_02_03_15_59_Martes', 'image':
      'https://www.turismodealmeria.org/wp-content/uploads/2026/01/dinero-negro.
      jpg', 'url': 'https://www.turismodealmeria.org/evento/dinero-negro/'}
      --------------------
      {'id': 'ca9963ce', 'show': 1, 'in_city': 1, 'one_day': 0,
      'wrong_date_time': 1, 'event': 'V Gran Feria de Exposiciones de Almería -
      Toyo Ferial 2026', 'id_venue': None, 'venue': 'Palacio de Exposiciones y
      Congresos Cabo de Gata – Ciudad de Almería', 'std_venue': None,
      'start_date': '2026-03-13', 'start_time': '__NOT_FOUND__', 'end_date':
      '2026-03-15', 'end_time': '__NOT_FOUND__', 'description': 'La V Gran Feria
      de Exposiciones de Almería, también conocida como Toyo Ferial 2026, se
      celebrará los días 13, 14 y 15 de marzo en el emblemático Palacio de
      Exposiciones de El Toyo, Retamar, Almería.. El evento reunirá a sectores
      clave como hogar, inmobiliaria, gastronomía, moda, náutica, salud y
      talleres de artesanía, además de un área especial dedicada al mundo del
      motor.. Se incluirán sorteos con cheques regalo y muchas sorpresas
      más.', 'others': {'category': 'Palacio de Exposiciones de El Toyo,
      Retamar, Almería', 'hour': '__NOT_FOUND__', 'startDate': '2026-3-13',
      'endDate': '2026-3-15', 'duration_days': 2, 'location': 'Calle de los
      Juegos de Casablanca, 1, 04131 Almería'}, 'source': 'AlmeriaTurismo',
      'exec_time': '20260203T160223', 'session': '2026_02_03_15_59_Martes',
      'image':
      'https://www.turismodealmeria.org/wp-content/uploads/2026/01/V-Gran-Feria-
      de-Exposiciones-de-Almeria-Toyo-Ferial-2026.jpg', 'url':
      'https://www.turismodealmeria.org/evento/v-gran-feria-de-exposiciones-de-a
      lmeria-toyo-ferial-2026/'}
      --------------------
      {'id': '47f0488e', 'show': 1, 'in_city': 1, 'one_day': 1,
      'wrong_date_time': 1, 'event': 'VISITA GUIADA A LA CASA DEL CINE',
      'id_venue': 'df8rMnjt', 'venue': 'Casa del Cine de Almería', 'std_venue':
      'Casa del Cine', 'start_date': '2026-03-13', 'start_time':
      '__NOT_FOUND__', 'end_date': '2026-03-13', 'end_time': '__NOT_FOUND__',
      'description': 'Si buscas planazo para el viernes… aquí lo tienes. A
      partir del 12 de diciembre, gran oportunidad para conocer la Casa del
      Cine, su legado y la historia cinematográfica de Almería.. Únete a
      nuestra visita guiada por la Finca Santa Isabel y descubre los secretos,
      anécdotas y rincones que guarda.. Asegura tu plaza llamando al 950 21 00
      30 (En horario de Casa del Cine). ¡Te esperamos!', 'others': {'category':
      'Todos los viernes', 'hour': '__NOT_FOUND__', 'startDate': '2026-3-13',
      'endDate': '2026-3-13', 'duration_days': 0, 'location': 'Camino Romero, 1,
      04009 Almería'}, 'source': 'AlmeriaTurismo', 'exec_time':
      '20260203T160223', 'session': '2026_02_03_15_59_Martes', 'image':
      'https://www.turismodealmeria.org/wp-content/uploads/2025/12/visita-guiada
      .jpg', 'url':
      'https://www.turismodealmeria.org/evento/visita-guiada-a-la-casa-del-cine/
      var/ri-13.l-L1'}
      --------------------
      {'id': '398cc5be', 'show': 1, 'in_city': 1, 'one_day': 1,
      'wrong_date_time': 0, 'event': 'BAILE DE BESTIAS - CICLO TRASLADANZA
      2026', 'id_venue': 'tQfq78jF', 'venue': 'Teatro Apolo', 'std_venue':
      'Teatro Apolo', 'start_date': '2026-03-13', 'start_time': '20:30:00',
      'end_date': '2026-03-13', 'end_time': '22:30:00', 'description': 'Baile de
      Bestias, es la nueva propuesta de Jesús Carmona. Un espectáculo que nace
      de la necesidad de dar un paso más hacia la verdad más absoluta del
      artista. La vuelta hacía el movimiento primario y su aceptación, para
      después alejarse de él y mirarlo con perspectiva tras la complejidad
      adquirida con la experiencia de los años.. 13 DE MARZO DE 2026 A LAS
      20:30 HORAS. PRECIO DE LAS ENTRADAS:. ANTICIPADA: 12 EUROS. GENERAL: 15
      EUROS. vie 13 mar 2026 20:30', 'others': {'category': '__NOT_FOUND__',
      'hour': '__NOT_FOUND__', 'startDate': '2026-3-13T20:30+2:00', 'endDate':
      '2026-3-13T22:30+2:00', 'duration_days': 0, 'location': 'Rambla Obispo
      Orbera, 25,04001 Almería'}, 'source': 'AlmeriaTurismo', 'exec_time':
      '20260203T160223', 'session': '2026_02_03_15_59_Martes', 'image':
      'https://www.turismodealmeria.org/wp-content/uploads/2026/01/baile-de-best
      ias.jpg', 'url':
      'https://www.turismodealmeria.org/evento/baile-de-bestias-ciclo-trasladanz
      a-2026/'}
      --------------------
      {'id': 'b6353d03', 'show': 1, 'in_city': 1, 'one_day': 1,
      'wrong_date_time': 0, 'event': 'MIGUEL CABRERA', 'id_venue': 'NmPqTrh6',
      'venue': 'Berlin Social Club', 'std_venue': 'Berlin Social Club',
      'start_date': '2026-03-13', 'start_time': '21:00:00', 'end_date':
      '2026-03-13', 'end_time': '23:00:00', 'description': 'Viernes 13 Marzo.
      Concierto: 22:00 H. Apertura de puertas VIP: 21:00 H. Apertura de puertas
      General: 21:30 H. Precio del evento: 22,00 €', 'others': {'category':
      '__NOT_FOUND__', 'hour': '__NOT_FOUND__', 'startDate':
      '2026-3-13T21:00+2:00', 'endDate': '2026-3-13T23:00+2:00',
      'duration_days': 0, 'location': 'Parque de Nicolás Salmerón, 9, Bajo 2,
      04001 Almería'}, 'source': 'AlmeriaTurismo', 'exec_time':
      '20260203T160223', 'session': '2026_02_03_15_59_Martes', 'image':
      'https://www.turismodealmeria.org/wp-content/uploads/2026/01/nunca-te-fall
      are.jpg', 'url':
      'https://www.turismodealmeria.org/evento/miguel-cabrera/'}
      --------------------
      {'id': '0b0c87ab', 'show': 1, 'in_city': 1, 'one_day': 1,
      'wrong_date_time': 0, 'event': 'CHRISTIAN GARCIA - (10 AÑOS DANDO GUERRA)
      - MONÓLOGO', 'id_venue': '7qHRF9LM', 'venue': 'Escuela Municipal de
      Música y Artes', 'std_venue': 'Sala Escuela Municipal de Música &
      Artes', 'start_date': '2026-03-14', 'start_time': '20:00:00', 'end_date':
      '2026-03-14', 'end_time': '22:00:00', 'description': 'Sábado, 14 de
      Marzo, 2026. 8:00 PM. 15.00 €', 'others': {'category': '__NOT_FOUND__',
      'hour': '__NOT_FOUND__', 'startDate': '2026-3-14T20:00+2:00', 'endDate':
      '2026-3-14T22:00+2:00', 'duration_days': 0, 'location': 'Rambla del Obispo
      Orbera, 23,04001 Almería'}, 'source': 'AlmeriaTurismo', 'exec_time':
      '20260203T160223', 'session': '2026_02_03_15_59_Martes', 'image':
      'https://www.turismodealmeria.org/wp-content/uploads/2026/01/10-anos-dando
      -guerra.jpg', 'url':
      'https://www.turismodealmeria.org/evento/christian-garcia-10-anos-dando-gu
      erra-monologo/'}
      --------------------
      {'id': '027bcc91', 'show': 1, 'in_city': 1, 'one_day': 1,
      'wrong_date_time': 0, 'event': 'SAUROM', 'id_venue': 'NmPqTrh6', 'venue':
      'Berlin Social Club', 'std_venue': 'Berlin Social Club', 'start_date':
      '2026-03-14', 'start_time': '20:00:00', 'end_date': '2026-03-14',
      'end_time': '22:00:00', 'description': 'La banda de folk metal SAUROM
      presenta su espectáculo ‘El Principito’ en Almería el sábado 14 de
      marzo de 2026 en el Berlin Social Club. Un evento cargado de música,
      emoción y fantasía. El concierto comenzará a las 20:00. SAUROM se
      reserva el derecho de suspensión del evento por fuerza mayor. En caso de
      cancelación, las devoluciones de entrada se podrán tramitar durante los
      15 días posteriores al anuncio.', 'others': {'category': 'Berlin Social
      Club - Almería', 'hour': '__NOT_FOUND__', 'startDate':
      '2026-3-14T20:00+2:00', 'endDate': '2026-3-14T22:00+2:00',
      'duration_days': 0, 'location': 'Parque de Nicolás Salmerón, 9, Bajo 2,
      04001 Almería'}, 'source': 'AlmeriaTurismo', 'exec_time':
      '20260203T160223', 'session': '2026_02_03_15_59_Martes', 'image':
      'https://www.turismodealmeria.org/wp-content/uploads/2026/01/Concierto-SAU
      ROM-El-Principito.jpg', 'url':
      'https://www.turismodealmeria.org/evento/concierto-saurom/'}
      --------------------
      {'id': 'f6f2a166', 'show': 1, 'in_city': 1, 'one_day': 1,
      'wrong_date_time': 0, 'event': 'LOS HUMANOS - MARTINEZ ARES', 'id_venue':
      'DgpfFbPt', 'venue': 'Teatro Cervantes', 'std_venue': 'Teatro Cervantes',
      'start_date': '2026-03-14', 'start_time': '21:30:00', 'end_date':
      '2026-03-14', 'end_time': '22:30:00', 'description': 'Fecha: 14 de Marzo.
      Lugar: Teatro Cervantes. Hora: 21:30 h. Venta de Entradas: Puedes comprar
      tus entradas en eternidadeventos.com', 'others': {'category':
      '__NOT_FOUND__', 'hour': '__NOT_FOUND__', 'startDate':
      '2026-3-14T21:30+2:00', 'endDate': '2026-3-14T22:30+2:00',
      'duration_days': 0, 'location': 'Calle Poeta Villaespesa, 1, 04001
      Almería'}, 'source': 'AlmeriaTurismo', 'exec_time': '20260203T160223',
      'session': '2026_02_03_15_59_Martes', 'image':
      'https://www.turismodealmeria.org/wp-content/uploads/2025/12/los-humanos-c
      artel.jpeg', 'url':
      'https://www.turismodealmeria.org/evento/los-humanos-martinez-ares/'}
      --------------------
      {'id': 'b9df8325', 'show': 1, 'in_city': 1, 'one_day': 1,
      'wrong_date_time': 1, 'event': 'VISITA GUIADA A LA CASA DEL CINE',
      'id_venue': 'df8rMnjt', 'venue': 'Casa del Cine de Almería', 'std_venue':
      'Casa del Cine', 'start_date': '2026-03-20', 'start_time':
      '__NOT_FOUND__', 'end_date': '2026-03-20', 'end_time': '__NOT_FOUND__',
      'description': 'Si buscas planazo para el viernes… aquí lo tienes. A
      partir del 12 de diciembre, gran oportunidad para conocer la Casa del
      Cine, su legado y la historia cinematográfica de Almería.. Únete a
      nuestra visita guiada por la Finca Santa Isabel y descubre los secretos,
      anécdotas y rincones que guarda.. Asegura tu plaza llamando al 950 21 00
      30 (En horario de Casa del Cine). ¡Te esperamos!', 'others': {'category':
      'Todos los viernes', 'hour': '__NOT_FOUND__', 'startDate': '2026-3-20',
      'endDate': '2026-3-20', 'duration_days': 0, 'location': 'Camino Romero, 1,
      04009 Almería'}, 'source': 'AlmeriaTurismo', 'exec_time':
      '20260203T160223', 'session': '2026_02_03_15_59_Martes', 'image':
      'https://www.turismodealmeria.org/wp-content/uploads/2025/12/visita-guiada
      .jpg', 'url':
      'https://www.turismodealmeria.org/evento/visita-guiada-a-la-casa-del-cine/
      var/ri-14.l-L1'}
      --------------------
      {'id': '562c6551', 'show': 1, 'in_city': 1, 'one_day': 1,
      'wrong_date_time': 0, 'event': 'Noche de música con XoRayQué Flamenco',
      'id_venue': None, 'venue': 'Restaurante Bagua Almería', 'std_venue':
      None, 'start_date': '2026-03-20', 'start_time': '20:00:00', 'end_date':
      '2026-03-20', 'end_time': '22:00:00', 'description': 'Ven al BAGUA-ROSSO
      RESTORANTE el viernes 20 para disfrutar de una noche inolvidable de
      música con @XORAYQUE_FLAMENCO. Un espectáculo de flamenco fusión que
      combina diversos palos flamencos con estilos únicos, dando como resultado
      una propuesta musical personal y vibrante. Preventa a 5 euros y entradas
      en puerta por 7 euros. ¡No te lo pierdas!', 'others': {'category':
      'BAGUA-ROSSO RESTORANTE, Av. Federico García Lorca 5', 'hour':
      '__NOT_FOUND__', 'startDate': '2026-3-20T20:00+2:00', 'endDate':
      '2026-3-20T22:00+2:00', 'duration_days': 0, 'location': 'Av. Federico
      García Lorca, 5, 04004 Almería'}, 'source': 'AlmeriaTurismo',
      'exec_time': '20260203T160223', 'session': '2026_02_03_15_59_Martes',
      'image':
      'https://www.turismodealmeria.org/wp-content/uploads/2026/02/Noche-de-musi
      ca-con-XoRayQue-Flamenco.jpg', 'url':
      'https://www.turismodealmeria.org/evento/noche-de-musica-con-xorayque-flam
      enco/'}
      --------------------
      {'id': 'ee9693ec', 'show': 1, 'in_city': 1, 'one_day': 1,
      'wrong_date_time': 0, 'event': '500 NOCHES - TRIBUTO A JOAQUÍN SABINA',
      'id_venue': None, 'venue': '__NOT_FOUND__', 'std_venue': None,
      'start_date': '2026-03-20', 'start_time': '20:30:00', 'end_date':
      '2026-03-20', 'end_time': '21:30:00', 'description': 'Viernes 20 mar 2026
      20:30. PRECIO DE LAS ENTRADAS:. ANTICIPADA NIVEL A: 25 EUROS. ANTICIPADA
      NIVEL B: 20 EUROS. GENERAL DÍA DEL EVENTO (NIVEL A Y B): 30 EUROS',
      'others': {'category': '__NOT_FOUND__', 'hour': '__NOT_FOUND__',
      'startDate': '2026-3-20T20:30+2:00', 'endDate': '2026-3-20T21:30+2:00',
      'duration_days': 0, 'location': '__NOT_FOUND__'}, 'source':
      'AlmeriaTurismo', 'exec_time': '20260203T160223', 'session':
      '2026_02_03_15_59_Martes', 'image':
      'https://www.turismodealmeria.org/wp-content/uploads/2026/01/500-noches.jp
      g', 'url':
      'https://www.turismodealmeria.org/evento/500-noches-tributo-a-joaquin-sabi
      na/'}
      --------------------
      {'id': 'a58cc986', 'show': 1, 'in_city': 1, 'one_day': 1,
      'wrong_date_time': 0, 'event': 'VEINTIUNO - MÍTOLOGÍA', 'id_venue':
      'NmPqTrh6', 'venue': 'Berlin Social Club', 'std_venue': 'Berlin Social
      Club', 'start_date': '2026-03-20', 'start_time': '22:00:00', 'end_date':
      '2026-03-20', 'end_time': '23:00:00', 'description': 'Viernes 20 Marzo.
      Apertura 22.00h. Precio del evento: 22,00 €', 'others': {'category':
      '__NOT_FOUND__', 'hour': '__NOT_FOUND__', 'startDate':
      '2026-3-20T22:00+2:00', 'endDate': '2026-3-20T23:00+2:00',
      'duration_days': 0, 'location': 'Parque de Nicolás Salmerón, 9, Bajo 2,
      04001 Almería'}, 'source': 'AlmeriaTurismo', 'exec_time':
      '20260203T160223', 'session': '2026_02_03_15_59_Martes', 'image':
      'https://www.turismodealmeria.org/wp-content/uploads/2026/01/21.jpg',
      'url': 'https://www.turismodealmeria.org/evento/veintiuno-mitologia/'}
      --------------------
      {'id': 'e17ddacc', 'show': 1, 'in_city': 1, 'one_day': 1,
      'wrong_date_time': 0, 'event': 'LORCAS´INDÓMITA - DELICATESSEN INVIERNO
      2026', 'id_venue': 'tQfq78jF', 'venue': 'Teatro Apolo', 'std_venue':
      'Teatro Apolo', 'start_date': '2026-03-26', 'start_time': '20:30:00',
      'end_date': '2026-03-26', 'end_time': '21:30:00', 'description': 'Jueves
      26 de Marzo 2026 20:30. PRECIO DE LAS ENTRADAS: 14 EUROS. ABONO
      DELICATESSEN INVIERNO 2026 (INCLUYE “ETER, DANZA DE LUCES”,
      “ALETHEIA” Y “LORCAS´INDÓMITA”): 33 EUROS', 'others':
      {'category': '__NOT_FOUND__', 'hour': '__NOT_FOUND__', 'startDate':
      '2026-3-26T20:30+2:00', 'endDate': '2026-3-26T21:30+2:00',
      'duration_days': 0, 'location': 'Rambla Obispo Orbera, 25,04001
      Almería'}, 'source': 'AlmeriaTurismo', 'exec_time': '20260203T160223',
      'session': '2026_02_03_15_59_Martes', 'image':
      'https://www.turismodealmeria.org/wp-content/uploads/2026/01/lorca.jpg',
      'url':
      'https://www.turismodealmeria.org/evento/lorcasindomita-delicatessen-invie
      rno-2026/'}
      --------------------
      {'id': '8c02203d', 'show': 1, 'in_city': 1, 'one_day': 1,
      'wrong_date_time': 1, 'event': 'VISITA GUIADA A LA CASA DEL CINE',
      'id_venue': 'df8rMnjt', 'venue': 'Casa del Cine de Almería', 'std_venue':
      'Casa del Cine', 'start_date': '2026-03-27', 'start_time':
      '__NOT_FOUND__', 'end_date': '2026-03-27', 'end_time': '__NOT_FOUND__',
      'description': 'Si buscas planazo para el viernes… aquí lo tienes. A
      partir del 12 de diciembre, gran oportunidad para conocer la Casa del
      Cine, su legado y la historia cinematográfica de Almería.. Únete a
      nuestra visita guiada por la Finca Santa Isabel y descubre los secretos,
      anécdotas y rincones que guarda.. Asegura tu plaza llamando al 950 21 00
      30 (En horario de Casa del Cine). ¡Te esperamos!', 'others': {'category':
      'Todos los viernes', 'hour': '__NOT_FOUND__', 'startDate': '2026-3-27',
      'endDate': '2026-3-27', 'duration_days': 0, 'location': 'Camino Romero, 1,
      04009 Almería'}, 'source': 'AlmeriaTurismo', 'exec_time':
      '20260203T160223', 'session': '2026_02_03_15_59_Martes', 'image':
      'https://www.turismodealmeria.org/wp-content/uploads/2025/12/visita-guiada
      .jpg', 'url':
      'https://www.turismodealmeria.org/evento/visita-guiada-a-la-casa-del-cine/
      var/ri-15.l-L1'}
      --------------------
      {'id': 'd9081757', 'show': 1, 'in_city': 1, 'one_day': 1,
      'wrong_date_time': 0, 'event': 'MORRICONE ROCK EXPERIENCE', 'id_venue':
      None, 'venue': '__NOT_FOUND__', 'std_venue': None, 'start_date':
      '2026-03-27', 'start_time': '20:30:00', 'end_date': '2026-03-27',
      'end_time': '23:00:00', 'description': 'vie 27 mar 2026 20:30. auditorio
      municipal maestro padilla.', 'others': {'category': '__NOT_FOUND__',
      'hour': '__NOT_FOUND__', 'startDate': '2026-3-27T20:30+2:00', 'endDate':
      '2026-3-27T23:00+2:00', 'duration_days': 0, 'location': '__NOT_FOUND__'},
      'source': 'AlmeriaTurismo', 'exec_time': '20260203T160223', 'session':
      '2026_02_03_15_59_Martes', 'image':
      'https://www.turismodealmeria.org/wp-content/uploads/2026/01/morricone.jpg
      ', 'url':
      'https://www.turismodealmeria.org/evento/morricone-rock-experience/'}
      --------------------
      {'id': '9095cced', 'show': 1, 'in_city': 1, 'one_day': 1,
      'wrong_date_time': 0, 'event': 'Vera Fauna', 'id_venue': 'NmPqTrh6',
      'venue': 'Berlin Social Club', 'std_venue': 'Berlin Social Club',
      'start_date': '2026-03-27', 'start_time': '21:00:00', 'end_date':
      '2026-03-27', 'end_time': '23:00:00', 'description': 'La banda Vera Fauna
      llega a Almería con su gira ‘Dime Dónde Estamos’. El concierto
      tendrá lugar el 27 de marzo en la Sala Berlin Social Club. No te pierdas
      esta oportunidad de disfrutar en directo de su sonido fresco y
      envolvente.', 'others': {'category': 'Gira Dime Dónde Estamos en
      Almería', 'hour': '__NOT_FOUND__', 'startDate': '2026-3-27T21:00+2:00',
      'endDate': '2026-3-27T23:00+2:00', 'duration_days': 0, 'location': 'Parque
      de Nicolás Salmerón, 9, Bajo 2, 04001 Almería'}, 'source':
      'AlmeriaTurismo', 'exec_time': '20260203T160223', 'session':
      '2026_02_03_15_59_Martes', 'image':
      'https://www.turismodealmeria.org/wp-content/uploads/2026/01/Concierto-Ver
      a-Fauna-Gira-Dime-Donde-Estamos-en-Almeria.jpg', 'url':
      'https://www.turismodealmeria.org/evento/vera-fauna/'}
      --------------------
      {'id': '273777e6', 'show': 1, 'in_city': 1, 'one_day': 1,
      'wrong_date_time': 0, 'event': 'Paco Candela - Gira 30 años', 'id_venue':
      None, 'venue': '__NOT_FOUND__', 'std_venue': None, 'start_date':
      '2026-03-28', 'start_time': '13:18:00', 'end_date': '2026-03-28',
      'end_time': '13:18:00', 'description': 'Paco Candela celebra por todo lo
      alto 30 años de carrera con una nueva gira que será la más importante y
      emocionante para el artista, una serie de conciertos únicos rodeado por
      un gran elenco de músicos que hacen de cada noche una nueva fiesta
      interpretando sus mejores temas como sólo en directo se puede hacer.',
      'others': {'category': '__NOT_FOUND__', 'hour': '__NOT_FOUND__',
      'startDate': '2026-3-28T13:18+2:00', 'endDate': '2026-3-28T13:18+2:00',
      'duration_days': 0, 'location': '__NOT_FOUND__'}, 'source':
      'AlmeriaTurismo', 'exec_time': '20260203T160223', 'session':
      '2026_02_03_15_59_Martes', 'image':
      'https://www.turismodealmeria.org/wp-content/uploads/2026/01/Paco-Candela-
      Gira-30-anos.png', 'url':
      'https://www.turismodealmeria.org/evento/paco-candela-gira-30-anos/'}
      --------------------
      {'id': '87fdd830', 'show': 1, 'in_city': 1, 'one_day': 1,
      'wrong_date_time': 0, 'event': 'MARTA SOTO - REINICIO', 'id_venue':
      'NmPqTrh6', 'venue': 'Berlin Social Club', 'std_venue': 'Berlin Social
      Club', 'start_date': '2026-03-28', 'start_time': '22:30:00', 'end_date':
      '2026-03-28', 'end_time': '23:30:00', 'description': 'Fecha: Sábado 28
      Marzo. Precio del evento: 20,00 €', 'others': {'category':
      '__NOT_FOUND__', 'hour': '__NOT_FOUND__', 'startDate':
      '2026-3-28T22:30+2:00', 'endDate': '2026-3-28T23:30+2:00',
      'duration_days': 0, 'location': 'Parque de Nicolás Salmerón, 9, Bajo 2,
      04001 Almería'}, 'source': 'AlmeriaTurismo', 'exec_time':
      '20260203T160223', 'session': '2026_02_03_15_59_Martes', 'image':
      'https://www.turismodealmeria.org/wp-content/uploads/2026/01/marta-soto.jp
      g', 'url': 'https://www.turismodealmeria.org/evento/marta-soto-reinicio/'}
      --------------------
      {'id': '8f603982', 'show': 1, 'in_city': 1, 'one_day': 1,
      'wrong_date_time': 0, 'event': 'Taller Arte y Botánica – Herbario
      Poético II', 'id_venue': None, 'venue': 'Pabellón de Historia Natural,
      PHN', 'std_venue': None, 'start_date': '2026-03-29', 'start_time':
      '11:00:00', 'end_date': '2026-03-29', 'end_time': '14:00:00',
      'description': 'Un taller que combina arte y botánica organizado por el
      Pabellón de Historia Natural de la Universidad de Almería.. Fechas
      (ciclo de 3 sesiones):. 25 de enero a las 11:00 h.. 22 de febrero a las
      11:00 h.. 29 de marzo a las 11:00 h.. Precio: 15 € por persona (incluye
      las 3 sesiones).. Lugar: Pabellón de Historia Natural (UAL)..
      Inscripciones: Enviando un correo a phnual@ual.es.', 'others':
      {'category': '__NOT_FOUND__', 'hour': '__NOT_FOUND__', 'startDate':
      '2026-3-29T11:00+2:00', 'endDate': '2026-3-29T14:00+2:00',
      'duration_days': 0, 'location': 'Universidad de Almería, 04120
      Almería'}, 'source': 'AlmeriaTurismo', 'exec_time': '20260203T160223',
      'session': '2026_02_03_15_59_Martes', 'image':
      'https://www.turismodealmeria.org/wp-content/uploads/2026/01/taller-arte-b
      otanica.jpeg', 'url':
      'https://www.turismodealmeria.org/evento/taller-arte-y-botanica-herbario-p
      oetico-ii/var/ri-2.l-L1'}
      --------------------
      {'id': '115ffb08', 'show': 1, 'in_city': 1, 'one_day': 1,
      'wrong_date_time': 1, 'event': 'UD Almería vs R. Sociedad B', 'id_venue':
      '2c7846a2', 'venue': 'UD Almería Stadium', 'std_venue': 'UD Almería
      Stadium', 'start_date': '2026-03-29', 'start_time': '__NOT_FOUND__',
      'end_date': '2026-03-29', 'end_time': '__NOT_FOUND__', 'description': 'El
      próximo domingo 29 de marzo se celebrará el emocionante encuentro entre
      UD Almería y R. Sociedad B en el UD Almería Stadium. Un duelo imperdible
      para los amantes del fútbol.', 'others': {'category': 'Partido de fútbol
      UD Almería vs R. Sociedad B', 'hour': '__NOT_FOUND__', 'startDate':
      '2026-3-29', 'endDate': '2026-3-29', 'duration_days': 0, 'location': 'C.
      Alcalde Santiago Martínez Cabrejas, 5, 04007 Almería'}, 'source':
      'AlmeriaTurismo', 'exec_time': '20260203T160223', 'session':
      '2026_02_03_15_59_Martes', 'image':
      'https://www.turismodealmeria.org/wp-content/uploads/2026/01/UD-Almeria-vs
      -R.-Sociedad-B.png', 'url':
      'https://www.turismodealmeria.org/evento/ud-almeria-vs-r-sociedad-b/'}
      Checking unique event url.
      New url events = 33
      ****************************
      Saving 33 new events
      Saving in
      /home/ubuntu/data_storage/Almeria/2026_02_03_15_59_Martes/0_raw/20260203_1
      602_AlmeriaTurismo.json
      Saving 33 master url
      Appending to  /home/ubuntu/data_storage/Almeria/00_master/master_url.json
      ***===*** SCRAPER DONE, RESTARTING SELENIUM ***===***
      selenium

Result: Succeeded

Launching scraper: JuntaAndaluciaAgenda
Succeeded - 2026-02-03T16:03:31Z

dag: FisgonTaskSelenium (4m 26s)
│
└─tarea_1 (4m 26s) [succeeded]
  ├─stdout: ... (161 more lines)
  │   Sleep 4
  │   --------------------
  │   {'id': '0b3cbd10', 'show': 1, 'in_city': 0, 'one_day': 1,
  │   'wrong_date_time': 0, 'event': '¡Madre Mía! en Vera', 'id_venue':
  │   None, 'venue': 'Auditorio Ciudad de Vera', 'std_venue': None,
  │   'start_date': '2026-02-07', 'start_time': '21:00:00', 'end_date':
  │   '2026-02-07', 'end_time': '__NOT_DEFINIED__', 'description':
  │   'Recomendado +12 años', 'others': {'location_url':
  │   '/cultura/agendaculturaldeandalucia/espacios/auditorio-ciudad-de-vera',
  │   'location2': ' Auditorio Ciudad de Vera', 'duration': '__NOT_FOUND__',
  │   'datetime_details': '07 de Febrero del 2026, 21:00 horas', 'town':
  │   '__NOT_FOUND__', 'location': 'Carretera de Cuevas 1, Vera. Almería',
  │   'duration_days': '__NOT_FOUND__'}, 'source': 'JuntaAndaluciaAgenda',
  │   'exec_time': '20260203T160332', 'session': '2026_02_03_15_59_Martes',
  │   'image':
  │   '/cultura/agendaculturaldeandalucia/sites/default/files/styles/header_ac
  │   tivity_ext_2xl/public/2024-10/madre_mia_0.jpg.webp?itok=Ci1OM8PG',
  │   'url':
  │   'https://www.juntadeandalucia.es/cultura/agendaculturaldeandalucia/event
  │   o/madre-mia-en-vera-0'}
  │   22 / 30
  │   Getting
  │   https://www.juntadeandalucia.es/cultura/agendaculturaldeandalucia/evento
  │   /morricone-rock-experience
  │   Sleep 4
  │   --------------------
  │   {'id': 'c1f27aef', 'show': 1, 'in_city': 1, 'one_day': 1,
  │   'wrong_date_time': 0, 'event': 'Morricone Rock Experience', 'id_venue':
  │   '27qNP7DH', 'venue': 'Auditorio Municipal Maestro Padilla', 'std_venue':
  │   'Auditorio Municipal Maestro Padilla', 'start_date': '2026-03-27',
  │   'start_time': '20:30:00', 'end_date': '2026-03-27', 'end_time':
  │   '__NOT_DEFINIED__', 'description': 'De producción española, este
  │   espectáculo nacido en Italia rinde tributo al legendario Ennio
  │   Morricone, cuya música marcó para siempre la historia del cine.
  │   Morricone Rock Experience reúne a músicos y voces que, a través de
  │   instrumentos eléctricos y nuevas tecnologías, proponen una experiencia
  │   innovadora: un recorrido por el universo cinematográfico del maestro
  │   italiano y por algunas de sus bandas sonoras más emblemáticas. El
  │   espectáculo se estrena en la provincia de Almería, un enclave clave en
  │   la inspiración de Morricone para muchas de las películas que llevaron
  │   su inconfundible sello musical.', 'others': {'location_url':
  │   '/cultura/agendaculturaldeandalucia/espacios/auditorio-municipal-maestro
  │   -padilla', 'location2': 'Auditorio Municipal Maestro Padilla',
  │   'duration': '__NOT_FOUND__', 'datetime_details': '27 de Marzo del 2026,
  │   20:30 Horas', 'town': '__NOT_FOUND__', 'location': 'Plaza de Alfredo
  │   Kraus, s/n, Almería. Almería', 'duration_days': '__NOT_FOUND__'},
  │   'source': 'JuntaAndaluciaAgenda', 'exec_time': '20260203T160332',
  │   'session': '2026_02_03_15_59_Martes', 'image':
  │   '/cultura/agendaculturaldeandalucia/sites/default/files/styles/header_ac
  │   tivity_ext_2xl/public/2026-01/morricone_almeria.jpg.webp?itok=BllEpHpm',
  │   'url':
  │   'https://www.juntadeandalucia.es/cultura/agendaculturaldeandalucia/event
  │   o/morricone-rock-experience'}
  │   23 / 30
  │   Getting
  │   https://www.juntadeandalucia.es/cultura/agendaculturaldeandalucia/evento
  │   /solazo-fest-2026
  │   Sleep 4
  │   --------------------
  │   {'id': 'b1f093fb', 'show': 1, 'in_city': 1, 'one_day': 0,
  │   'wrong_date_time': 1, 'event': 'Solazo Fest 2026', 'id_venue':
  │   'Dmb6Gmtr', 'venue': 'Recinto ferial de Almería', 'std_venue': 'Recinto
  │   Ferial de Almería', 'start_date': '2026-05-01', 'start_time':
  │   '__NOT_FOUND__', 'end_date': '2026-05-03', 'end_time':
  │   '__NOT_DEFINIED__', 'description': 'Solazo Fest 2026 – El festival de
  │   la primavera en Almería Solazo Fest vuelve los días 1, 2 y 3 de mayo
  │   de 2026 para convertir Almería en el epicentro de la música y la
  │   diversión durante el puente de mayo.', 'others': {'location_url':
  │   '/cultura/agendaculturaldeandalucia/espacios/recinto-ferial-de-almeria-0
  │   ', 'location2': 'Recinto ferial de Almería', 'duration':
  │   '__NOT_FOUND__', 'datetime_details': '01 de Mayo del 2026 - 03 de Mayo
  │   del 2026, 12:00 h.', 'town': '__NOT_FOUND__', 'location': 'Avenida de
  │   los Juegos Mediterráneos, s/n, Almería. Almería', 'duration_days':
  │   '__NOT_FOUND__'}, 'source': 'JuntaAndaluciaAgenda', 'exec_time':
  │   '20260203T160332', 'session': '2026_02_03_15_59_Martes', 'image':
  │   '/cultura/agendaculturaldeandalucia/sites/default/files/styles/header_ac
  │   tivity_ext_2xl/public/2026-01/solazo_2026.jpg.webp?itok=2YAqZZqN',
  │   'url':
  │   'https://www.juntadeandalucia.es/cultura/agendaculturaldeandalucia/event
  │   o/solazo-fest-2026'}
  │   24 / 30
  │   Getting
  │   https://www.juntadeandalucia.es/cultura/agendaculturaldeandalucia/evento
  │   /sumate-la-comunidad-caf
  │   Sleep 4
  │   --------------------
  │   {'id': '6b8279ac', 'show': 1, 'in_city': 1, 'one_day': 0,
  │   'wrong_date_time': 1, 'event': '¡Súmate a la Comunidad CAF!',
  │   'id_venue': 'DDDLJ7pm', 'venue': 'Centro Andaluz de la Fotografía',
  │   'std_venue': 'Centro Andaluz de la Fotografía', 'start_date':
  │   '2026-01-22', 'start_time': '__NOT_FOUND__', 'end_date': '2026-02-22',
  │   'end_time': '__NOT_DEFINIED__', 'description': 'Participa, descubre las
  │   novedades y organiza tu agenda cultural. Cada semana recibirás un
  │   correo con el calendario de la programación, alertas para que no te
  │   pierdas las inauguraciones, los plazos de preinscripción a talleres y
  │   certámenes, así como recomendaciones, entre otros contenidos.',
  │   'others': {'location_url':
  │   '/cultura/agendaculturaldeandalucia/espacios/centro-andaluz-de-la-fotogr
  │   afia', 'location2': 'Centro Andaluz de la Fotografía', 'duration':
  │   '__NOT_FOUND__', 'datetime_details': '22 de Enero del 2026 - 22 de
  │   Febrero del 2026', 'town': '__NOT_FOUND__', 'location': 'Calle Pintor
  │   Díaz Molina 9, Almería. Almería', 'duration_days': '__NOT_FOUND__'},
  │   'source': 'JuntaAndaluciaAgenda', 'exec_time': '20260203T160332',
  │   'session': '2026_02_03_15_59_Martes', 'image':
  │   '/cultura/agendaculturaldeandalucia/sites/default/files/styles/header_ac
  │   tivity_ext_2xl/public/2026-01/PROMOFORMULARIOONLINE.jpg.webp?itok=nwL5ti
  │   qC', 'url':
  │   'https://www.juntadeandalucia.es/cultura/agendaculturaldeandalucia/event
  │   o/sumate-la-comunidad-caf'}
  │   25 / 30
  │   Getting
  │   https://www.juntadeandalucia.es/cultura/agendaculturaldeandalucia/evento
  │   /filmoteca-de-andalucia-programacion-febrero-en-almeria-0
  │   Sleep 4
  │   --------------------
  │   {'id': '0368504e', 'show': 1, 'in_city': 1, 'one_day': 0,
  │   'wrong_date_time': 1, 'event': 'Filmoteca de Andalucía. Programación
  │   febrero en Almería', 'id_venue': 'TjmFnJdD', 'venue': 'Biblioteca
  │   Pública del Estado-Biblioteca Provincial de Almería Francisco
  │   Villaespesa', 'std_venue': 'Biblioteca Pública Francisco Villaespesa',
  │   'start_date': '2026-02-01', 'start_time': '__NOT_FOUND__', 'end_date':
  │   '2026-02-28', 'end_time': '__NOT_DEFINIED__', 'description': 'V Premios
  │   Carmen. Nominados. Granada acoge la entrega de los V Premios Carmen del
  │   Cine Andaluz, organizados por la Academia de Cine de Andalucía. La
  │   presencia de los Premios Carmen se extiende en la Filmoteca de
  │   Andalucía con la proyección de los largometrajes, documentales y
  │   cortometrajes nominados. Durante sus casi 70 años de trayectoria, Clint
  │   Eastwood , el "último gran clásico del cine norteamericano", ha
  │   obtenido un palmarés muy imponente y difícil de tan siquiera igualar:
  │   cuatro Oscar de Hollywood, dos como director y otros dos como productor,
  │   siete nominaciones más a los premios de la Academia, cinco Globos de
  │   Oro y numerosos galardones tanto dentro como fuera de Estados Unidos. La
  │   Filmoteca de Andalucía homenajea su trayectoria con sus títulos
  │   fundamentales. Una mirada 50 años después al cine español de 1976, el
  │   año en que estrenábamos libertades públicas y en el que el cine era
  │   fiel reflejo de ese aprendizaje en libertad. Directores y directoras que
  │   mostraban una España al fin en democracia. Paisajes andaluces de cine .
  │   A partir de la exposición Misión Andalucía, organizada por el Centro
  │   Andaluz de la Fotografía, la Filmoteca propone en la sala de Almería
  │   un cuatro películas donde el paisaje andaluz tiene una relevancia
  │   sustancial en sus respectivas narrativas fílmicas. 2 LUNES 19:00 h. V
  │   Premios Carmen LOS TIGRES Alberto Rodríguez. España. 2025. 109 min.
  │   Color. v.o.e. Colabora Academia de Cine de Andalucía 9 LUNES 19:00 h.
  │   Clint Eastwood IMPACTO SÚBITO Clint Eastwood. EEUU. 1983. 117 min.
  │   Color. v.o.s.e. 16 LUNES 19:00 h. 50 años CRÍA CUERVOS Carlos Saura .
  │   España. 1976. 110 min. Color. v.o.e. 23 LUNES 19:00 h. Paisajes
  │   andaluces de cine MANUELA Gonzalo García Pelayo. España. 1976. 105
  │   min. Color. v.o.e.', 'others': {'location_url':
  │   '/cultura/agendaculturaldeandalucia/espacios/biblioteca-publica-del-esta
  │   do-biblioteca-provincial-de-almeria-francisco-villaespesa', 'location2':
  │   'Biblioteca Pública del Estado-Biblioteca Provincial de Almería
  │   Francisco Villaespesa', 'duration': '__NOT_FOUND__', 'datetime_details':
  │   '01 de Febrero del 2026 - 28 de Febrero del 2026, 19.00 horas', 'town':
  │   '__NOT_FOUND__', 'location': 'Calle Hermanos Machado, s/n, Almería.
  │   Almería', 'duration_days': '__NOT_FOUND__'}, 'source':
  │   'JuntaAndaluciaAgenda', 'exec_time': '20260203T160332', 'session':
  │   '2026_02_03_15_59_Martes', 'image':
  │   '/cultura/agendaculturaldeandalucia/sites/default/files/styles/header_ac
  │   tivity_ext_2xl/public/2026-01/cdba9f76240bace37d4737199b4b63b5145c468cd5
  │   bb5fa962d6f0e3cc18390e._SX1080_FMjpg_.jpg.webp?itok=yyp4WJBA', 'url':
  │   'https://www.juntadeandalucia.es/cultura/agendaculturaldeandalucia/event
  │   o/filmoteca-de-andalucia-programacion-febrero-en-almeria-0'}
  │   26 / 30
  │   Getting
  │   https://www.juntadeandalucia.es/cultura/agendaculturaldeandalucia/evento
  │   /dinero-negro
  │   Sleep 4
  │   --------------------
  │   {'id': 'b3902f02', 'show': 1, 'in_city': 1, 'one_day': 1,
  │   'wrong_date_time': 0, 'event': 'Dinero negro', 'id_venue': 'tQfq78jF',
  │   'venue': 'Teatro Apolo', 'std_venue': 'Teatro Apolo', 'start_date':
  │   '2026-03-11', 'start_time': '20:30:00', 'end_date': '2026-03-11',
  │   'end_time': '__NOT_DEFINIED__', 'description': 'La trama gira en torno a
  │   Carlos, que inesperadamente se encuentra con un maletín lleno de 10
  │   millones de euros pertenecientes a la mafia rusa.', 'others':
  │   {'location_url':
  │   '/cultura/agendaculturaldeandalucia/evento/teatro-apolo-almeria',
  │   'location2': 'Teatro Apolo', 'duration': '__NOT_FOUND__',
  │   'datetime_details': '11 de Marzo del 2026, 20:30 horas', 'town':
  │   '__NOT_FOUND__', 'location': 'C. Rbla. Obispo Orberá, 25, Almería.
  │   Almería', 'duration_days': '__NOT_FOUND__'}, 'source':
  │   'JuntaAndaluciaAgenda', 'exec_time': '20260203T160332', 'session':
  │   '2026_02_03_15_59_Martes', 'image':
  │   '/cultura/agendaculturaldeandalucia/sites/default/files/styles/header_ac
  │   tivity_ext_2xl/public/2026-01/dinero%20negro.png.webp?itok=BBHFI2GO',
  │   'url':
  │   'https://www.juntadeandalucia.es/cultura/agendaculturaldeandalucia/event
  │   o/dinero-negro'}
  │   27 / 30
  │   Getting
  │   https://www.juntadeandalucia.es/cultura/agendaculturaldeandalucia/evento
  │   /como-una-ola-homenaje-rocio-jurado
  │   Sleep 4
  │   --------------------
  │   {'id': 'db1b544e', 'show': 1, 'in_city': 1, 'one_day': 1,
  │   'wrong_date_time': 0, 'event': 'Como una ola, homenaje a Rocío Jurado',
  │   'id_venue': 'DgpfFbPt', 'venue': 'Teatro Cervantes de Almería',
  │   'std_venue': 'Teatro Cervantes', 'start_date': '2026-05-10',
  │   'start_time': '20:30:00', 'end_date': '2026-05-10', 'end_time':
  │   '__NOT_DEFINIED__', 'description': 'Homenaje musical a Rocío Jurado
  │   interpretao por María Durán bajo la dirección de Ángel Valdegrama.',
  │   'others': {'location_url':
  │   '/cultura/agendaculturaldeandalucia/espacios/teatro-cervantes-de-almeria
  │   ', 'location2': 'Teatro Cervantes de Almería', 'duration':
  │   '__NOT_FOUND__', 'datetime_details': '10 de Mayo del 2026, 20:30 horas',
  │   'town': '__NOT_FOUND__', 'location': 'c/ Poeta Villaespesa 1, Almería.
  │   Almería', 'duration_days': '__NOT_FOUND__'}, 'source':
  │   'JuntaAndaluciaAgenda', 'exec_time': '20260203T160332', 'session':
  │   '2026_02_03_15_59_Martes', 'image':
  │   '/cultura/agendaculturaldeandalucia/sites/default/files/styles/header_ac
  │   tivity_ext_2xl/public/2026-01/homenaje%20rocio%20juradojpg.jpg.webp?itok
  │   =XsAFSdv2', 'url':
  │   'https://www.juntadeandalucia.es/cultura/agendaculturaldeandalucia/event
  │   o/como-una-ola-homenaje-rocio-jurado'}
  │   28 / 30
  │   Getting
  │   https://www.juntadeandalucia.es/cultura/agendaculturaldeandalucia/evento
  │   /concierto-de-cafe-quijano-en-almeria
  │   Sleep 4
  │   --------------------
  │   {'id': '7807c1c9', 'show': 1, 'in_city': 1, 'one_day': 1,
  │   'wrong_date_time': 0, 'event': 'Concierto de Café Quijano en Almería',
  │   'id_venue': '27qNP7DH', 'venue': 'Auditorio Municipal Maestro Padilla',
  │   'std_venue': 'Auditorio Municipal Maestro Padilla', 'start_date':
  │   '2026-04-10', 'start_time': '21:00:00', 'end_date': '2026-04-10',
  │   'end_time': '__NOT_DEFINIED__', 'description': 'Café Quijano es un
  │   grupo musical español de pop/rock. llegan a Almería con su último
  │   trabajo, “Miami 1990”, una fresca continuación del sonido Quijano
  │   más auténtico no sin ciertos retazos sonoros noventeros.', 'others':
  │   {'location_url':
  │   '/cultura/agendaculturaldeandalucia/espacios/auditorio-municipal-maestro
  │   -padilla', 'location2': 'Auditorio Municipal Maestro Padilla Evento al
  │   que pertenece:\n ', 'duration': '__NOT_FOUND__', 'datetime_details': '10
  │   de Abril del 2026, 21:00 h.', 'town': '__NOT_FOUND__', 'location':
  │   'Plaza de Alfredo Kraus, s/n, Almería. Almería', 'duration_days':
  │   '__NOT_FOUND__'}, 'source': 'JuntaAndaluciaAgenda', 'exec_time':
  │   '20260203T160332', 'session': '2026_02_03_15_59_Martes', 'image':
  │   '/cultura/agendaculturaldeandalucia/sites/default/files/styles/header_ac
  │   tivity_ext_2xl/public/2023-11/Cafe-Quijano-1.jpg.webp?itok=MH3yHFxL',
  │   'url':
  │   'https://www.juntadeandalucia.es/cultura/agendaculturaldeandalucia/event
  │   o/concierto-de-cafe-quijano-en-almeria'}
  │   29 / 30
  │   Getting
  │   https://www.juntadeandalucia.es/cultura/agendaculturaldeandalucia/evento
  │   /vicente-amigo-en-almeria
  │   Sleep 4
  │   --------------------
  │   {'id': '1840d082', 'show': 1, 'in_city': 1, 'one_day': 1,
  │   'wrong_date_time': 0, 'event': 'Vicente Amigo en Almería', 'id_venue':
  │   '27qNP7DH', 'venue': 'Auditorio Municipal Maestro Padilla', 'std_venue':
  │   'Auditorio Municipal Maestro Padilla', 'start_date': '2026-02-27',
  │   'start_time': '20:30:00', 'end_date': '2026-02-27', 'end_time':
  │   '__NOT_DEFINIED__', 'description': "Vicente Amigo , figura esencial de
  │   la guitarra y de la música contemporánea, se reencuentra con su
  │   público almeriense con su gira 'Andenes del tiempo'.", 'others':
  │   {'location_url':
  │   '/cultura/agendaculturaldeandalucia/espacios/auditorio-municipal-maestro
  │   -padilla', 'location2': 'Compra de entradas Auditorio Municipal Maestro
  │   Padilla', 'duration': '__NOT_FOUND__', 'datetime_details': '27 de
  │   Febrero del 2026, 20:30 h.', 'town': '__NOT_FOUND__', 'location': 'Plaza
  │   de Alfredo Kraus, s/n, Almería. Almería', 'duration_days':
  │   '__NOT_FOUND__'}, 'source': 'JuntaAndaluciaAgenda', 'exec_time':
  │   '20260203T160332', 'session': '2026_02_03_15_59_Martes', 'image':
  │   '/cultura/agendaculturaldeandalucia/sites/default/files/styles/header_ac
  │   tivity_ext_2xl/public/image/2022/05/vicente_amigo.jpg.webp?itok=71n-2aag
  │   ', 'url':
  │   'https://www.juntadeandalucia.es/cultura/agendaculturaldeandalucia/event
  │   o/vicente-amigo-en-almeria'}
  │   ****************************
  │   Saving 30 new events
  │   Saving in
  │   /home/ubuntu/data_storage/Almeria/2026_02_03_15_59_Martes/0_raw/20260203
  │   _1603_JuntaAndaluciaAgenda.json
  │   Saving 30 master url
  │   Appending to /home/ubuntu/data_storage/Almeria/00_master/master_url.json
  │   ***===*** SCRAPER DONE, RESTARTING SELENIUM ***===***
  │   selenium
  └─stderr: ... (10 more lines)
      /usr/local/lib/python3.11/site-packages/urllib3/connectionpool.py:1097:
      InsecureRequestWarning: Unverified HTTPS request is being made to host
      'www.juntadeandalucia.es'. Adding certificate verification is strongly
      advised. See:
      https://urllib3.readthedocs.io/en/latest/advanced-usage.html#tls-warnings
      warnings.warn(
      /usr/local/lib/python3.11/site-packages/urllib3/connectionpool.py:1097:
      InsecureRequestWarning: Unverified HTTPS request is being made to host
      'www.juntadeandalucia.es'. Adding certificate verification is strongly
      advised. See:
      https://urllib3.readthedocs.io/en/latest/advanced-usage.html#tls-warnings
      warnings.warn(
      /usr/local/lib/python3.11/site-packages/urllib3/connectionpool.py:1097:
      InsecureRequestWarning: Unverified HTTPS request is being made to host
      'www.juntadeandalucia.es'. Adding certificate verification is strongly
      advised. See:
      https://urllib3.readthedocs.io/en/latest/advanced-usage.html#tls-warnings
      warnings.warn(
      /usr/local/lib/python3.11/site-packages/urllib3/connectionpool.py:1097:
      InsecureRequestWarning: Unverified HTTPS request is being made to host
      'www.juntadeandalucia.es'. Adding certificate verification is strongly
      advised. See:
      https://urllib3.readthedocs.io/en/latest/advanced-usage.html#tls-warnings
      warnings.warn(
      /usr/local/lib/python3.11/site-packages/urllib3/connectionpool.py:1097:
      InsecureRequestWarning: Unverified HTTPS request is being made to host
      'www.juntadeandalucia.es'. Adding certificate verification is strongly
      advised. See:
      https://urllib3.readthedocs.io/en/latest/advanced-usage.html#tls-warnings
      warnings.warn(
      /usr/local/lib/python3.11/site-packages/urllib3/connectionpool.py:1097:
      InsecureRequestWarning: Unverified HTTPS request is being made to host
      'www.juntadeandalucia.es'. Adding certificate verification is strongly
      advised. See:
      https://urllib3.readthedocs.io/en/latest/advanced-usage.html#tls-warnings
      warnings.warn(
      /usr/local/lib/python3.11/site-packages/urllib3/connectionpool.py:1097:
      InsecureRequestWarning: Unverified HTTPS request is being made to host
      'www.juntadeandalucia.es'. Adding certificate verification is strongly
      advised. See:
      https://urllib3.readthedocs.io/en/latest/advanced-usage.html#tls-warnings
      warnings.warn(
      /usr/local/lib/python3.11/site-packages/urllib3/connectionpool.py:1097:
      InsecureRequestWarning: Unverified HTTPS request is being made to host
      'www.juntadeandalucia.es'. Adding certificate verification is strongly
      advised. See:
      https://urllib3.readthedocs.io/en/latest/advanced-usage.html#tls-warnings
      warnings.warn(
      /usr/local/lib/python3.11/site-packages/urllib3/connectionpool.py:1097:
      InsecureRequestWarning: Unverified HTTPS request is being made to host
      'www.juntadeandalucia.es'. Adding certificate verification is strongly
      advised. See:
      https://urllib3.readthedocs.io/en/latest/advanced-usage.html#tls-warnings
      warnings.warn(
      /usr/local/lib/python3.11/site-packages/urllib3/connectionpool.py:1097:
      InsecureRequestWarning: Unverified HTTPS request is being made to host
      'www.juntadeandalucia.es'. Adding certificate verification is strongly
      advised. See:
      https://urllib3.readthedocs.io/en/latest/advanced-usage.html#tls-warnings
      warnings.warn(
      /usr/local/lib/python3.11/site-packages/urllib3/connectionpool.py:1097:
      InsecureRequestWarning: Unverified HTTPS request is being made to host
      'www.juntadeandalucia.es'. Adding certificate verification is strongly
      advised. See:
      https://urllib3.readthedocs.io/en/latest/advanced-usage.html#tls-warnings
      warnings.warn(
      /usr/local/lib/python3.11/site-packages/urllib3/connectionpool.py:1097:
      InsecureRequestWarning: Unverified HTTPS request is being made to host
      'www.juntadeandalucia.es'. Adding certificate verification is strongly
      advised. See:
      https://urllib3.readthedocs.io/en/latest/advanced-usage.html#tls-warnings
      warnings.warn(
      /usr/local/lib/python3.11/site-packages/urllib3/connectionpool.py:1097:
      InsecureRequestWarning: Unverified HTTPS request is being made to host
      'www.juntadeandalucia.es'. Adding certificate verification is strongly
      advised. See:
      https://urllib3.readthedocs.io/en/latest/advanced-usage.html#tls-warnings
      warnings.warn(
      /usr/local/lib/python3.11/site-packages/urllib3/connectionpool.py:1097:
      InsecureRequestWarning: Unverified HTTPS request is being made to host
      'www.juntadeandalucia.es'. Adding certificate verification is strongly
      advised. See:
      https://urllib3.readthedocs.io/en/latest/advanced-usage.html#tls-warnings
      warnings.warn(
      /usr/local/lib/python3.11/site-packages/urllib3/connectionpool.py:1097:
      InsecureRequestWarning: Unverified HTTPS request is being made to host
      'www.juntadeandalucia.es'. Adding certificate verification is strongly
      advised. See:
      https://urllib3.readthedocs.io/en/latest/advanced-usage.html#tls-warnings
      warnings.warn(
      /usr/local/lib/python3.11/site-packages/urllib3/connectionpool.py:1097:
      InsecureRequestWarning: Unverified HTTPS request is being made to host
      'www.juntadeandalucia.es'. Adding certificate verification is strongly
      advised. See:
      https://urllib3.readthedocs.io/en/latest/advanced-usage.html#tls-warnings
      warnings.warn(
      /usr/local/lib/python3.11/site-packages/urllib3/connectionpool.py:1097:
      InsecureRequestWarning: Unverified HTTPS request is being made to host
      'www.juntadeandalucia.es'. Adding certificate verification is strongly
      advised. See:
      https://urllib3.readthedocs.io/en/latest/advanced-usage.html#tls-warnings
      warnings.warn(
      /usr/local/lib/python3.11/site-packages/urllib3/connectionpool.py:1097:
      InsecureRequestWarning: Unverified HTTPS request is being made to host
      'www.juntadeandalucia.es'. Adding certificate verification is strongly
      advised. See:
      https://urllib3.readthedocs.io/en/latest/advanced-usage.html#tls-warnings
      warnings.warn(
      /usr/local/lib/python3.11/site-packages/urllib3/connectionpool.py:1097:
      InsecureRequestWarning: Unverified HTTPS request is being made to host
      'www.juntadeandalucia.es'. Adding certificate verification is strongly
      advised. See:
      https://urllib3.readthedocs.io/en/latest/advanced-usage.html#tls-warnings
      warnings.warn(
      /usr/local/lib/python3.11/site-packages/urllib3/connectionpool.py:1097:
      InsecureRequestWarning: Unverified HTTPS request is being made to host
      'www.juntadeandalucia.es'. Adding certificate verification is strongly
      advised. See:
      https://urllib3.readthedocs.io/en/latest/advanced-usage.html#tls-warnings
      warnings.warn(
      /usr/local/lib/python3.11/site-packages/urllib3/connectionpool.py:1097:
      InsecureRequestWarning: Unverified HTTPS request is being made to host
      'www.juntadeandalucia.es'. Adding certificate verification is strongly
      advised. See:
      https://urllib3.readthedocs.io/en/latest/advanced-usage.html#tls-warnings
      warnings.warn(
      /usr/local/lib/python3.11/site-packages/urllib3/connectionpool.py:1097:
      InsecureRequestWarning: Unverified HTTPS request is being made to host
      'www.juntadeandalucia.es'. Adding certificate verification is strongly
      advised. See:
      https://urllib3.readthedocs.io/en/latest/advanced-usage.html#tls-warnings
      warnings.warn(
      /usr/local/lib/python3.11/site-packages/urllib3/connectionpool.py:1097:
      InsecureRequestWarning: Unverified HTTPS request is being made to host
      'www.juntadeandalucia.es'. Adding certificate verification is strongly
      advised. See:
      https://urllib3.readthedocs.io/en/latest/advanced-usage.html#tls-warnings
      warnings.warn(
      /usr/local/lib/python3.11/site-packages/urllib3/connectionpool.py:1097:
      InsecureRequestWarning: Unverified HTTPS request is being made to host
      'www.juntadeandalucia.es'. Adding certificate verification is strongly
      advised. See:
      https://urllib3.readthedocs.io/en/latest/advanced-usage.html#tls-warnings
      warnings.warn(
      /usr/local/lib/python3.11/site-packages/urllib3/connectionpool.py:1097:
      InsecureRequestWarning: Unverified HTTPS request is being made to host
      'www.juntadeandalucia.es'. Adding certificate verification is strongly
      advised. See:
      https://urllib3.readthedocs.io/en/latest/advanced-usage.html#tls-warnings
      warnings.warn(

Result: Succeeded

Launching scraper: ClassicJazz
Succeeded - 2026-02-03T16:07:57Z

dag: FisgonTaskSelenium (1m 30s)
│
└─tarea_1 (1m 30s) [succeeded]
  ├─stdout: ... (10 more lines)
  │   Running for Almeria: ClassicJazz
  │   ClassicJazz
  │   RUNNING SESSION =  2026_02_03_15_59_Martes
  │   Starting WebDriver...
  │   http://localhost:4444/wd/hub
  │   *********************times =1
  │   sleeping 7
  │   Scrolling...
  │   sleeping 1
  │   Scrolling...
  │   sleeping 1
  │   Getting content
  │   clicking
  │   sleeping 3
  │   sleeping 7
  │   *********************times =2
  │   sleeping 7
  │   Scrolling...
  │   sleeping 1
  │   Getting content
  │   clicking
  │   sleeping 3
  │   sleeping 7
  │   *** SCRAPED 121 URLS WITH EVENTS **
  │   New url events = 3
  │   0 / 3
  │   Getting https://clasijazz.com/evento/disconcierto-gumbo-yaya-mardi-gras/
  │   Sleep 4
  │   2026-02-14T18:00:00 2026-02-14T22:00:00
  │   --------------------
  │   {'id': 'd3b31115', 'show': 1, 'in_city': 1, 'one_day': 1,
  │   'wrong_date_time': 0, 'event': 'Disconcierto Gumbo Yaya (Mardi Gras)',
  │   'id_venue': 'Q6b6LRjT', 'venue': 'Sede Clasijazz', 'std_venue':
  │   'Clasijazz', 'start_date': '2026-02-14', 'start_time': '18:00:00',
  │   'end_date': '2026-02-14', 'end_time': '22:00:00', 'description': 'Sala
  │   Industrial | Entrada Libre', 'others': {'price': '__NOT_DEFINIED__',
  │   'category': 'Programación', 'location_url':
  │   'https://clasijazz.com/local/sede-clasijazz/', 'location': 'Maestro
  │   Serrano 9, Almería'}, 'source': 'ClassicJazz', 'exec_time':
  │   '20260203T160758', 'session': '2026_02_03_15_59_Martes', 'image':
  │   '__NOT_FOUND__', 'url':
  │   'https://clasijazz.com/evento/disconcierto-gumbo-yaya-mardi-gras/'}
  │   1 / 3
  │   Getting https://clasijazz.com/evento/impro-la-gata-purpura/
  │   Sleep 4
  │   2026-02-14T20:00:00 2026-02-14T21:30:00
  │   --------------------
  │   {'id': '414f2a3f', 'show': 1, 'in_city': 1, 'one_day': 1,
  │   'wrong_date_time': 0, 'event': 'Impro – La Gata Purpura', 'id_venue':
  │   'Q6b6LRjT', 'venue': 'Sede Clasijazz', 'std_venue': 'Clasijazz',
  │   'start_date': '2026-02-14', 'start_time': '20:00:00', 'end_date':
  │   '2026-02-14', 'end_time': '21:30:00', 'description': '12€ NS / 5€ S
  │   | Sala Swing', 'others': {'price': '5,00€ – 12,00€', 'category':
  │   'Programación', 'location_url':
  │   'https://clasijazz.com/local/sede-clasijazz/', 'location': 'Maestro
  │   Serrano 9, Almería'}, 'source': 'ClassicJazz', 'exec_time':
  │   '20260203T160758', 'session': '2026_02_03_15_59_Martes', 'image':
  │   '__NOT_FOUND__', 'url':
  │   'https://clasijazz.com/evento/impro-la-gata-purpura/'}
  │   2 / 3
  │   Getting https://clasijazz.com/evento/carnaval-karaoke-port-of-spain/
  │   Sleep 4
  │   2026-02-20T22:00:00 2026-02-20T23:30:00
  │   --------------------
  │   {'id': 'f1f9bbb1', 'show': 1, 'in_city': 1, 'one_day': 1,
  │   'wrong_date_time': 0, 'event': 'Carnaval Karaoke', 'id_venue':
  │   'ddgm4gQP', 'venue': 'Port Of Spain', 'std_venue': 'Port Of Spain',
  │   'start_date': '2026-02-20', 'start_time': '22:00:00', 'end_date':
  │   '2026-02-20', 'end_time': '23:30:00', 'description': 'Port of Spain |
  │   Entrada Libre CARNAVAL KARAOKE – JAM WITH US ✨ After Casting Party
  │   Viernes 20 de febrero Desde las 22:00 h Port Of Spain · Almería Tras
  │   el casting oficial… ¡seguimos la fiesta! Llega una noche única de
  │   Karaoke Internacional + Open Mic + Jam Session, en un ambiente
  │   multitemático y carnavalero, inspirado en el Carnaval de Venecia. Ven
  │   con máscara, colores, brillo o disfraz Canta, improvisa, comparte
  │   escenario Idiomas, estilos y culturas mezcladas ✨ Diversión, música
  │   y buen rollo asegurados Jam With Us Micrófono abierto Karaoke para
  │   todos Vive la experiencia Más info: @AllStarsTalentFestival 633 120 150
  │   · 686 273 681 ¡El talento no tiene límites! Déjate sorprender',
  │   'others': {'price': '__NOT_DEFINIED__', 'category': 'Programación',
  │   'location_url': 'https://clasijazz.com/local/port-of-spain/',
  │   'location': 'Parque Nicolás Salmeron 20, Almería'}, 'source':
  │   'ClassicJazz', 'exec_time': '20260203T160758', 'session':
  │   '2026_02_03_15_59_Martes', 'image': '__NOT_FOUND__', 'url':
  │   'https://clasijazz.com/evento/carnaval-karaoke-port-of-spain/'}
  │   ****************************
  │   Saving 3 new events
  │   Saving in
  │   /home/ubuntu/data_storage/Almeria/2026_02_03_15_59_Martes/0_raw/20260203
  │   _1607_ClassicJazz.json
  │   Saving 3 master url
  │   Appending to /home/ubuntu/data_storage/Almeria/00_master/master_url.json
  │   ***===*** SCRAPER DONE, RESTARTING SELENIUM ***===***
  │   selenium
  └─stderr:
      /usr/local/lib/python3.11/site-packages/urllib3/connectionpool.py:1097:
      InsecureRequestWarning: Unverified HTTPS request is being made to host
      'clasijazz.com'. Adding certificate verification is strongly advised. See:
      https://urllib3.readthedocs.io/en/latest/advanced-usage.html#tls-warnings
      warnings.warn(
      /usr/local/lib/python3.11/site-packages/urllib3/connectionpool.py:1097:
      InsecureRequestWarning: Unverified HTTPS request is being made to host
      'clasijazz.com'. Adding certificate verification is strongly advised. See:
      https://urllib3.readthedocs.io/en/latest/advanced-usage.html#tls-warnings
      warnings.warn(
      /usr/local/lib/python3.11/site-packages/urllib3/connectionpool.py:1097:
      InsecureRequestWarning: Unverified HTTPS request is being made to host
      'clasijazz.com'. Adding certificate verification is strongly advised. See:
      https://urllib3.readthedocs.io/en/latest/advanced-usage.html#tls-warnings
      warnings.warn(

Result: Succeeded

Launching scraper: FlowteCineClub
Succeeded - 2026-02-03T16:09:27Z

dag: FisgonTaskSelenium (45.0s)
│
└─tarea_1 (45.0s) [succeeded]
  └─stdout:
      RUNNING VARS →
      CITY=Almeria,
      OPERATION=0,
      CREATE_SESSION=0,
      CLOSE_SESSION=0,
      SESSION=None,
      IMAGES=0,
      GET_SCRAPERS=
      SCRAPER=FlowteCineClub
      DAG_RUN_URL=/dags/FisgonTaskSelenium/log?remoteNode=local&step=tarea_1&dag
      RunId=019c2444-157a-7d92-b80e-1dfca36281a4
      Running for Almeria: FlowteCineClub
      FlowteCineClub
      RUNNING SESSION =  2026_02_03_15_59_Martes
      Starting WebDriver...
      http://localhost:4444/wd/hub
      sleeping 5
      ******
      xpath
      /html/body/div[6]/div[4]/div[1]/div[2]/div/div[1]/div[3]/h5
      /html/body/div[6]/div[4]/div[1]/div[2]/div/div[1]/div[3]/h5 Not found
      Checking unique event dict.
      Reading /home/ubuntu/data_storage/Almeria/00_master/master_events.json...
      *******
      []
      #######################
      No new urls/events extracted. No new events to save
      #######################
      ***===*** SCRAPER DONE, RESTARTING SELENIUM ***===***
      selenium

Result: Succeeded

Launching scraper: FlowteTaquillaCultural
Succeeded - 2026-02-03T16:10:12Z

dag: FisgonTaskSelenium (4m 5s)
│
└─tarea_1 (4m 5s) [succeeded]
  └─stdout: ... (293 more lines)
      /html/body/div[6]/div[4]/div[1]/div[3]/div/div[26]/div[3]/h5
      clicking
      sleeping 3
      sleeping 3
      Getting content
      sleeping 1
      b_str ='12 Jun 2026 20:30'
      {'id': 'd109e244', 'show': 1, 'in_city': 1, 'one_day': 1,
      'wrong_date_time': 0, 'event': 'UN PATÉTICO AMOR DESCONOCIDO',
      'id_venue': 'tQfq78jF', 'venue': 'teatro apolo almeria', 'std_venue':
      'Teatro Apolo', 'start_date': '2026-06-12', 'start_time': '20:30:00',
      'end_date': '2026-06-12', 'end_time': '__NOT_DEFINIED__', 'description':
      'CICLO TRASLADANZA 2026. En un escenario vibrante donde convergen danza
      contemporánea, teatro, acrobacias y danza española, tres personajes
      exploran un amor lleno de contradicciones y situaciones ridiculas, pero
      también conmovedoras. A través de una trama que combina la música en
      directo con toques de dramatismo y comedia, la obra invita al público a
      reflexionar sobre la naturaleza del amor y la identidad. LAS ENTRADAS PARA
      CADA EVENTO DE FORMA INDIVIDUAL ESTARÁN DISPONIBLES PARA LA VENTA A
      PARTIR DEL 01 DE ENERO DE 2026, HASTA ENTONCES SOLO SE PODRÁN ADQUIRIR
      ABONOS. PRECIO DE LAS ENTRADAS: ANTICIPADA: 12 EUROS. GENERAL: 15 EUROS.
      Debido a la normativa vigente, todos los asistentes deben adquirir
      entrada, incluidos niños y adultos, independientemente de la edad y de si
      ocupan butaca o no. Para cualquier incidencia derivada de la compra online
      puede contactar a través del correo electrónico: info@flowte.es',
      'others': {'price': 'PRECIO DE LAS ENTRADAS:\xa0ANTICIPADA: 12
      EUROSGENERAL: 15 EUROS'}, 'source': 'FlowteTaquillaCultural', 'exec_time':
      '20260203T161013', 'session': '2026_02_03_15_59_Martes', 'image':
      'https://www.flowte.me/cabinet/event/img/36823-1765281217.4386.png',
      'url': 'https://www.flowte.me/storefront/almeria-cultura-401?cc'}
      -------------
      ******
      xpath
      /html/body/div[6]/div[4]/div[1]/div[3]/div/div[27]/div[3]/h5
      /html/body/div[6]/div[4]/div[1]/div[3]/div/div[27]/div[3]/h5 Not found
      Checking unique event dict.
      Reading /home/ubuntu/data_storage/Almeria/00_master/master_events.json...
      *******
      []
      ('1ª SEMIFINAL - CARNAVAL DE ALMERÍA 2026', 'auditorio municipal maestro
      padilla.', '2026-02-07', '19:00:00')
      ('ROCÍO SEGURA', 'teatro apolo almeria', '2026-02-07', '21:00:00')
      ('2ª SEMIFINAL - CARNAVAL DE ALMERÍA 2026', 'auditorio municipal maestro
      padilla.', '2026-02-08', '17:30:00')
      ('GALLOPERRO', 'teatro apolo almeria', '2026-02-11', '20:30:00')
      ('LA DANZAORA', 'teatro apolo almeria', '2026-02-13', '20:30:00')
      ('EL POZO DE LOS DESEOS', 'teatro apolo almeria', '2026-02-14',
      '18:00:00')
      ('EL ESTÓMAGO DE LA BALLENA', 'teatro apolo almeria', '2026-02-20',
      '18:00:00')
      ('OCAL - PURA LUZ', 'auditorio municipal maestro padilla.', '2026-02-22',
      '12:30:00')
      ('ALETHEIA', 'teatro apolo almeria', '2026-02-26', '20:30:00')
      ('VICENTE AMIGO', 'auditorio municipal maestro padilla.', '2026-02-27',
      '20:30:00')
      ('UNITY GOSPEL CHOIR CON CLASIJAZZ BIG BAND', 'auditorio municipal maestro
      padilla.', '2026-03-01', '12:30:00')
      ('LUZ CASAL', 'auditorio municipal maestro padilla.', '2026-03-07',
      '21:00:00')
      ('DINERO NEGRO', 'teatro apolo almeria', '2026-03-11', '20:30:00')
      ('BAILE DE BESTIAS', 'teatro apolo almeria', '2026-03-13', '20:30:00')
      ('ORQUESTA FILARMÓNICA DE MÁLAGA', 'auditorio municipal maestro
      padilla.', '2026-03-14', '20:30:00')
      ('MARWÁN', 'teatro apolo almeria', '2026-03-15', '20:00:00')
      ('500 NOCHES - TRIBUTO A SABINA', 'auditorio municipal maestro padilla.',
      '2026-03-20', '20:30:00')
      ('LORCAS´INDÓMITA', 'teatro apolo almeria', '2026-03-26', '20:30:00')
      ('MORRICONE ROCK EXPERIENCE', 'auditorio municipal maestro padilla.',
      '2026-03-27', '20:30:00')
      ('PACO CANDELA', 'auditorio municipal maestro padilla.', '2026-03-28',
      '21:00:00')
      ('CAFÉ QUIJANO', 'auditorio municipal maestro padilla.', '2026-04-10',
      '21:00:00')
      ('NEXT TO MY SKIN', 'teatro apolo almeria', '2026-04-17', '20:30:00')
      ('LAURA GALLEGO', 'auditorio municipal maestro padilla.', '2026-04-18',
      '20:30:00')
      ('CAMPEONES 2 EN EL TEATRO', 'auditorio municipal maestro padilla.',
      '2026-04-25', '20:00:00')
      ('PLEITA', 'teatro apolo almeria', '2026-05-22', '20:30:00')
      ('UN PATÉTICO AMOR DESCONOCIDO', 'teatro apolo almeria', '2026-06-12',
      '20:30:00')
      ****************************
      Saving 26 new events
      Saving in
      /home/ubuntu/data_storage/Almeria/2026_02_03_15_59_Martes/0_raw/20260203_1
      610_FlowteTaquillaCultural.json
      Saving 26 master url
      Appending to  /home/ubuntu/data_storage/Almeria/00_master/master_url.json
      ***===*** SCRAPER DONE, RESTARTING SELENIUM ***===***
      selenium

Result: Succeeded

Launching scraper: Entradium
Succeeded - 2026-02-03T16:14:17Z

dag: FisgonTaskSelenium (1m 54s)
│
└─tarea_1 (1m 54s) [succeeded]
  ├─stdout: ... (46 more lines)
  │   {'id': '15549523', 'show': 1, 'in_city': 1, 'one_day': 0,
  │   'wrong_date_time': 1, 'event': 'PACO CALAVERA Y PEPE CESPEDES - 21
  │   FEBRERO', 'id_venue': 'NmPqTrh6', 'venue': 'Berlin Social Club',
  │   'std_venue': 'Berlin Social Club', 'start_date': '__NOT_FOUND__',
  │   'start_time': '__NOT_FOUND__', 'end_date': '__NOT_DEFINIED__',
  │   'end_time': '__NOT_DEFINIED__', 'description': 'PACO CALAVERA Y PEPE
  │   CESPEDES nos traen un nuevo espectaculo cargado de sketches y monologos
  │   durante 2 horas...SABADO 21 FEBRERO¡DOBLE PASE!13:00 (la hora del
  │   vermut, y para eso os pondremos un aperitivo en el descanso)17:00 (aqui
  │   no hay aperitivo, pero hay gintonics fresquitos)ENTRADAS ANTICIPADAS
  │   15€ENTRADAS EN TAQUILLA 18€COLABORA: AGUILA Y BEEFEATER', 'others':
  │   {}, 'source': 'Entradium', 'exec_time': '20260203T161418', 'session':
  │   '2026_02_03_15_59_Martes', 'image':
  │   'https://d2il8hfach02z9.cloudfront.net/uploads/event/poster/1b0b2b3f33fd
  │   cfe044e820a434fb91454f9f693a/event_m_21_Feb_-_pacopepe.png?v=1769786916'
  │   , 'url':
  │   'https://entradium.com/es/events/paco-calavera-y-pepe-cespedes-berlin-so
  │   cial-club-21-febrero'}
  │   3 / 10
  │   Getting
  │   https://entradium.com/es/events/stand-up-comedy-artenvacio-kalderas-b12c
  │   5116-9256-451b-a06f-9c40f3c8a932
  │   Sleep 4
  │   ['28.02.2026', '18:00']
  │   --------------------
  │   {'id': '1da0e5fa', 'show': 1, 'in_city': 1, 'one_day': 1,
  │   'wrong_date_time': 0, 'event': 'KALDERAS', 'id_venue': '9B7gDFP7',
  │   'venue': 'Sala Stand Up Artenvacio', 'std_venue': 'Sala Artenvacio',
  │   'start_date': '2026-02-28', 'start_time': '18:00:00', 'end_date':
  │   '__NOT_DEFINIED__', 'end_time': '__NOT_DEFINIED__', 'description':
  │   'Kalderas es una apuesta al humor exigente, un desafío a la seriedad
  │   más exquisita y una oportunidad única para pasar un rato divertido.
  │   ¡Eso si, no es apto para personas sensibles! Así es que si te gusta
  │   reírte de la vida y de situaciones de esas que suscitan miradas en la
  │   cena de familia, este es tu espectáculo. NADA DE IMPROVISACIÓN, SIN
  │   CANCIONES NI BAILES... solo un micro y comedia... mucha comedia.Sin duda
  │   un referente en la escena murciana y habitual en las mejores salas de
  │   comedia y teatros de toda España y si... murciano de pura cepa.Apertura
  │   de puertas a las: 17:30 h Espectáculo a las: 18:00 h Entradas en
  │   Entradium: 10€ Entradas en puerta: 10€', 'others': {}, 'source':
  │   'Entradium', 'exec_time': '20260203T161418', 'session':
  │   '2026_02_03_15_59_Martes', 'image':
  │   'https://d2il8hfach02z9.cloudfront.net/uploads/event/poster/baff7a3911cc
  │   0407e0899bd636811334d80a05a9/event_m_WhatsApp_Image_2026-01-13_at_20.05.
  │   51.jpeg?v=1768912371', 'url':
  │   'https://entradium.com/es/events/stand-up-comedy-artenvacio-kalderas-b12
  │   c5116-9256-451b-a06f-9c40f3c8a932'}
  │   4 / 10
  │   Getting https://entradium.com/es/events/papallona
  │   Sleep 4
  │   ['21.03.2026', '21:30']
  │   --------------------
  │   {'id': '8ff63ddc', 'show': 1, 'in_city': 1, 'one_day': 1,
  │   'wrong_date_time': 0, 'event': 'Papallona', 'id_venue': 'trpmPB62',
  │   'venue': 'El Zaguán', 'std_venue': 'Zaguán', 'start_date':
  │   '2026-03-21', 'start_time': '21:30:00', 'end_date': '__NOT_DEFINIED__',
  │   'end_time': '__NOT_DEFINIED__', 'description': 'Myriam Cano, poeta y
  │   cantante junto a Carlos López a la guitarra, presenta en su debut en
  │   los escenarios un espectáculo de poesía y música dónde viajarás por
  │   tus emociones con cada letra, descubriendo las fases del renacer como
  │   individuo.', 'others': {}, 'source': 'Entradium', 'exec_time':
  │   '20260203T161418', 'session': '2026_02_03_15_59_Martes', 'image':
  │   'https://d2il8hfach02z9.cloudfront.net/uploads/event/poster/dc7ba9a6835b
  │   ce6b9edfee46cdcd745c5795cbae/event_m_1000427183.jpg?v=1768157053',
  │   'url': 'https://entradium.com/es/events/papallona'}
  │   5 / 10
  │   Getting https://entradium.com/es/events/rock-in-love-almeria
  │   Sleep 4
  │   ['14.02.2026', '21:00']
  │   --------------------
  │   {'id': 'b402749c', 'show': 1, 'in_city': 0, 'one_day': 1,
  │   'wrong_date_time': 0, 'event': 'Rock in Love', 'id_venue': None,
  │   'venue': 'Casino de Dalías', 'std_venue': None, 'start_date':
  │   '2026-02-14', 'start_time': '21:00:00', 'end_date': '__NOT_DEFINIED__',
  │   'end_time': '__NOT_DEFINIED__', 'description': 'Rock in LoveEspectáculo
  │   + Cena + After ShowUn casino histórico, acróbatas aéreos, bailarinas,
  │   cantantes…El show más impresionante vuelve al Casino de Dalías de la
  │   mano de la compañía internacional Aribaldi Circus. La elegancia del
  │   lugar se mezcla con este nuevo, atrevido y sensual espectáculo que
  │   envolverá al público en un ambiente único.Un espectáculo para viajar
  │   a través de los sabores, gracias a un suculento menú compuesto de
  │   diferentes platos conectados con esa aventura sensorial que nos proponen
  │   los artistas. ¡Más que un cabaret!', 'others': {}, 'source':
  │   'Entradium', 'exec_time': '20260203T161418', 'session':
  │   '2026_02_03_15_59_Martes', 'image':
  │   'https://d2il8hfach02z9.cloudfront.net/uploads/event/poster/e138079d7f18
  │   e0e49b72590d158e874c8ce60173/event_m_RockInLove2.jpeg?v=1769243485',
  │   'url': 'https://entradium.com/es/events/rock-in-love-almeria'}
  │   6 / 10
  │   Getting
  │   https://entradium.com/es/events/cuentacuentos-en-la-casa-del-cine
  │   Sleep 4
  │   ['Varias', 'fechas', '-']
  │   --------------------
  │   {'id': '2f5f38d0', 'show': 1, 'in_city': 1, 'one_day': 0,
  │   'wrong_date_time': 1, 'event': 'Cuentacuentos en la Casa del Cine',
  │   'id_venue': 'df8rMnjt', 'venue': 'Casa del cine', 'std_venue': 'Casa del
  │   Cine', 'start_date': '__NOT_FOUND__', 'start_time': '__NOT_FOUND__',
  │   'end_date': '__NOT_DEFINIED__', 'end_time': '__NOT_DEFINIED__',
  │   'description': "PRÓXIMOS CUENTACUENTOS:7 FEBRERO, 11:30H: “Yo
  │   puedo”, de Inma Cazorla7 DE MARZO, 11:30H: “Cuentos del Mar de
  │   Alborán” de Moisés Palmero11 DE ABRIL, 11:30H: 'Pulpín y pulpón'
  │   de Ana PujadoSolo es necesario reservar la entrada para
  │   niños/as.Tendréis la oportunidad de comprar cuentos si queréis. ¡Y
  │   la autora os lo firmará!Actividad recomendada para niños/as a partir
  │   de 6 años. Se ruega un uso responsable de la entrada, es decir, ser
  │   consciente de que aquella entrada de la que no se haga uso podría ser
  │   la plaza de otro espectador que se ha quedado fuera. Gracias.",
  │   'others': {}, 'source': 'Entradium', 'exec_time': '20260203T161418',
  │   'session': '2026_02_03_15_59_Martes', 'image':
  │   'https://d2il8hfach02z9.cloudfront.net/uploads/event/poster/05bdd66bc136
  │   e9f4e74da6e529f0a48b18bd9f31/event_m_Cuentacuentos.jpg?v=1769681324',
  │   'url':
  │   'https://entradium.com/es/events/cuentacuentos-en-la-casa-del-cine'}
  │   7 / 10
  │   Getting https://entradium.com/es/events/borja-pico-almeria
  │   Sleep 4
  │   ['20.02.2026', '21:30']
  │   --------------------
  │   {'id': '15681ded', 'show': 1, 'in_city': 1, 'one_day': 1,
  │   'wrong_date_time': 0, 'event': 'Borja Picó - Almería', 'id_venue':
  │   'trpmPB62', 'venue': 'El Zaguán', 'std_venue': 'Zaguán', 'start_date':
  │   '2026-02-20', 'start_time': '21:30:00', 'end_date': '__NOT_DEFINIED__',
  │   'end_time': '__NOT_DEFINIED__', 'description': 'Concierto en acústico
  │   del cantautor Borja Picó en la gira de presentación de su nuevo disco
  │   "Payaso Triste"', 'others': {}, 'source': 'Entradium', 'exec_time':
  │   '20260203T161418', 'session': '2026_02_03_15_59_Martes', 'image':
  │   'https://d2il8hfach02z9.cloudfront.net/uploads/event/poster/18a8d39a1803
  │   1eab51ad174f898b62cc519802e0/event_m_WhatsApp_Image_2026-01-27_at_10.10.
  │   46.jpeg?v=1769539039', 'url':
  │   'https://entradium.com/es/events/borja-pico-almeria'}
  │   8 / 10
  │   Getting
  │   https://entradium.com/es/events/puroindie-en-almeria-sala-berlin-social-
  │   club-almeria
  │   Sleep 4
  │   ['2.05.2026', '21:30']
  │   --------------------
  │   {'id': 'de030341', 'show': 1, 'in_city': 1, 'one_day': 1,
  │   'wrong_date_time': 0, 'event': 'PuroIndie en Almería Sala Berlín
  │   Social Club', 'id_venue': 'NmPqTrh6', 'venue': 'Berlín social Club',
  │   'std_venue': 'Berlin Social Club', 'start_date': '2026-05-02',
  │   'start_time': '21:30:00', 'end_date': '__NOT_DEFINIED__', 'end_time':
  │   '__NOT_DEFINIED__', 'description': 'PuroIndie en Almería, de nuevo en
  │   Almería el mejor tributo indie nacional, mas de dos horas de música en
  │   directo con los mejores éxitos e himnos del panorama indie nacional.',
  │   'others': {}, 'source': 'Entradium', 'exec_time': '20260203T161418',
  │   'session': '2026_02_03_15_59_Martes', 'image':
  │   'https://d2il8hfach02z9.cloudfront.net/uploads/event/poster/890ed0035fbc
  │   e6c5ea6cc78421b969894df046d2/event_m_Cartel_Almer%C3%ADa_2026.jpeg?v=176
  │   9595073', 'url':
  │   'https://entradium.com/es/events/puroindie-en-almeria-sala-berlin-social
  │   -club-almeria'}
  │   9 / 10
  │   Getting https://entradium.com/es/events/almeria-ongame-2026
  │   Sleep 4
  │   ['4.04.2026', '10:00']
  │   --------------------
  │   {'id': '7be041c0', 'show': 1, 'in_city': 1, 'one_day': 1,
  │   'wrong_date_time': 0, 'event': 'ALMERÍA ONGAME 2026', 'id_venue':
  │   '27qNP7DH', 'venue': 'AUDITORIO MUNICIPAL MAESTRO PADILLA', 'std_venue':
  │   'Auditorio Municipal Maestro Padilla', 'start_date': '2026-04-04',
  │   'start_time': '10:00:00', 'end_date': '__NOT_DEFINIED__', 'end_time':
  │   '__NOT_DEFINIED__', 'description': 'Almería onGame es el gran punto de
  │   encuentro para familias, jóvenes y amantes del mundo gamer.Un evento
  │   pensado para compartir, jugar y disfrutar juntos, donde conviven los
  │   videojuegos de siempre con las últimas tecnologías.Durante todo el fin
  │   de semana podrás vivir torneos, simuladores, zonas de juego libre,
  │   actividades para todas las edades y un ambiente único, seguro y
  │   divertido, además de nuestra espectacular exhibición de baile de
  │   academias de baile de muchas procedencias y actuaciones que amenizarán
  │   los bailes. Da igual si vienes a competir, a descubrir o simplemente a
  │   pasar un gran día en familia: aquí todos tienen su espacio. Un evento
  │   para jugar, emocionarse y crear recuerdos inolvidables', 'others': {},
  │   'source': 'Entradium', 'exec_time': '20260203T161418', 'session':
  │   '2026_02_03_15_59_Martes', 'image':
  │   'https://d2il8hfach02z9.cloudfront.net/uploads/event/poster/6c08f5b8464f
  │   e2b934c8bf0bbd10507828990cb0/event_m_WhatsApp_Image_2026-01-25_at_18.52.
  │   21.jpeg?v=1769363772', 'url':
  │   'https://entradium.com/es/events/almeria-ongame-2026'}
  │   ****************************
  │   Saving 10 new events
  │   Saving in
  │   /home/ubuntu/data_storage/Almeria/2026_02_03_15_59_Martes/0_raw/20260203
  │   _1614_Entradium.json
  │   Saving 10 master url
  │   Appending to /home/ubuntu/data_storage/Almeria/00_master/master_url.json
  │   ***===*** SCRAPER DONE, RESTARTING SELENIUM ***===***
  │   selenium
  └─stderr:
      /usr/local/lib/python3.11/site-packages/urllib3/connectionpool.py:1097:
      InsecureRequestWarning: Unverified HTTPS request is being made to host
      'entradium.com'. Adding certificate verification is strongly advised. See:
      https://urllib3.readthedocs.io/en/latest/advanced-usage.html#tls-warnings
      warnings.warn(
      /usr/local/lib/python3.11/site-packages/urllib3/connectionpool.py:1097:
      InsecureRequestWarning: Unverified HTTPS request is being made to host
      'entradium.com'. Adding certificate verification is strongly advised. See:
      https://urllib3.readthedocs.io/en/latest/advanced-usage.html#tls-warnings
      warnings.warn(
      /usr/local/lib/python3.11/site-packages/urllib3/connectionpool.py:1097:
      InsecureRequestWarning: Unverified HTTPS request is being made to host
      'entradium.com'. Adding certificate verification is strongly advised. See:
      https://urllib3.readthedocs.io/en/latest/advanced-usage.html#tls-warnings
      warnings.warn(
      /usr/local/lib/python3.11/site-packages/urllib3/connectionpool.py:1097:
      InsecureRequestWarning: Unverified HTTPS request is being made to host
      'entradium.com'. Adding certificate verification is strongly advised. See:
      https://urllib3.readthedocs.io/en/latest/advanced-usage.html#tls-warnings
      warnings.warn(
      /usr/local/lib/python3.11/site-packages/urllib3/connectionpool.py:1097:
      InsecureRequestWarning: Unverified HTTPS request is being made to host
      'entradium.com'. Adding certificate verification is strongly advised. See:
      https://urllib3.readthedocs.io/en/latest/advanced-usage.html#tls-warnings
      warnings.warn(
      /usr/local/lib/python3.11/site-packages/urllib3/connectionpool.py:1097:
      InsecureRequestWarning: Unverified HTTPS request is being made to host
      'entradium.com'. Adding certificate verification is strongly advised. See:
      https://urllib3.readthedocs.io/en/latest/advanced-usage.html#tls-warnings
      warnings.warn(
      /usr/local/lib/python3.11/site-packages/urllib3/connectionpool.py:1097:
      InsecureRequestWarning: Unverified HTTPS request is being made to host
      'entradium.com'. Adding certificate verification is strongly advised. See:
      https://urllib3.readthedocs.io/en/latest/advanced-usage.html#tls-warnings
      warnings.warn(
      /usr/local/lib/python3.11/site-packages/urllib3/connectionpool.py:1097:
      InsecureRequestWarning: Unverified HTTPS request is being made to host
      'entradium.com'. Adding certificate verification is strongly advised. See:
      https://urllib3.readthedocs.io/en/latest/advanced-usage.html#tls-warnings
      warnings.warn(
      /usr/local/lib/python3.11/site-packages/urllib3/connectionpool.py:1097:
      InsecureRequestWarning: Unverified HTTPS request is being made to host
      'entradium.com'. Adding certificate verification is strongly advised. See:
      https://urllib3.readthedocs.io/en/latest/advanced-usage.html#tls-warnings
      warnings.warn(
      /usr/local/lib/python3.11/site-packages/urllib3/connectionpool.py:1097:
      InsecureRequestWarning: Unverified HTTPS request is being made to host
      'entradium.com'. Adding certificate verification is strongly advised. See:
      https://urllib3.readthedocs.io/en/latest/advanced-usage.html#tls-warnings
      warnings.warn(

Result: Succeeded

Launching scraper: TodasLasEntradas
Succeeded - 2026-02-03T16:16:11Z

dag: FisgonTaskSelenium (45.0s)
│
└─tarea_1 (45.0s) [succeeded]
  └─stdout: ... (19 more lines)
      Getting content
      {'id': 'ba455af0', 'show': 1, 'in_city': 1, 'one_day': 1,
      'wrong_date_time': 0, 'event': 'LA ODISEA - UN CANTO A LOS ABUELOS',
      'id_venue': 'DgpfFbPt', 'venue': 'Teatro Cervantes Almería ',
      'std_venue': 'Teatro Cervantes', 'start_date': '2026-02-16', 'start_time':
      '18:30:00', 'end_date': '2026-02-16', 'end_time': '__NOT_DEFINIED__',
      'description': 'Una versión actualizada y profundamente emotiva de La
      Odisea, ambientada en la España de los años 60 y 70, que conecta el
      viaje clásico con nuestra memoria más cercana. A través del formato
      musical, los jóvenes intérpretes emprenden un viaje épico lleno de
      recuerdos, emociones y vivencias compartidas. La historia se desarrolla
      acompañada por una banda sonora de clásicos inolvidables, que refuerza
      cada escena y despierta la nostalgia del público. Música, palabras y
      movimiento se unen para construir un relato cercano y reconocible. Un
      espectáculo lleno de humor, música y ternura, que rinde homenaje a las
      generaciones que nos precedieron y dejaron huella en nuestro camino:
      nuestros abuelos.', 'others': {}, 'source': 'TodasLasEntradas',
      'exec_time': '20260203T161612', 'session': '2026_02_03_15_59_Martes',
      'image':
      'https://eolstage.blob.core.windows.net/eol/475152%2F8c4ca0-WEB-2026-02-16
      ---La-odisea-Un-canto-a-los-abuelos.jpg', 'url':
      'https://www.todaslasentradas.com/par-public/rest/evento/id/7387979'}
      -------------
      1 / 11
      Getting content
      {'id': '2a1a1a6d', 'show': 1, 'in_city': 1, 'one_day': 1,
      'wrong_date_time': 0, 'event': 'IM-PULSE PINK FLOYD TRIBUTE LIVE SHOW',
      'id_venue': 'DgpfFbPt', 'venue': 'Teatro Cervantes Almería ',
      'std_venue': 'Teatro Cervantes', 'start_date': '2026-04-17', 'start_time':
      '20:00:00', 'end_date': '2026-04-17', 'end_time': '__NOT_DEFINIED__',
      'description': 'IM-PULSE es la mejor banda tributo a Pink Floyd del país.
      Con un excelente directo y una espectacular puesta en escena, han logrado
      convertirse en todo un referente, siendo considerados el mejor homenaje a
      la mítica banda británica, según la opinión de miles de personas que
      han asistido ya a sus conciertos. Con un impresionante espectáculo de
      imágenes, luz y sonido minuciosamente elaborado consiguen cautivar al
      público recreando la particular atmósfera de los conciertos de esta gran
      banda, una de las más representativas del rock progresivo de todos los
      tiempos. Durante más de dos horas y media interpretan, con toda
      fidelidad, un repertorio con los temas más emblemáticos de Pink Floyd
      basándose, sobre todo, en el icónico directo P-U-L-S-E, pero sin...Leer
      más', 'others': {}, 'source': 'TodasLasEntradas', 'exec_time':
      '20260203T161612', 'session': '2026_02_03_15_59_Martes', 'image':
      'https://eolstage.blob.core.windows.net/eol/475152%2F751a9a-WhatsApp%20Ima
      ge%202026-01-21%20at%2017.04.59.jpeg', 'url':
      'https://www.todaslasentradas.com/par-public/rest/evento/id/7475175'}
      -------------
      2 / 11
      Getting content
      {'id': 'df271736', 'show': 1, 'in_city': 1, 'one_day': 1,
      'wrong_date_time': 0, 'event': 'IMAGILUSIÓN', 'id_venue': 'DgpfFbPt',
      'venue': 'Teatro Cervantes Almería ', 'std_venue': 'Teatro Cervantes',
      'start_date': '2026-03-29', 'start_time': '18:00:00', 'end_date':
      '2026-03-29', 'end_time': '__NOT_DEFINIED__', 'description': 'Imagilusión
      es un espectáculo familiar lleno de color, fantasía y emoción, donde la
      magia de los grandes cuentos cobra vida sobre el escenario. A través de
      la música, el baile y una cuidada puesta en escena, personajes inspirados
      en historias tan queridas como Aladdín, Frozen, Toy Story, El Rey León,
      Mary Poppins o La Bella y la Bestia se unen para invitar al público a un
      viaje inolvidable al mundo de la imaginación. Un show dinámico y
      participativo en el que pequeños y mayores disfrutarán de coreografías
      espectaculares, momentos divertidos y mensajes positivos sobre la amistad,
      los sueños y la importancia de creer en la magia. Imagilusión es una
      experiencia pensada para disfrutar en familia, donde la ilusión, la
      música y la fantasía...Leer más', 'others': {}, 'source':
      'TodasLasEntradas', 'exec_time': '20260203T161612', 'session':
      '2026_02_03_15_59_Martes', 'image':
      'https://eolstage.blob.core.windows.net/eol/475152%2Fa050fd-WEB-2026-03-29
      ---Imagilusion.jpg', 'url':
      'https://www.todaslasentradas.com/par-public/rest/evento/id/7376958'}
      -------------
      3 / 11
      Getting content
      {'id': '54c625e5', 'show': 1, 'in_city': 1, 'one_day': 1,
      'wrong_date_time': 0, 'event': 'A TODO VOLUMEN - ROCK SINFÓNICO',
      'id_venue': 'DgpfFbPt', 'venue': 'Teatro Cervantes ', 'std_venue': 'Teatro
      Cervantes', 'start_date': '2026-02-07', 'start_time': '21:30:00',
      'end_date': '2026-02-07', 'end_time': '__NOT_DEFINIED__', 'description':
      'Rock Sinfónico: A Todo Volumen es una experiencia musical única donde
      dos universos se encuentran sobre el escenario. La fuerza arrolladora del
      rock se fusiona con la grandeza y la emoción de una banda sinfónica en
      un concierto que rompe fronteras y multiplica sensaciones. La Banda
      Sinfónica de Huércal de Almería presenta un espectáculo cargado de
      energía, potencia y emoción, con arreglos espectaculares, colaboraciones
      especiales y una puesta en escena envolvente. Una noche pensada para
      vibrar, emocionarse y vivir el rock como nunca antes: A TODO VOLUMEN.',
      'others': {}, 'source': 'TodasLasEntradas', 'exec_time':
      '20260203T161612', 'session': '2026_02_03_15_59_Martes', 'image':
      'https://eolstage.blob.core.windows.net/eol/475152%2Fb9c2ed-WhatsApp%20Ima
      ge%202026-01-13%20at%2017.51.04.jpeg', 'url':
      'https://www.todaslasentradas.com/par-public/rest/evento/id/7377041'}
      -------------
      4 / 11
      Getting content
      {'id': 'a24f1b40', 'show': 1, 'in_city': 1, 'one_day': 1,
      'wrong_date_time': 0, 'event': 'DE CARA AL PÚBLICO" - UN SHOW DE
      DANNUSX', 'id_venue': 'DgpfFbPt', 'venue': 'Teatro Cervantes Almería ',
      'std_venue': 'Teatro Cervantes', 'start_date': '2026-09-26', 'start_time':
      '21:00:00', 'end_date': '2026-09-26', 'end_time': '__NOT_DEFINIED__',
      'description': 'Dannusx nos presenta un monólogo donde hablaremos de lo
      que se vive diariamente trabajando cara al público. Hablando de
      anécdotas con clientes, con mucho sentido del humor, ironía y sarcasmo.
      Dannusx es un creador de contenido de 35 años nacido en Madrid. Sus
      vídeos se caracterizan por el humor, sarcasmo y la ironía. Es su sello
      personal. En 2020, tras la pandemia, decidió entrar en el mundo de las
      redes sociales. Era hora de contar, con ese toque de humor e ironía, lo
      que se vive trabajando cara al público. Pensaba que, si en un minuto de
      vídeo conseguía que alguien sonriera un poco viendo las situaciones
      diarias que se vive en este sector, ya habría merecido la pena. Ya cuenta
      con casi...Leer más', 'others': {}, 'source': 'TodasLasEntradas',
      'exec_time': '20260203T161612', 'session': '2026_02_03_15_59_Martes',
      'image':
      'https://eolstage.blob.core.windows.net/eol/475152%2F866017-web-2026-09-29
      ---de-cara-al-publico_720.jpg', 'url':
      'https://www.todaslasentradas.com/par-public/rest/evento/id/7491726'}
      -------------
      5 / 11
      Getting content
      {'id': '5ada8d24', 'show': 1, 'in_city': 1, 'one_day': 1,
      'wrong_date_time': 0, 'event': 'HALLOWEEN FOREVER', 'id_venue':
      'DgpfFbPt', 'venue': 'Teatro Cervantes Almería ', 'std_venue': 'Teatro
      Cervantes', 'start_date': '2026-03-05', 'start_time': '18:30:00',
      'end_date': '2026-03-05', 'end_time': '__NOT_DEFINIED__', 'description':
      'Los monstruos de Halloween han decidido que su noche favorita no puede
      terminar y que Halloween debe durar para siempre. Para conseguirlo,
      personajes tan conocidos como IT, La Monja, vampiras, Miércoles Addams y
      Harley Quinn unirán fuerzas en un plan tan oscuro como divertido. Sin
      embargo, un valiente grupo de niños humanos no está dispuesto a
      permitirlo. Con ingenio, valentía y una gran amistad, se enfrentarán a
      esta amenaza en una aventura llena de situaciones inesperadas. Una
      historia divertida y dinámica, repleta de sustos simpáticos, magia y
      acción, pensada para disfrutar en familia y demostrar que, incluso en la
      noche más terrorífica, la amistad y el coraje siempre triunfan.',
      'others': {}, 'source': 'TodasLasEntradas', 'exec_time':
      '20260203T161612', 'session': '2026_02_03_15_59_Martes', 'image':
      'https://eolstage.blob.core.windows.net/eol/475152%2F95b7ca-WEB-2026-03-05
      ---Halloween-Forever.jpg', 'url':
      'https://www.todaslasentradas.com/par-public/rest/evento/id/7387706'}
      -------------
      6 / 11
      Getting content
      {'id': '9ba1a1df', 'show': 1, 'in_city': 1, 'one_day': 1,
      'wrong_date_time': 0, 'event': 'DANIEL FEZ - LA VIDA REGULINCHI',
      'id_venue': 'DgpfFbPt', 'venue': 'Teatro Cervantes Almería ',
      'std_venue': 'Teatro Cervantes', 'start_date': '2026-05-09', 'start_time':
      '21:00:00', 'end_date': '2026-05-09', 'end_time': '__NOT_DEFINIED__',
      'description': 'Daniel Fez se considera un influencer regulinchi. En su
      espectáculo podréis escuchar de primera mano cómo es su vida de
      influencer. ¿Cómo le va en el amor a Daniel? ¿Le servirán los
      videotutoriales que se estudian? ¿Sacará la libreta azul? ¿Alguno de
      vosotros tiene algún consejo para él? En esta función podréis ver un
      monólogo fresco, con mucha interacción con el público y lleno de
      historias regulinchis. Empezó a crear su propio contenido en la
      plataforma «Vine». Ahora se pueden ver sus vídeos en TikTok, Instagram
      y Twitter. Él se describe como «Hacedor de vídeos y cosas de esas».
      Cuenta con más de 1.7 millones de seguidores en TikTok, supera los 390K
      de seguidores en Instagram y en Twitter cuenta con más de...Leer más',
      'others': {}, 'source': 'TodasLasEntradas', 'exec_time':
      '20260203T161612', 'session': '2026_02_03_15_59_Martes', 'image':
      'https://eolstage.blob.core.windows.net/eol/475152%2F0df34f-WEB-2026-05-09
      ---Daniel-Fez.jpg', 'url':
      'https://www.todaslasentradas.com/par-public/rest/evento/id/7376514'}
      -------------
      7 / 11
      Getting content
      {'id': '2051261e', 'show': 1, 'in_city': 1, 'one_day': 1,
      'wrong_date_time': 0, 'event': 'EL RARO DE LOS 90s', 'id_venue':
      'DgpfFbPt', 'venue': 'Teatro Cervantes Almería ', 'std_venue': 'Teatro
      Cervantes', 'start_date': '2026-05-31', 'start_time': '18:00:00',
      'end_date': '2026-05-31', 'end_time': '__NOT_DEFINIED__', 'description':
      'David Domínguez presenta El raro de los 90, un espectáculo de humor en
      el que, con ironía, simpatía y un punto gamberro, hace un viaje directo
      a una de las décadas más memorables: los años 90. A través de
      anécdotas personales, situaciones absurdas y personajes inolvidables, el
      cómico repasa cómo era crecer en aquella época: las tribus urbanas, las
      formas de ligar, los códigos sociales y esas pequeñas rarezas que hoy se
      miran con nostalgia y muchas risas. ¿Todavía no conoces a Vicent? ¿Te
      acuerdas de cómo se vivía sin redes sociales? Este espectáculo te lo
      recuerda todo… y mejor. Con su estilo cercano y su gran capacidad para
      conectar con el público, David saca a escena algunos de sus mejores
      textos,...Leer más', 'others': {}, 'source': 'TodasLasEntradas',
      'exec_time': '20260203T161612', 'session': '2026_02_03_15_59_Martes',
      'image':
      'https://eolstage.blob.core.windows.net/eol/475152%2F8c2898-WEB-2026-05-31
      ---EL-RARO-DE-LOS-90.jpg', 'url':
      'https://www.todaslasentradas.com/par-public/rest/evento/id/7376873'}
      -------------
      8 / 11
      Getting content
      {'id': '5086cc17', 'show': 1, 'in_city': 1, 'one_day': 1,
      'wrong_date_time': 0, 'event': 'DREAMING BUBBLES', 'id_venue': 'DgpfFbPt',
      'venue': 'Teatro Cervantes Almería ', 'std_venue': 'Teatro Cervantes',
      'start_date': '2026-03-15', 'start_time': '18:00:00', 'end_date':
      '2026-03-15', 'end_time': '__NOT_DEFINIED__', 'description': 'Dreaming
      Bubbles es un espectáculo visual y sensorial que invita a soñar en
      familia, sumergiendo al público en un universo mágico lleno de
      emociones, risas y asombro. Un viaje único al efímero y fascinante mundo
      de las burbujas, donde cada instante es tan bello como irrepetible. De la
      mano de Whitedream, el Mago de las Pompas de Jabón y Récord Guinness, la
      ilusión cobra vida en escena a través de impresionantes creaciones que
      despiertan la imaginación y el asombro de pequeños y mayores. Un
      espectáculo que nos recuerda que, incluso en la fragilidad de una
      burbuja, existe una fuerza capaz de mantener vivos los sueños. Dreaming
      Bubbles es una experiencia poética y emocionante que nos invita a creer
      en la magia, a...Leer más', 'others': {}, 'source': 'TodasLasEntradas',
      'exec_time': '20260203T161612', 'session': '2026_02_03_15_59_Martes',
      'image':
      'https://eolstage.blob.core.windows.net/eol/475152%2F2c8443-WEB-2026-03-15
      ---Dreaming-Bubbles.jpg', 'url':
      'https://www.todaslasentradas.com/par-public/rest/evento/id/7388932'}
      -------------
      9 / 11
      Getting content
      {'id': 'eb8e105a', 'show': 1, 'in_city': 1, 'one_day': 1,
      'wrong_date_time': 0, 'event': '20.000 LEGUAS DE VIAJE SUBMARINO',
      'id_venue': 'DgpfFbPt', 'venue': 'Teatro Cervantes Almería ',
      'std_venue': 'Teatro Cervantes', 'start_date': '2026-02-17', 'start_time':
      '18:30:00', 'end_date': '2026-02-17', 'end_time': '__NOT_DEFINIED__',
      'description': 'Una aventura submarina llena de imaginación que invita a
      soñar y dejarse llevar por la fantasía. Un grupo de jóvenes
      exploradores se embarca a bordo del mítico Nautilus, guiados por el
      enigmático Capitán Nemo, para vivir un viaje extraordinario por las
      profundidades del océano. A lo largo de su travesía, descubrirán
      criaturas sorprendentes, paisajes marinos mágicos y misterios ocultos que
      se esconden bajo el mar, enfrentándose a situaciones tan emocionantes
      como divertidas. Cada escena transporta al público a un mundo fascinante
      donde la curiosidad y el espíritu de aventura son los verdaderos
      protagonistas. Una obra llena de humor, fantasía y emoción, pensada para
      disfrutar en familia y dejarse sorprender por una historia que despierta
      la imaginación de pequeños y mayores.', 'others': {}, 'source':
      'TodasLasEntradas', 'exec_time': '20260203T161612', 'session':
      '2026_02_03_15_59_Martes', 'image':
      'https://eolstage.blob.core.windows.net/eol/475152%2Ff89580-WEB-2026-02-17
      ---20.000-Leguas-de-vieje-submarino.jpg', 'url':
      'https://www.todaslasentradas.com/par-public/rest/evento/id/7387285'}
      -------------
      10 / 11
      Getting content
      {'id': 'aab8724f', 'show': 1, 'in_city': 1, 'one_day': 1,
      'wrong_date_time': 0, 'event': 'PERDIDO EN LOS 80 - MENUDA MOVIDA',
      'id_venue': 'DgpfFbPt', 'venue': 'Teatro Cervantes Almería ',
      'std_venue': 'Teatro Cervantes', 'start_date': '2026-03-01', 'start_time':
      '18:00:00', 'end_date': '2026-03-01', 'end_time': '__NOT_DEFINIED__',
      'description': 'Los 80 no fueron una década, fueron una forma de vida.
      Una época donde la música lo era todo, las noches se alargaban sin
      WhatsApp y la pandilla de amigos era sagrada. Perdido en los 80 es un
      viaje desternillante a aquellos años en los que sobrevivíamos sin
      Google, los bares eran nuestro Instagram y el mayor reto tecnológico era
      programar el vídeo VHS sin que se comiera la cinta. Diego del Notario nos
      sumerge en las historias más míticas de la época: las batallitas de la
      mili, los ligues en la pista de baile con coreografías improvisadas, los
      colegas con los que compartíamos todo, y los pesados que siempre tenían
      la última palabra. Porque si algo teníamos claro en los...Leer más',
      'others': {}, 'source': 'TodasLasEntradas', 'exec_time':
      '20260203T161612', 'session': '2026_02_03_15_59_Martes', 'image':
      'https://eolstage.blob.core.windows.net/eol/475152%2F65ae2b-WEB-2026-03-01
      ---Perdido-en-los-80.jpg', 'url':
      'https://www.todaslasentradas.com/par-public/rest/evento/id/7376673'}
      -------------
      ****************************
      Saving 11 new events
      Saving in
      /home/ubuntu/data_storage/Almeria/2026_02_03_15_59_Martes/0_raw/20260203_1
      616_TodasLasEntradas.json
      Saving 11 master url
      Appending to  /home/ubuntu/data_storage/Almeria/00_master/master_url.json
      ***===*** SCRAPER DONE, RESTARTING SELENIUM ***===***
      selenium

Result: Succeeded

Launching scraper: RedBibliotecas
Succeeded - 2026-02-03T16:16:56Z

dag: FisgonTaskSelenium (40.0s)
│
└─tarea_1 (40.0s) [succeeded]
  └─stdout:
      RUNNING VARS →
      CITY=Almeria,
      OPERATION=0,
      CREATE_SESSION=0,
      CLOSE_SESSION=0,
      SESSION=None,
      IMAGES=0,
      GET_SCRAPERS=
      SCRAPER=RedBibliotecas
      DAG_RUN_URL=/dags/FisgonTaskSelenium/log?remoteNode=local&step=tarea_1&dag
      RunId=019c244a-ef96-7aed-a2a3-e014d886fb5c
      Running for Almeria: RedBibliotecas
      RedBibliotecas
      RUNNING SESSION =  2026_02_03_15_59_Martes
      START
      Starting WebDriver...
      http://localhost:4444/wd/hub
      page=1
      Getting content
      page=2
      Getting content
      page=3
      Getting content
      *** SCRAPED 0 URLS WITH EVENTS **
      #######################
      No new urls/events extracted. No new events to save
      #######################
      ***===*** SCRAPER DONE, RESTARTING SELENIUM ***===***
      selenium

Result: Succeeded

Launching scraper: SalaEmma
Succeeded - 2026-02-03T16:17:36Z

dag: FisgonTaskSelenium (46.0s)
│
└─tarea_1 (46.0s) [succeeded]
  └─stdout: ... (17 more lines)
      --------------------
      {'id': '36790c8b', 'show': 1, 'in_city': 1, 'one_day': 1,
      'wrong_date_time': 0, 'event': 'ALEX SALABERRI 100% RISAS', 'id_venue':
      '7qHRF9LM', 'venue': 'Sala EMMA', 'std_venue': 'Sala Escuela Municipal de
      Música & Artes', 'start_date': '2026-02-07', 'start_time': '20:00:00',
      'end_date': '__NOT_FOUND__', 'end_time': '__NOT_FOUND__', 'description':
      'Sábado, 7 de Febrero, 2026 8:00 PM 14.00 €', 'others': {}, 'source':
      'SalaEmma', 'exec_time': '20260203T161736', 'session':
      '2026_02_03_15_59_Martes', 'image': '__NOT_FOUND__', 'url':
      'https://entradasemma.azurewebsites.net/'}
      --------------------
      {'id': 'a8c62fc9', 'show': 1, 'in_city': 1, 'one_day': 1,
      'wrong_date_time': 0, 'event': 'UNA DE IMPRO', 'id_venue': '7qHRF9LM',
      'venue': 'Sala EMMA', 'std_venue': 'Sala Escuela Municipal de Música &
      Artes', 'start_date': '2026-02-26', 'start_time': '21:00:00', 'end_date':
      '__NOT_FOUND__', 'end_time': '__NOT_FOUND__', 'description': 'Jueves, 26
      de Febrero, 2026 9:00 PM 10.00 € Anticipada: 8.00 € hasta el
      Miércoles, 4 de Febrero, 2026', 'others': {}, 'source': 'SalaEmma',
      'exec_time': '20260203T161736', 'session': '2026_02_03_15_59_Martes',
      'image': '__NOT_FOUND__', 'url':
      'https://entradasemma.azurewebsites.net/'}
      --------------------
      {'id': '3c27e323', 'show': 1, 'in_city': 1, 'one_day': 1,
      'wrong_date_time': 0, 'event': '¡COMEDIA! “MALAS Y MALDECÍAS TOCATA Y
      FUGA”', 'id_venue': '7qHRF9LM', 'venue': 'Sala EMMA', 'std_venue': 'Sala
      Escuela Municipal de Música & Artes', 'start_date': '2026-03-07',
      'start_time': '20:00:00', 'end_date': '__NOT_FOUND__', 'end_time':
      '__NOT_FOUND__', 'description': 'Sábado, 7 de Marzo, 2026 8:00 PM 12.00
      €', 'others': {}, 'source': 'SalaEmma', 'exec_time': '20260203T161736',
      'session': '2026_02_03_15_59_Martes', 'image': '__NOT_FOUND__', 'url':
      'https://entradasemma.azurewebsites.net/'}
      --------------------
      {'id': '1db6aee1', 'show': 1, 'in_city': 1, 'one_day': 1,
      'wrong_date_time': 0, 'event': 'EDÉN SERRANO el show', 'id_venue':
      '7qHRF9LM', 'venue': 'Sala EMMA', 'std_venue': 'Sala Escuela Municipal de
      Música & Artes', 'start_date': '2026-03-06', 'start_time': '20:00:00',
      'end_date': '__NOT_FOUND__', 'end_time': '__NOT_FOUND__', 'description':
      'Viernes, 6 de Marzo, 2026 8:00 PM 12.00 €', 'others': {}, 'source':
      'SalaEmma', 'exec_time': '20260203T161736', 'session':
      '2026_02_03_15_59_Martes', 'image': '__NOT_FOUND__', 'url':
      'https://entradasemma.azurewebsites.net/'}
      --------------------
      {'id': 'd44b6790', 'show': 1, 'in_city': 1, 'one_day': 1,
      'wrong_date_time': 0, 'event': ' Kikín Fernández y Fernando Labordeta ',
      'id_venue': '7qHRF9LM', 'venue': 'Sala EMMA', 'std_venue': 'Sala Escuela
      Municipal de Música & Artes', 'start_date': '2026-05-16', 'start_time':
      '20:00:00', 'end_date': '__NOT_FOUND__', 'end_time': '__NOT_FOUND__',
      'description': 'Sábado, 16 de Mayo, 2026 8:00 PM 12.00 €', 'others':
      {}, 'source': 'SalaEmma', 'exec_time': '20260203T161736', 'session':
      '2026_02_03_15_59_Martes', 'image': '__NOT_FOUND__', 'url':
      'https://entradasemma.azurewebsites.net/'}
      --------------------
      {'id': '395e1b9e', 'show': 1, 'in_city': 1, 'one_day': 1,
      'wrong_date_time': 0, 'event': 'PEPE EL CAJA', 'id_venue': '7qHRF9LM',
      'venue': 'Sala EMMA', 'std_venue': 'Sala Escuela Municipal de Música &
      Artes', 'start_date': '2026-05-23', 'start_time': '20:00:00', 'end_date':
      '__NOT_FOUND__', 'end_time': '__NOT_FOUND__', 'description': 'Sábado, 23
      de Mayo, 2026 8:00 PM 15.00 €', 'others': {}, 'source': 'SalaEmma',
      'exec_time': '20260203T161736', 'session': '2026_02_03_15_59_Martes',
      'image': '__NOT_FOUND__', 'url':
      'https://entradasemma.azurewebsites.net/'}
      --------------------
      {'id': '8430ff81', 'show': 1, 'in_city': 1, 'one_day': 1,
      'wrong_date_time': 0, 'event': 'VICTOR CASTIGAO DESCONTROLAO', 'id_venue':
      '7qHRF9LM', 'venue': 'Sala EMMA', 'std_venue': 'Sala Escuela Municipal de
      Música & Artes', 'start_date': '2026-04-18', 'start_time': '20:00:00',
      'end_date': '__NOT_FOUND__', 'end_time': '__NOT_FOUND__', 'description':
      'Sábado, 18 de Abril, 2026 8:00 PM 12.00 €', 'others': {}, 'source':
      'SalaEmma', 'exec_time': '20260203T161736', 'session':
      '2026_02_03_15_59_Martes', 'image': '__NOT_FOUND__', 'url':
      'https://entradasemma.azurewebsites.net/'}
      --------------------
      {'id': 'e4baa17f', 'show': 1, 'in_city': 1, 'one_day': 1,
      'wrong_date_time': 0, 'event': 'MANOLO LERA', 'id_venue': '7qHRF9LM',
      'venue': 'Sala EMMA', 'std_venue': 'Sala Escuela Municipal de Música &
      Artes', 'start_date': '2026-04-11', 'start_time': '20:00:00', 'end_date':
      '__NOT_FOUND__', 'end_time': '__NOT_FOUND__', 'description': 'Sábado, 11
      de Abril, 2026 8:00 PM 12.00 €', 'others': {}, 'source': 'SalaEmma',
      'exec_time': '20260203T161736', 'session': '2026_02_03_15_59_Martes',
      'image': '__NOT_FOUND__', 'url':
      'https://entradasemma.azurewebsites.net/'}
      --------------------
      {'id': 'e6bb9a5a', 'show': 1, 'in_city': 1, 'one_day': 1,
      'wrong_date_time': 0, 'event': 'CHRISTIAN GARCIA (10 AÑOS DANDO GUERRA)',
      'id_venue': '7qHRF9LM', 'venue': 'Sala EMMA', 'std_venue': 'Sala Escuela
      Municipal de Música & Artes', 'start_date': '2026-03-14', 'start_time':
      '20:00:00', 'end_date': '__NOT_FOUND__', 'end_time': '__NOT_FOUND__',
      'description': 'Sábado, 14 de Marzo, 2026 8:00 PM 15.00 €', 'others':
      {}, 'source': 'SalaEmma', 'exec_time': '20260203T161736', 'session':
      '2026_02_03_15_59_Martes', 'image': '__NOT_FOUND__', 'url':
      'https://entradasemma.azurewebsites.net/'}
      --------------------
      {'id': 'b543f102', 'show': 1, 'in_city': 1, 'one_day': 1,
      'wrong_date_time': 0, 'event': 'MELOCOTÓN EN ALMÍBAR', 'id_venue':
      '7qHRF9LM', 'venue': 'Sala EMMA', 'std_venue': 'Sala Escuela Municipal de
      Música & Artes', 'start_date': '2026-05-09', 'start_time': '20:00:00',
      'end_date': '__NOT_FOUND__', 'end_time': '__NOT_FOUND__', 'description':
      'Sábado, 9 de Mayo, 2026 8:00 PM 12.00 €', 'others': {}, 'source':
      'SalaEmma', 'exec_time': '20260203T161736', 'session':
      '2026_02_03_15_59_Martes', 'image': '__NOT_FOUND__', 'url':
      'https://entradasemma.azurewebsites.net/'}
      --------------------
      {'id': 'a6d89f15', 'show': 1, 'in_city': 1, 'one_day': 1,
      'wrong_date_time': 0, 'event': 'HUMOR DE CASADOS (MARIANO YPUNTO Y LA
      NENA)', 'id_venue': '7qHRF9LM', 'venue': 'Sala EMMA', 'std_venue': 'Sala
      Escuela Municipal de Música & Artes', 'start_date': '2026-06-13',
      'start_time': '20:00:00', 'end_date': '__NOT_FOUND__', 'end_time':
      '__NOT_FOUND__', 'description': 'Sábado, 13 de Junio, 2026 8:00 PM 15.00
      €', 'others': {}, 'source': 'SalaEmma', 'exec_time': '20260203T161736',
      'session': '2026_02_03_15_59_Martes', 'image': '__NOT_FOUND__', 'url':
      'https://entradasemma.azurewebsites.net/'}
      --------------------
      {'id': '911bcc29', 'show': 1, 'in_city': 1, 'one_day': 1,
      'wrong_date_time': 0, 'event': '¡¡COMEDIA!! ‘MALAS Y MALDECÍAS’',
      'id_venue': '7qHRF9LM', 'venue': 'Sala EMMA', 'std_venue': 'Sala Escuela
      Municipal de Música & Artes', 'start_date': '2026-02-14', 'start_time':
      '20:00:00', 'end_date': '__NOT_FOUND__', 'end_time': '__NOT_FOUND__',
      'description': 'Sábado, 14 de Febrero, 2026 8:00 PM 12.00 €', 'others':
      {}, 'source': 'SalaEmma', 'exec_time': '20260203T161736', 'session':
      '2026_02_03_15_59_Martes', 'image': '__NOT_FOUND__', 'url':
      'https://entradasemma.azurewebsites.net/'}
      --------------------
      {'id': '249edfa5', 'show': 1, 'in_city': 1, 'one_day': 1,
      'wrong_date_time': 0, 'event': '¡CORTEN! UNA COMEDIA DE CINE',
      'id_venue': '7qHRF9LM', 'venue': 'Sala EMMA', 'std_venue': 'Sala Escuela
      Municipal de Música & Artes', 'start_date': '2026-04-25', 'start_time':
      '20:00:00', 'end_date': '__NOT_FOUND__', 'end_time': '__NOT_FOUND__',
      'description': 'Sábado, 25 de Abril, 2026 8:00 PM 12.00 €', 'others':
      {}, 'source': 'SalaEmma', 'exec_time': '20260203T161736', 'session':
      '2026_02_03_15_59_Martes', 'image': '__NOT_FOUND__', 'url':
      'https://entradasemma.azurewebsites.net/'}
      Checking unique event dict.
      Reading /home/ubuntu/data_storage/Almeria/00_master/master_events.json...
      *******
      []
      ('ALEX SALABERRI 100% RISAS', 'Sala EMMA', '2026-02-07', '20:00:00')
      ('UNA DE IMPRO', 'Sala EMMA', '2026-02-26', '21:00:00')
      ('¡COMEDIA! “MALAS Y MALDECÍAS TOCATA Y FUGA”', 'Sala EMMA',
      '2026-03-07', '20:00:00')
      ('EDÉN SERRANO el show', 'Sala EMMA', '2026-03-06', '20:00:00')
      (' Kikín Fernández y Fernando Labordeta ', 'Sala EMMA', '2026-05-16',
      '20:00:00')
      ('PEPE EL CAJA', 'Sala EMMA', '2026-05-23', '20:00:00')
      ('VICTOR CASTIGAO DESCONTROLAO', 'Sala EMMA', '2026-04-18', '20:00:00')
      ('MANOLO LERA', 'Sala EMMA', '2026-04-11', '20:00:00')
      ('CHRISTIAN GARCIA (10 AÑOS DANDO GUERRA)', 'Sala EMMA', '2026-03-14',
      '20:00:00')
      ('MELOCOTÓN EN ALMÍBAR', 'Sala EMMA', '2026-05-09', '20:00:00')
      ('HUMOR DE CASADOS (MARIANO YPUNTO Y LA NENA)', 'Sala EMMA', '2026-06-13',
      '20:00:00')
      ('¡¡COMEDIA!! ‘MALAS Y MALDECÍAS’', 'Sala EMMA', '2026-02-14',
      '20:00:00')
      ('¡CORTEN! UNA COMEDIA DE CINE', 'Sala EMMA', '2026-04-25', '20:00:00')
      ****************************
      Saving 13 new events
      Saving in
      /home/ubuntu/data_storage/Almeria/2026_02_03_15_59_Martes/0_raw/20260203_1
      617_SalaEmma.json
      Saving 13 master url
      Appending to  /home/ubuntu/data_storage/Almeria/00_master/master_url.json
      ***===*** SCRAPER DONE, RESTARTING SELENIUM ***===***
      selenium

Result: Succeeded

Launching scraper: Giglon
