Launching scraper: AlmeriaCiudad
Succeeded - 2026-04-01T21:23:56Z

dag: FisgonTaskSelenium (1m 4s)
│
└─tarea_1 (1m 4s) [succeeded]
  ├─bash -lc 'set -eo pipefail; export DOCKER_CONFIG=/tmp/.docker HOME=/tmp;
  │   SELENIUM_NAME="selenium_${DAG_RUN_ID:-$$}_$(date +%s)"; cleanup() {
  │   docker rm -f "$SELENIUM_NAME" >/dev/null 2>&1 || true; }; trap cleanup
  │   EXIT; docker run -d --rm --name "$SELENIUM_NAME" --shm-size=2g -e
  │   SE_NODE_MAX_SESSIONS=1 -e SE_NODE_OVERRIDE_MAX_SESSIONS=true
  │   selenium/standalone-chrome:latest >/dev/null; docker exec
  │   "$SELENIUM_NAME" bash -c "for i in \$(seq 1 60); do (echo >
  │   /dev/tcp/127.0.0.1/4444) >/dev/null 2>&1 && exit 0; sleep 1; done; exit
  │   1"; docker run --rm --network container:"$SELENIUM_NAME" -v
  │   /home/ubuntu/work/fisgon:/app -v
  │   /home/ubuntu/data_storage:/home/ubuntu/data_storage -v
  │   /home/ubuntu/work/event_flask_app/static/img:/home/ubuntu/work/event_fla
  │   sk_app/static/img -w /app -e OPERATION=0 -e DOCKER_CONFIG=/tmp/.docker
  │   -e HOME=/tmp -e TARGET_CITY -e TARGET_SCRAPER -e
  │   DAG_RUN_URL="${DAGU_BASE_URL:-}/dags/${DAG_NAME}?dagRunId=${DAG_RUN_ID}"
  │   -e
  │   DAG_RUN_LOG_URL="${DAGU_BASE_URL:-}/dags/${DAG_NAME}/log?remoteNode=loca
  │   l&step=tarea_1&dagRunId=${DAG_RUN_ID}" fisgon_scraper:1.0'
  │
  ├─stdout: ... (14 more lines)
  │   http://localhost:4444/wd/hub
  │   sleeping 5
  │   Getting content
  │   page = 0
  │   -----------https://almeriaciudad.es/cultura/agenda?page=0---------------
  │   len 12
  │   sleeping 5
  │   Getting content
  │   page = 1
  │   -----------https://almeriaciudad.es/cultura/agenda?page=1---------------
  │   len 12
  │   sleeping 5
  │   Getting content
  │   page = 2
  │   -----------https://almeriaciudad.es/cultura/agenda?page=2---------------
  │   len 11
  │   sleeping 5
  │   Getting content
  │   page = 3
  │   -----------https://almeriaciudad.es/cultura/agenda?page=3---------------
  │   len 0
  │   *** SCRAPED 35 URLS WITH EVENTS **
  │   New url events = 6
  │   0 / 6
  │   Getting https://almeriaciudad.es//cultura/evento/ejemplares-de-cervantes
  │   Sleep 4
  │   --------------------
  │   {'id': '390cab6b', 'show': 1, 'in_city': 1, 'one_day': 1,
  │   'wrong_date_time': 0, 'event': 'Ejemplares De Cervantes', 'slug':
  │   'ejemplares-de-cervantes', 'category': '__NOT_DEFINIED__', 'id_venue':
  │   'tQfq78jF', 'venue': 'Teatro Apolo', 'std_venue': 'Teatro Apolo',
  │   'start_date': '2026-05-07', 'start_time': '20:00:00', 'end_date':
  │   '2026-05-07', 'end_time': '20:30:00', 'description': '42 JORNADAS DE
  │   TEATRO DEL SIGLO DE ORO DE ALMERÍA 2026. El dramaturgo y actor Antonio
  │   Campos da vida a las novelas ejemplares escritas por Cervantes,
  │   recuperando los clásicos cervantinos, metiéndose en la piel de un
  │   juglar, un contador de historias, un declamador que va por España de
  │   plaza en plaza mostrando su buen hacer teatral. Convirtiendo esos
  │   espacios en un acto teatral. Valiéndose de una cámara oscura y atrezo
  │   sobrio, música acertada para la ocasión y oportunos textos
  │   entresacados de las tres novelas cervantinas que se representan -El
  │   licenciado Vidriera, Rinconete y Cortadillo y La Gitanilla-, para
  │   fundirse en un todo donde gesto y palabra llenan ese vacío que
  │   conexiona tanto la retórica del buen decir del Siglo de Oro con el
  │   argot y los guiños al lenguaje actual y a la deconstrucción textual.',
  │   'others': {'organizer': '__NOT_FOUND__', 'price': 'PRECIO\xa0DE LAS
  │   ENTRADAS:\xa012 EUROS', 'category': 'Teatro', 'audience_age': 'Todas las
  │   edades'}, 'source': 'AlmeriaCiudad', 'exec_time': '20260401T212403',
  │   'session': '2026_04_01_21_21_Miercoles', 'image':
  │   'https://almeriaciudad.es/uploads/styles/large/public/media/image/cartel
  │   -ejemplares-de-cervantes---2025.jpg?itok=qfkOlFYd', 'url':
  │   'https://almeriaciudad.es//cultura/evento/ejemplares-de-cervantes'}
  │   1 / 6
  │   Getting https://almeriaciudad.es//cultura/evento/ecos-del-siglo-de-oro
  │   Sleep 4
  │   --------------------
  │   {'id': '476cf252', 'show': 1, 'in_city': 1, 'one_day': 1,
  │   'wrong_date_time': 0, 'event': 'Ecos Del Siglo De Oro', 'slug':
  │   'ecos-del-siglo-de-oro', 'category': '__NOT_DEFINIED__', 'id_venue':
  │   'tQfq78jF', 'venue': 'Teatro Apolo', 'std_venue': 'Teatro Apolo',
  │   'start_date': '2026-05-08', 'start_time': '20:30:00', 'end_date':
  │   '2026-05-08', 'end_time': '22:00:00', 'description': '42 JORNADAS DE
  │   TEATRO DEL SIGLO DE ORO DE ALMERÍA 2026. La palabra y la música
  │   despiertan la memoria de una época irrepetible. Los versos, suspendidos
  │   entre el tiempo y la emoción, vuelven a respirar en la voz del actor
  │   Pepón Nieto, que revela su fuerza, su intimidad y su eterna belleza. La
  │   voz del barítono Luis Santana, profunda y luminosa, recoge el eco de
  │   esos sentimientos y los transforma en música, mientras el pianista
  │   Víctor Carbajo teje un paisaje sonoro delicado y evocador, donde cada
  │   nota prolonga el sentido de la palabra. Juntos, construyen un espacio
  │   donde el pasado y el presente se encuentran, donde la emoción se
  │   convierte en puente y el arte en permanencia. Ecos del Siglo de Oro es
  │   un viaje al corazón de nuestra tradición, un susurro de belleza que
  │   atraviesa los siglos para recordarnos que la poesía y la música siguen
  │   siendo el alma viva del tiempo. Un paseo lúdico y libre por la música
  │   y la poesía del Siglo de Oro.', 'others': {'organizer':
  │   '__NOT_FOUND__', 'price': 'PRECIO\xa0DE LAS ENTRADAS:\xa012 EUROS',
  │   'category': 'Teatro', 'audience_age': 'Todas las edades'}, 'source':
  │   'AlmeriaCiudad', 'exec_time': '20260401T212403', 'session':
  │   '2026_04_01_21_21_Miercoles', 'image':
  │   'https://almeriaciudad.es/uploads/styles/large/public/media/image/ecos-d
  │   el-siglo-de-oro--pepon-nieto_page-0001.jpg?itok=zf-eAXTC', 'url':
  │   'https://almeriaciudad.es//cultura/evento/ecos-del-siglo-de-oro'}
  │   2 / 6
  │   Getting
  │   https://almeriaciudad.es//cultura/evento/la-musica-de-federico-garcia-lo
  │   rca
  │   Sleep 4
  │   --------------------
  │   {'id': '8209614f', 'show': 1, 'in_city': 1, 'one_day': 1,
  │   'wrong_date_time': 0, 'event': 'La Música De Federico García Lorca',
  │   'slug': 'la-musica-de-federico-garcia-lorca', 'category':
  │   '__NOT_DEFINIED__', 'id_venue': 'tQfq78jF', 'venue': 'Teatro Apolo',
  │   'std_venue': 'Teatro Apolo', 'start_date': '2026-06-04', 'start_time':
  │   '20:30:00', 'end_date': '2026-06-04', 'end_time': '22:00:00',
  │   'description': 'La música de Federico García Lorca: cantares, coplas,
  │   canciones con Soul. Inspirada en la música que escuchaba FGL. Un
  │   espectáculo único con el gran actor y músico Ángel Ruíz . Un lujazo
  │   sentir este espectáculo con innumerables formaciones musicales además
  │   de nuestro querido y afamado actor Ángel Ruíz , dirigido por Curro
  │   Carreres. Un noche lorquiana para dar a conocer su estancia de niño en
  │   Almería.', 'others': {'organizer': '__NOT_FOUND__', 'price':
  │   'PRECIO\xa0DE LAS ENTRADAS:\xa025 EUROS', 'category': 'Jazz|Música',
  │   'audience_age': 'Todas las edades'}, 'source': 'AlmeriaCiudad',
  │   'exec_time': '20260401T212403', 'session': '2026_04_01_21_21_Miercoles',
  │   'image':
  │   'https://almeriaciudad.es/uploads/styles/large/public/media/image/cartel
  │   -4-de-junio-teatro-apolo-lorca.jpeg?itok=gQQrZoaE', 'url':
  │   'https://almeriaciudad.es//cultura/evento/la-musica-de-federico-garcia-l
  │   orca'}
  │   3 / 6
  │   Getting https://almeriaciudad.es//cultura/evento/mujeres-de-oro
  │   Sleep 4
  │   --------------------
  │   {'id': '6a1c0551', 'show': 1, 'in_city': 1, 'one_day': 1,
  │   'wrong_date_time': 0, 'event': 'Mujeres De Oro', 'slug':
  │   'mujeres-de-oro', 'category': '__NOT_DEFINIED__', 'id_venue':
  │   'tQfq78jF', 'venue': 'Teatro Apolo', 'std_venue': 'Teatro Apolo',
  │   'start_date': '2026-05-03', 'start_time': '19:00:00', 'end_date':
  │   '2026-05-03', 'end_time': '20:30:00', 'description': '42 JORNADAS DE
  │   TEATRO DEL SIGLO DE ORO DE ALMERÍA 2026. Mujeres de Oro. es un
  │   espectáculo multidisciplinar en el que las actrices dialogan entre sí,
  │   con el músico en escena y con el público a través del teatro, la
  │   poesía, la danza y la imagen. Durante nuestro recital, el público se
  │   adentrará en la vida de diversas damas del teatro del Siglo de Oro
  │   español. Descubrirá quiénes fueron, qué dijeron, qué se dijo de
  │   ellas y, especialmente, cómo vivieron y cómo murieron. Sus historias,
  │   intensas y fascinantes, están llenas de comedia, drama y, sobre todo,
  │   de arte. Mujeres de Oro no es un recital historicista, académico y
  │   aburrido, sino que pretende entretener, divertir y divulgar la
  │   importancia de la mujer en el Siglo de Oro español, que consideramos
  │   que no ha sido transmitida históricamente con el rigor necesario.',
  │   'others': {'organizer': '__NOT_FOUND__', 'price': 'PRECIO\xa0DE LAS
  │   ENTRADAS:\xa012 EUROS', 'category': 'Teatro', 'audience_age': 'Todas las
  │   edades'}, 'source': 'AlmeriaCiudad', 'exec_time': '20260401T212403',
  │   'session': '2026_04_01_21_21_Miercoles', 'image':
  │   'https://almeriaciudad.es/uploads/styles/large/public/media/image/mujere
  │   s-de-oro_cartel-web-copy.png?itok=Yb0cLSD2', 'url':
  │   'https://almeriaciudad.es//cultura/evento/mujeres-de-oro'}
  │   4 / 6
  │   Getting
  │   https://almeriaciudad.es//cultura/evento/katanga-daahoud-salim-clasijazz
  │   -big-band
  │   Sleep 4
  │   --------------------
  │   {'id': '185c4aef', 'show': 1, 'in_city': 1, 'one_day': 1,
  │   'wrong_date_time': 0, 'event': 'Katanga Daahoud Salim & Clasijazz Big
  │   Band', 'slug': 'katanga-daahoud-salim-clasijazz-big-band', 'category':
  │   '__NOT_DEFINIED__', 'id_venue': '27qNP7DH', 'venue': 'Auditorio
  │   Municipal Maestro Padilla', 'std_venue': 'Auditorio Municipal Maestro
  │   Padilla', 'start_date': '2026-05-14', 'start_time': '20:30:00',
  │   'end_date': '2026-05-14', 'end_time': '22:00:00', 'description':
  │   'KATANGA. es el primer álbum para big band de Daahoud Salim, grabado
  │   junto a la Clasijazz Big Band. Antes de su publicación, este repertorio
  │   ya ha reunido tres premios internacionales de composición y arreglos:
  │   El. Jazz EBC Prize for Arrangers and Composers. , otorgado por la.
  │   International Society for Jazz Arrangers and Composers (ISJAC). de
  │   Estados Unidos y la. University of South Florida. (2024). El. Primer
  │   Premio de Arreglos para Big Band. , concedido por la Fundación SGAE
  │   (2022). El. Segundo Premio en el Concurso Tete Montoliu. (2024), por la
  │   composición. Ool-ya-koo. . Grandes ensembles de referencia en Europa,
  │   como la. Danish Radio Big Band. o la. Bulgarian National Radio Big Band.
  │   , han interpretado música de este álbum. Entre los nuevos compromisos
  │   del proyecto se incluyen actuaciones con la Danish Radio Big Band.
  │   Daahoud Salim ha recibido más de 20 premios nacionales e
  │   internacionales como compositor, pianista y director. Ha actuado en el.
  │   Lincoln Center de Nueva York. y ha colaborado con miembros del
  │   legendario grupo. The Jazz Messengers. . La Clasijazz Big Band, creada
  │   en 2010, ha participado en numerosos proyectos y actuaciones de
  │   reconocido prestigio, trabajando con grandes referentes del jazz y la
  │   música moderna como la ganadora de siete premios Grammy. Maria
  │   Schneider, Hermeto Pascoal. o. Darcy James Argue. , entre otros.',
  │   'others': {'organizer': '__NOT_FOUND__', 'price': 'NIVEL A: 15 EUROS |
  │   NIVEL B: 12 EUROS', 'category': 'Jazz|Música', 'audience_age': 'Todas
  │   las edades'}, 'source': 'AlmeriaCiudad', 'exec_time': '20260401T212403',
  │   'session': '2026_04_01_21_21_Miercoles', 'image':
  │   'https://almeriaciudad.es/uploads/styles/large/public/media/image/cartel
  │   -14-mayo-daahoud-salim---clasijazz-big-band.jpeg?itok=BUKq8i3w', 'url':
  │   'https://almeriaciudad.es//cultura/evento/katanga-daahoud-salim-clasijaz
  │   z-big-band'}
  │   5 / 6
  │   Getting https://almeriaciudad.es//cultura/evento/los-ultimos-comicos
  │   Sleep 4
  │   --------------------
  │   {'id': 'd176f22a', 'show': 1, 'in_city': 1, 'one_day': 1,
  │   'wrong_date_time': 0, 'event': 'Los Últimos Cómicos', 'slug':
  │   'los-ultimos-comicos', 'category': '__NOT_DEFINIED__', 'id_venue':
  │   'tQfq78jF', 'venue': 'Teatro Apolo', 'std_venue': 'Teatro Apolo',
  │   'start_date': '2026-05-09', 'start_time': '20:30:00', 'end_date':
  │   '2026-05-09', 'end_time': '22:00:00', 'description': '42 JORNADAS DE
  │   TEATRO DEL SIGLO DE ORO DE ALMERÍA 2026. Un homenaje a los Cómicos de
  │   la Legua. El espectáculo presenta a tres actores —Catalina, Francisca
  │   y Bartolomé—, últimos miembros de una antigua compañía de corrales
  │   de comedias. Tras muchos viajes y años sobre los caminos, llegan tarde
  │   a un corral lleno de público y se apresuran a preparar la función.
  │   Mientras se organizan, van desvelando poco a poco sus historias:
  │   Catalina es la viuda del dueño de la compañía, Francisca huyó de un
  │   convento para unirse a los comediantes y Bartolomé encontró en el
  │   teatro un refugio contra el hambre. Para ellos, sin embargo, sus vidas
  │   importan menos que las que han vivido en escena: Laurencia en
  │   Fuenteovejuna, Segismundo en La vida es sueño o Melibea en La
  │   Celestina. Los versos de grandes autores del Siglo de Oro dan vida a
  │   esta comedia agridulce que rinde homenaje a aquellos cómicos que,
  │   recorriendo los caminos, llenaban las plazas de teatro, alegría y
  │   vida.', 'others': {'organizer': '__NOT_FOUND__', 'price': 'PRECIO\xa0DE
  │   LAS ENTRADAS:\xa012 EUROS', 'category': 'Teatro', 'audience_age':
  │   '__NOT_FOUND__'}, 'source': 'AlmeriaCiudad', 'exec_time':
  │   '20260401T212403', 'session': '2026_04_01_21_21_Miercoles', 'image':
  │   'https://almeriaciudad.es/uploads/styles/large/public/media/image/los-ul
  │   timos-comicos-2026-def---pata-teatro_page-0001.jpg?itok=eaGe3ehP',
  │   'url': 'https://almeriaciudad.es//cultura/evento/los-ultimos-comicos'}
  │   ****************************
  │   Saving 6 new events
  │   Saving in
  │   /home/ubuntu/data_storage/Almeria/2026_04_01_21_21_Miercoles/0_raw/20260
  │   401_2124_AlmeriaCiudad.json
  │   Saving 6 master url
  │   Appending to /home/ubuntu/data_storage/Almeria/00_master/master_url.json
  └─stderr:
      /usr/local/lib/python3.11/site-packages/urllib3/connectionpool.py:1097:
      InsecureRequestWarning: Unverified HTTPS request is being made to host
      'almeriaciudad.es'. Adding certificate verification is strongly advised.
      See:
      https://urllib3.readthedocs.io/en/latest/advanced-usage.html#tls-warnings
      warnings.warn(
      /usr/local/lib/python3.11/site-packages/urllib3/connectionpool.py:1097:
      InsecureRequestWarning: Unverified HTTPS request is being made to host
      'almeriaciudad.es'. Adding certificate verification is strongly advised.
      See:
      https://urllib3.readthedocs.io/en/latest/advanced-usage.html#tls-warnings
      warnings.warn(
      /usr/local/lib/python3.11/site-packages/urllib3/connectionpool.py:1097:
      InsecureRequestWarning: Unverified HTTPS request is being made to host
      'almeriaciudad.es'. Adding certificate verification is strongly advised.
      See:
      https://urllib3.readthedocs.io/en/latest/advanced-usage.html#tls-warnings
      warnings.warn(
      /usr/local/lib/python3.11/site-packages/urllib3/connectionpool.py:1097:
      InsecureRequestWarning: Unverified HTTPS request is being made to host
      'almeriaciudad.es'. Adding certificate verification is strongly advised.
      See:
      https://urllib3.readthedocs.io/en/latest/advanced-usage.html#tls-warnings
      warnings.warn(
      /usr/local/lib/python3.11/site-packages/urllib3/connectionpool.py:1097:
      InsecureRequestWarning: Unverified HTTPS request is being made to host
      'almeriaciudad.es'. Adding certificate verification is strongly advised.
      See:
      https://urllib3.readthedocs.io/en/latest/advanced-usage.html#tls-warnings
      warnings.warn(
      /usr/local/lib/python3.11/site-packages/urllib3/connectionpool.py:1097:
      InsecureRequestWarning: Unverified HTTPS request is being made to host
      'almeriaciudad.es'. Adding certificate verification is strongly advised.
      See:
      https://urllib3.readthedocs.io/en/latest/advanced-usage.html#tls-warnings
      warnings.warn(

Result: Succeeded

Launching scraper: AlmeriaTurismo
Succeeded - 2026-04-01T21:25:00Z

dag: FisgonTaskSelenium (40.0s)
│
└─tarea_1 (40.0s) [succeeded]
  ├─bash -lc 'set -eo pipefail; export DOCKER_CONFIG=/tmp/.docker HOME=/tmp;
  │   SELENIUM_NAME="selenium_${DAG_RUN_ID:-$$}_$(date +%s)"; cleanup() {
  │   docker rm -f "$SELENIUM_NAME" >/dev/null 2>&1 || true; }; trap cleanup
  │   EXIT; docker run -d --rm --name "$SELENIUM_NAME" --shm-size=2g -e
  │   SE_NODE_MAX_SESSIONS=1 -e SE_NODE_OVERRIDE_MAX_SESSIONS=true
  │   selenium/standalone-chrome:latest >/dev/null; docker exec
  │   "$SELENIUM_NAME" bash -c "for i in \$(seq 1 60); do (echo >
  │   /dev/tcp/127.0.0.1/4444) >/dev/null 2>&1 && exit 0; sleep 1; done; exit
  │   1"; docker run --rm --network container:"$SELENIUM_NAME" -v
  │   /home/ubuntu/work/fisgon:/app -v
  │   /home/ubuntu/data_storage:/home/ubuntu/data_storage -v
  │   /home/ubuntu/work/event_flask_app/static/img:/home/ubuntu/work/event_fla
  │   sk_app/static/img -w /app -e OPERATION=0 -e DOCKER_CONFIG=/tmp/.docker
  │   -e HOME=/tmp -e TARGET_CITY -e TARGET_SCRAPER -e
  │   DAG_RUN_URL="${DAGU_BASE_URL:-}/dags/${DAG_NAME}?dagRunId=${DAG_RUN_ID}"
  │   -e
  │   DAG_RUN_LOG_URL="${DAGU_BASE_URL:-}/dags/${DAG_NAME}/log?remoteNode=loca
  │   l&step=tarea_1&dagRunId=${DAG_RUN_ID}" fisgon_scraper:1.0'
  │
  └─stdout: ... (244 more lines)
      Getting content
      --------------------
      {'id': 'b3ea8eee', 'show': 1, 'in_city': 1, 'one_day': 0,
      'wrong_date_time': 1, 'event': 'Programación Aula Abierta - Centro
      Cultural Fundación Unicaja De Almería', 'slug':
      'programacion-aula-abierta-centro-cultural-fundacion-unicaja-de-almeria',
      'category': '__NOT_DEFINIED__', 'id_venue': 'tf3tGpLL', 'venue': 'Centro
      Cultural Fundación Unicaja de Almería', 'std_venue': 'Centro Fundación
      Unicaja', 'start_date': '2025-11-08', 'start_time': '__NOT_FOUND__',
      'end_date': '2026-05-09', 'end_time': '__NOT_FOUND__', 'description': 'El
      Centro Cultural Fundación Unicaja de Almería presenta la nueva
      programación de su ciclo de talleres ‘Aula Abierta’, ofreciendo una
      variada propuesta de actividades formativas y creativas dirigidas a todas
      las edades.. Desde noviembre de 2025 hasta mayo de 2026, el Centro
      Cultural será un espacio de encuentro y aprendizaje con talleres
      gratuitos.', 'others': {'category': '__NOT_FOUND__', 'hour':
      '__NOT_FOUND__', 'startDate': '2025-11-8', 'endDate': '2026-5-9',
      'duration_days': 182, 'location': 'P.º de Almería, 69, 04001 Almería'},
      'source': 'AlmeriaTurismo', 'exec_time': '20260401T212507', 'session':
      '2026_04_01_21_21_Miercoles', 'image':
      'https://www.turismodealmeria.org/wp-content/uploads/2025/11/programacion-
      aula-abierta.jpg', 'url':
      'https://www.turismodealmeria.org/evento/programacion-aula-abierta-centro-
      cultural-fundacion-unicaja-de-almeria/'}
      --------------------
      {'id': '2ecccf14', 'show': 1, 'in_city': 1, 'one_day': 0,
      'wrong_date_time': 1, 'event': 'Antonio De Torres - Evolución De La
      Guitarra Antes Y Después De Torres, El Stradivarius De La Guitarra',
      'slug':
      'antonio-de-torres-evolucion-de-la-guitarra-antes-y-despues-de-torres-el-s
      tradiva', 'category': '__NOT_DEFINIED__', 'id_venue': 'jPNmRqPG', 'venue':
      'Museo de la Guitarra Antonio de Torres', 'std_venue': 'Museo de la
      Guitarra', 'start_date': '2025-12-16', 'start_time': '__NOT_FOUND__',
      'end_date': '2026-08-25', 'end_time': '__NOT_FOUND__', 'description':
      'Fechas: Del 16 de Diciembre de 2025 al 25 de Agosto de 2026.. Lugar:
      Museo de la Guitarra Española Antonio de Torres.. Dirección: Ronda del
      Beato Diego Ventaja, S.N., 04002 Almería.. Horario (Inverno): Martes a
      Sábado: 10:30h a 13:30h y 17:00h a 20:00h.. Domingos: 10:30h a 13:30h..
      Organiza: Ayuntamiento de Almería, La Voz de Almería, Diputación de
      Almería.', 'others': {'category': '__NOT_FOUND__', 'hour':
      '__NOT_FOUND__', 'startDate': '2025-12-16', 'endDate': '2026-8-25',
      'duration_days': 252, 'location': 'Ronda del Beato diego Ventaja, s/n'},
      'source': 'AlmeriaTurismo', 'exec_time': '20260401T212507', 'session':
      '2026_04_01_21_21_Miercoles', 'image':
      'https://www.turismodealmeria.org/wp-content/uploads/2025/12/antonio-de-to
      rres-evolucion-de-la-guitarra.jpeg', 'url':
      'https://www.turismodealmeria.org/evento/antonio-de-torres-evolucion-de-la
      -guitarra-antes-y-despues-de-torres-el-stradivarius-de-la-guitarra/'}
      --------------------
      {'id': 'd4767748', 'show': 1, 'in_city': 1, 'one_day': 0,
      'wrong_date_time': 0, 'event': 'Club De Lectura Con Raquel Fernández
      Cobo', 'slug': 'club-de-lectura-con-raquel-fernandez-cobo', 'category':
      '__NOT_DEFINIED__', 'id_venue': None, 'venue': 'Bibliotecas Municipales',
      'std_venue': None, 'start_date': '2026-02-20', 'start_time': '17:00:00',
      'end_date': '2026-05-22', 'end_time': '19:00:00', 'description': 'Únete
      al Club de Lectura organizado por la Universidad de Almería. Bajo la
      coordinación de Raquel Fernández Cobo, se abordarán lecturas como
      ‘Ana No’ de Agustín Gómez Arcos, ‘El raro vicio de escribir la
      vida’ de Manuel Rico, ‘La isla de las mujeres del mar’ de Lisa See y
      ‘Alcaravea’ de Irene Reyes-Noguerol. El club se desarrollará del 20
      de febrero al 22 de mayo de 2026, todos los encuentros serán a las 17:00
      h en la Sala de docencia de la Biblioteca Universitaria Nicolás
      Salmerón.', 'others': {'category': 'Universidad de Almería - Biblioteca
      Nicolás Salmerón', 'hour': '__NOT_FOUND__', 'startDate':
      '2026-2-20T17:00+2:00', 'endDate': '2026-5-22T19:00+2:00',
      'duration_days': 91, 'location': 'C/ Arráez n. 16, 04002 ALMERÍA'},
      'source': 'AlmeriaTurismo', 'exec_time': '20260401T212507', 'session':
      '2026_04_01_21_21_Miercoles', 'image':
      'https://www.turismodealmeria.org/wp-content/uploads/2026/02/Club-de-Lectu
      ra-con-Raquel-Fernandez-Cobo.jpg', 'url':
      'https://www.turismodealmeria.org/evento/club-de-lectura-con-raquel-fernan
      dez-cobo/'}
      --------------------
      {'id': '88260c21', 'show': 1, 'in_city': 1, 'one_day': 0,
      'wrong_date_time': 0, 'event': 'Misión Andalucía', 'slug':
      'mision-andalucia', 'category': '__NOT_DEFINIED__', 'id_venue':
      'DDDLJ7pm', 'venue': 'Centro Andaluz de la Fotografía', 'std_venue':
      'Centro Andaluz de la Fotografía', 'start_date': '2026-02-21',
      'start_time': '20:00:00', 'end_date': '2026-05-24', 'end_time':
      '20:00:00', 'description': 'Exposición fotográfica ‘Misión
      Andalucía’ en el Centro Andaluz de la Fotografía en Almería.
      Inauguración el 20 de febrero a las 20:00 horas, con la participación de
      María Clauss, Santi Donaire, Manolo Espaliú, Susana Girón, David
      Jiménez, Laura León, Pablo López, Julián Ochoa. In memoriam María
      Clauss.', 'others': {'category': 'Exposición Fotográfica', 'hour':
      '__NOT_FOUND__', 'startDate': '2026-2-21T20:00+2:00', 'endDate':
      '2026-5-24T20:00+2:00', 'duration_days': 92, 'location': 'Calle Pintor
      Díaz Molina, s/n.04002'}, 'source': 'AlmeriaTurismo', 'exec_time':
      '20260401T212507', 'session': '2026_04_01_21_21_Miercoles', 'image':
      'https://www.turismodealmeria.org/wp-content/uploads/2026/02/Mision-Andalu
      cia.jpg', 'url':
      'https://www.turismodealmeria.org/evento/mision-andalucia/'}
      --------------------
      {'id': 'ee3be7f4', 'show': 1, 'in_city': 1, 'one_day': 0,
      'wrong_date_time': 1, 'event': 'Exposición "De Lo Terrenal a Lo Divino"',
      'slug': 'exposicion-de-lo-terrenal-a-lo-divino', 'category':
      '__NOT_DEFINIED__', 'id_venue': 'mLbRBN6h', 'venue': 'Museo de Arte Doña
      Pakyta', 'std_venue': 'Museo de Arte Doña Pakyta', 'start_date':
      '2026-03-26', 'start_time': '__NOT_FOUND__', 'end_date': '2026-05-18',
      'end_time': '__NOT_FOUND__', 'description': 'El Museo de Arte de Almería
      Doña Pakyta acoge el próximo Jueves 26 de marzo la exposición ‘De lo
      Terrenal a lo Divino’, una muestra que ha llegado a este espacio
      museístico precisamente en los días previos de la celebración de la
      Semana Santa.', 'others': {'category': 'EXPOSICIÓN PINTURA Y ESCULTURA',
      'hour': '__NOT_FOUND__', 'startDate': '2026-3-26', 'endDate': '2026-5-18',
      'duration_days': 53, 'location': 'Plaza de Emilio Pérez, 1, 04001'},
      'source': 'AlmeriaTurismo', 'exec_time': '20260401T212507', 'session':
      '2026_04_01_21_21_Miercoles', 'image':
      'https://www.turismodealmeria.org/wp-content/uploads/2026/03/de-lo-terrena
      l.jpg', 'url':
      'https://www.turismodealmeria.org/evento/exposicion-de-lo-terrenal-a-lo-di
      vino/'}
      --------------------
      {'id': 'f44f1281', 'show': 1, 'in_city': 1, 'one_day': 0,
      'wrong_date_time': 1, 'event': "Obra Invitada 'Amparo'", 'slug':
      'obra-invitada-amparo', 'category': '__NOT_DEFINIED__', 'id_venue':
      'mLbRBN6h', 'venue': 'Museo de Arte Doña Pakyta', 'std_venue': 'Museo de
      Arte Doña Pakyta', 'start_date': '2026-03-27', 'start_time':
      '__NOT_FOUND__', 'end_date': '2026-05-17', 'end_time': '__NOT_FOUND__',
      'description': 'Hasta el 17 de mayo. 10:30 a 13:30. 17:00 a 20:00',
      'others': {'category': '__NOT_FOUND__', 'hour': '__NOT_FOUND__',
      'startDate': '2026-3-27', 'endDate': '2026-5-17', 'duration_days': 51,
      'location': 'Plaza de Emilio Pérez, 1, 04001'}, 'source':
      'AlmeriaTurismo', 'exec_time': '20260401T212507', 'session':
      '2026_04_01_21_21_Miercoles', 'image':
      'https://www.turismodealmeria.org/wp-content/uploads/2026/03/obra-invitada
      -amparo.jpg', 'url':
      'https://www.turismodealmeria.org/evento/obra-invitada-amparo/'}
      --------------------
      {'id': '264c0ce2', 'show': 1, 'in_city': 1, 'one_day': 0,
      'wrong_date_time': 1, 'event': 'Solazo Fest 2026', 'slug':
      'solazo-fest-2026', 'category': '__NOT_DEFINIED__', 'id_venue': None,
      'venue': 'Cooltural', 'std_venue': None, 'start_date': '2026-05-01',
      'start_time': '__NOT_FOUND__', 'end_date': '2026-05-03', 'end_time':
      '__NOT_FOUND__', 'description': '¡El festival de la primavera de
      Almería! Ven y disfruta del Solazo Fest en el Recinto del Ferial de
      Almería del 1 al 3 de mayo de 2026.', 'others': {'category': 'Recinto del
      Ferial de Almería', 'hour': '__NOT_FOUND__', 'startDate': '2026-5-1',
      'endDate': '2026-5-3', 'duration_days': 2, 'location': 'Recinto Ferial de
      Almería, 04007 Almería'}, 'source': 'AlmeriaTurismo', 'exec_time':
      '20260401T212507', 'session': '2026_04_01_21_21_Miercoles', 'image':
      'https://www.turismodealmeria.org/wp-content/uploads/2026/03/Solazo-Fest-2
      026.jpg', 'url':
      'https://www.turismodealmeria.org/evento/solazo-fest-2026/'}
      --------------------
      {'id': '8e7e2b3a', 'show': 1, 'in_city': 1, 'one_day': 1,
      'wrong_date_time': 0, 'event': 'Marta Sánchez - Gira 40 Años', 'slug':
      'marta-sanchez-gira-40-anos', 'category': '__NOT_DEFINIED__', 'id_venue':
      None, 'venue': 'Almería', 'std_venue': None, 'start_date': '2026-05-01',
      'start_time': '20:00:00', 'end_date': '2026-05-01', 'end_time':
      '22:00:00', 'description': 'Concierto de Marta Sánchez celebrando 40
      años de carrera en Almería.', 'others': {'category': '1985 / GIRA 40
      AÑOS / 2025', 'hour': '__NOT_FOUND__', 'startDate':
      '2026-5-1T20:00+2:00', 'endDate': '2026-5-1T22:00+2:00', 'duration_days':
      0, 'location': 'Calle Tarragona 2'}, 'source': 'AlmeriaTurismo',
      'exec_time': '20260401T212507', 'session': '2026_04_01_21_21_Miercoles',
      'image':
      'https://www.turismodealmeria.org/wp-content/uploads/2026/03/Marta-Sanchez
      -Gira-40-Anos.jpg', 'url':
      'https://www.turismodealmeria.org/evento/marta-sanchez-gira-40-anos/'}
      --------------------
      {'id': 'a5a306ba', 'show': 1, 'in_city': 1, 'one_day': 1,
      'wrong_date_time': 0, 'event': 'Armas, Gérmenes Y Acero - Club De Lectura
      Científica', 'slug': 'armas-germenes-y-acero-club-de-lectura-cientifica',
      'category': '__NOT_DEFINIED__', 'id_venue': None, 'venue': 'Pabellón de
      Historia Natural, PHN', 'std_venue': None, 'start_date': '2026-05-05',
      'start_time': '16:00:00', 'end_date': '2026-05-05', 'end_time':
      '18:00:00', 'description': 'El evento ‘Armas, gérmenes y acero’ es un
      club de lectura científica donde se profundizará en el impacto de las
      armas, enfermedades y tecnología en el desarrollo de las sociedades.
      Coordinan Juan Mota y Eduardo Gallego.', 'others': {'category': 'Club de
      lectura científica', 'hour': '__NOT_FOUND__', 'startDate':
      '2026-5-5T16:00+2:00', 'endDate': '2026-5-5T18:00+2:00', 'duration_days':
      0, 'location': 'Universidad de Almería, 04120 Almería'}, 'source':
      'AlmeriaTurismo', 'exec_time': '20260401T212507', 'session':
      '2026_04_01_21_21_Miercoles', 'image':
      'https://www.turismodealmeria.org/wp-content/uploads/2026/03/Armas-germene
      s-y-acero-Club-de-lectura-cientifica.png', 'url':
      'https://www.turismodealmeria.org/evento/armas-germenes-y-acero-club-de-le
      ctura-cientifica/var/ri-2.l-L1'}
      --------------------
      {'id': 'd43b0ce9', 'show': 1, 'in_city': 1, 'one_day': 0,
      'wrong_date_time': 1, 'event': 'El Circo De La Luz', 'slug':
      'el-circo-de-la-luz', 'category': '__NOT_DEFINIED__', 'id_venue': None,
      'venue': 'Coolfest', 'std_venue': None, 'start_date': '2026-05-08',
      'start_time': '__NOT_FOUND__', 'end_date': '2026-05-17', 'end_time':
      '__NOT_FOUND__', 'description': 'Disfruta de un espectáculo fascinante
      presentado por Circo Alegría. Sumérgete en un mundo mágico donde los
      sueños se iluminan y la emoción brilla bajo la gran carpa en el Recinto
      Ferial de Almería. Este show innovador promete revolucionar el circo con
      una deslumbrante exhibición visual.', 'others': {'category': 'El show que
      ilumina el mundo y revoluciona el circo', 'hour': '__NOT_FOUND__',
      'startDate': '2026-5-8', 'endDate': '2026-5-17', 'duration_days': 9,
      'location': 'Recinto Ferial de Almería, 04007 Almería'}, 'source':
      'AlmeriaTurismo', 'exec_time': '20260401T212507', 'session':
      '2026_04_01_21_21_Miercoles', 'image':
      'https://www.turismodealmeria.org/wp-content/uploads/2026/03/El-Circo-de-l
      a-Luz.jpg', 'url':
      'https://www.turismodealmeria.org/evento/el-circo-de-la-luz/'}
      --------------------
      {'id': '372ea06a', 'show': 1, 'in_city': 1, 'one_day': 1,
      'wrong_date_time': 0, 'event': 'Lorna 2026', 'slug': 'lorna-2026',
      'category': '__NOT_DEFINIED__', 'id_venue': 'NmPqTrh6', 'venue': 'Berlin
      Social Club', 'std_venue': 'Berlin Social Club', 'start_date':
      '2026-05-09', 'start_time': '20:30:00', 'end_date': '2026-05-09',
      'end_time': '23:00:00', 'description': 'Evento en Berlin Social Club,
      Almería el 9 de mayo.', 'others': {'category': 'Actuación en Berlin
      Social Club', 'hour': '__NOT_FOUND__', 'startDate': '2026-5-9T20:30+2:00',
      'endDate': '2026-5-9T23:00+2:00', 'duration_days': 0, 'location': 'Parque
      de Nicolás Salmerón, 9, Bajo 2, 04001 Almería'}, 'source':
      'AlmeriaTurismo', 'exec_time': '20260401T212507', 'session':
      '2026_04_01_21_21_Miercoles', 'image':
      'https://www.turismodealmeria.org/wp-content/uploads/2026/03/Zorna-2026.jp
      g', 'url': 'https://www.turismodealmeria.org/evento/lorna-2026/'}
      --------------------
      {'id': 'f6b5e7c2', 'show': 1, 'in_city': 1, 'one_day': 1,
      'wrong_date_time': 0, 'event': 'Estopatí - Tributo a Estopa', 'slug':
      'estopati-tributo-a-estopa', 'category': '__NOT_DEFINIED__', 'id_venue':
      'NmPqTrh6', 'venue': 'Berlin Social Club', 'std_venue': 'Berlin Social
      Club', 'start_date': '2026-05-15', 'start_time': '20:30:00', 'end_date':
      '2026-05-15', 'end_time': '23:00:00', 'description': 'Tributo al famoso
      grupo Estopa en Almería, no te lo pierdas el 15 de mayo.', 'others':
      {'category': 'Tributazo a Estopa', 'hour': '__NOT_FOUND__', 'startDate':
      '2026-5-15T20:30+2:00', 'endDate': '2026-5-15T23:00+2:00',
      'duration_days': 0, 'location': 'Parque de Nicolás Salmerón, 9, Bajo 2,
      04001 Almería'}, 'source': 'AlmeriaTurismo', 'exec_time':
      '20260401T212507', 'session': '2026_04_01_21_21_Miercoles', 'image':
      'https://www.turismodealmeria.org/wp-content/uploads/2026/03/Estopati-Trib
      uto-a-Estopa.jpg', 'url':
      'https://www.turismodealmeria.org/evento/estopati-tributo-a-estopa/'}
      --------------------
      {'id': 'd7ff5ec1', 'show': 1, 'in_city': 1, 'one_day': 1,
      'wrong_date_time': 0, 'event': 'Dos Hombres Solos Sin Punto Com Ni Ná',
      'slug': 'dos-hombres-solos-sin-punto-com-ni-na', 'category':
      '__NOT_DEFINIED__', 'id_venue': 'DgpfFbPt', 'venue': 'Teatro Cervantes',
      'std_venue': 'Teatro Cervantes', 'start_date': '2026-05-15', 'start_time':
      '21:00:00', 'end_date': '2026-05-15', 'end_time': '23:00:00',
      'description': 'El próximo 15 de mayo a las 21:00 h en el Teatro
      Cervantes de Almería no te pierdas la comedia ‘Dos hombres solos sin
      punto com ni ná’, con Manolo Medina y David Caballero. Un espectáculo
      recomendado para mayores de 13 años, dentro de la gira 2026 celebrando
      los 30 años de esta hilarante propuesta.', 'others': {'category': 'Teatro
      Cervantes, Almería', 'hour': '__NOT_FOUND__', 'startDate':
      '2026-5-15T21:00+2:00', 'endDate': '2026-5-15T23:00+2:00',
      'duration_days': 0, 'location': 'Calle Poeta Villaespesa, 1, 04001
      Almería'}, 'source': 'AlmeriaTurismo', 'exec_time': '20260401T212507',
      'session': '2026_04_01_21_21_Miercoles', 'image':
      'https://www.turismodealmeria.org/wp-content/uploads/2026/02/WhatsApp-Imag
      e-2026-02-08-at-10.02.49.jpeg', 'url':
      'https://www.turismodealmeria.org/evento/dos-hombres-solos-sin-punto-com-n
      i-na/'}
      --------------------
      {'id': '8a9bf74f', 'show': 1, 'in_city': 1, 'one_day': 1,
      'wrong_date_time': 0, 'event': 'Actualidad Astronómica Con Jorge
      Iglesias', 'slug': 'actualidad-astronomica-con-jorge-iglesias',
      'category': '__NOT_DEFINIED__', 'id_venue': '8g4nLPqF', 'venue':
      'Universidad de Almería (UAL)', 'std_venue': 'Paraninfo de la Universidad
      de Almería', 'start_date': '2026-05-21', 'start_time': '12:00:00',
      'end_date': '2026-05-21', 'end_time': '13:30:00', 'description': 'El ciclo
      de tertulias sobre astronomía vuelve este año con Jorge Iglesias, quien
      presentará y debatirá sobre las novedades más importantes en el ámbito
      astronómico. Las sesiones se llevarán a cabo en el Edificio de
      Psicología, Sala de Grados, a las 12:00h. Fechas: 19 de febrero, 19 de
      marzo, 23 de abril y 21 de mayo.', 'others': {'category': 'Edificio de
      Psicología, Sala de Grados, Universidad de Almería', 'hour':
      '__NOT_FOUND__', 'startDate': '2026-5-21T12:00+2:00', 'endDate':
      '2026-5-21T13:30+2:00', 'duration_days': 0, 'location': 'Carr. Sacramento,
      s/n, 04120 La Cañada, Almería'}, 'source': 'AlmeriaTurismo',
      'exec_time': '20260401T212507', 'session': '2026_04_01_21_21_Miercoles',
      'image':
      'https://www.turismodealmeria.org/wp-content/uploads/2026/02/Actualidad-as
      tronomica-con-Jorge-Iglesias.jpg', 'url':
      'https://www.turismodealmeria.org/evento/actualidad-astronomica-con-jorge-
      iglesias/var/ri-3.l-L1'}
      --------------------
      {'id': 'd551f74c', 'show': 1, 'in_city': 1, 'one_day': 1,
      'wrong_date_time': 0, 'event': 'Una Suela Sin Zapato. Beatriz', 'slug':
      'una-suela-sin-zapato-beatriz', 'category': '__NOT_DEFINIED__',
      'id_venue': 'TjmFnJdD', 'venue': 'Biblioteca Pública Francisco
      Villaespesa', 'std_venue': 'Biblioteca Pública Francisco Villaespesa',
      'start_date': '2026-05-22', 'start_time': '17:00:00', 'end_date':
      '2026-05-22', 'end_time': '19:00:00', 'description': 'Presentación del
      libro ‘Una Suela Sin Zapato. Beatriz’ de Eloy Cubillo. La cita es el
      viernes 22 de mayo a las 18:00 en la Biblioteca Pública Francisco
      Villaespesa de Almería.', 'others': {'category': 'Presentación de
      libro', 'hour': '__NOT_FOUND__', 'startDate': '2026-5-22T17:00+2:00',
      'endDate': '2026-5-22T19:00+2:00', 'duration_days': 0, 'location': 'C.
      Hermanos Machado, s/n, 04004 Almería'}, 'source': 'AlmeriaTurismo',
      'exec_time': '20260401T212507', 'session': '2026_04_01_21_21_Miercoles',
      'image':
      'https://www.turismodealmeria.org/wp-content/uploads/2026/03/Una-Suela-Sin
      -Zapato.-Beatriz.jpg', 'url':
      'https://www.turismodealmeria.org/evento/una-suela-sin-zapato-beatriz/'}
      --------------------
      {'id': '09a72ddd', 'show': 1, 'in_city': 1, 'one_day': 1,
      'wrong_date_time': 0, 'event': 'Luar:Na:Lubre - Lubre: 40 Aniversario',
      'slug': 'luar-na-lubre-lubre-40-aniversario', 'category':
      '__NOT_DEFINIED__', 'id_venue': 'DgpfFbPt', 'venue': 'Teatro Cervantes',
      'std_venue': 'Teatro Cervantes', 'start_date': '2026-05-22', 'start_time':
      '20:00:00', 'end_date': '2026-05-22', 'end_time': '22:00:00',
      'description': 'El grupo Luar:Na:Lubre celebra su 40 aniversario con un
      concierto en el Teatro Cervantes de Almería el viernes 22 de mayo a las
      20:00. Disfruta de un viaje musical único con entradas anticipadas a
      20€ y en taquilla a 25€.', 'others': {'category': 'Xira Lubre: 40
      Aniversario', 'hour': '__NOT_FOUND__', 'startDate':
      '2026-5-22T20:00+2:00', 'endDate': '2026-5-22T22:00+2:00',
      'duration_days': 0, 'location': 'Calle Poeta Villaespesa, 1, 04001
      Almería'}, 'source': 'AlmeriaTurismo', 'exec_time': '20260401T212507',
      'session': '2026_04_01_21_21_Miercoles', 'image':
      'https://www.turismodealmeria.org/wp-content/uploads/2026/03/LuarNaLubre-L
      ubre-40-Aniversario.jpg', 'url':
      'https://www.turismodealmeria.org/evento/luarnalubre-lubre-40-aniversario/
      '}
      --------------------
      {'id': '36870352', 'show': 1, 'in_city': 1, 'one_day': 1,
      'wrong_date_time': 0, 'event': 'Concierto Homenaje a Las Grandes Bandas De
      Los 80', 'slug': 'concierto-homenaje-a-las-grandes-bandas-de-los-80',
      'category': '__NOT_DEFINIED__', 'id_venue': 'NmPqTrh6', 'venue': 'Berlin
      Social Club', 'std_venue': 'Berlin Social Club', 'start_date':
      '2026-05-22', 'start_time': '21:30:00', 'end_date': '2026-05-22',
      'end_time': '23:00:00', 'description': 'Un emocionante tributo a las
      legendarias bandas Radio Futura, El Último de la Fila y Héroes del
      Silencio. Disfruta de los grandes éxitos de los 80 en una noche
      inolvidable.', 'others': {'category': 'Concierto Tributo a Bandas
      Legendarias', 'hour': '__NOT_FOUND__', 'startDate':
      '2026-5-22T21:30+2:00', 'endDate': '2026-5-22T23:00+2:00',
      'duration_days': 0, 'location': 'Parque de Nicolás Salmerón, 9, Bajo 2,
      04001 Almería'}, 'source': 'AlmeriaTurismo', 'exec_time':
      '20260401T212507', 'session': '2026_04_01_21_21_Miercoles', 'image':
      'https://www.turismodealmeria.org/wp-content/uploads/2026/03/Concierto-Hom
      enaje-a-las-Grandes-Bandas-de-los-80.jpg', 'url':
      'https://www.turismodealmeria.org/evento/concierto-homenaje-a-las-grandes-
      bandas-de-los-80/'}
      --------------------
      {'id': 'c6af5664', 'show': 1, 'in_city': 1, 'one_day': 1,
      'wrong_date_time': 0, 'event': 'La Vida Resuelta', 'slug':
      'la-vida-resuelta', 'category': '__NOT_DEFINIED__', 'id_venue':
      'DgpfFbPt', 'venue': 'Teatro Cervantes', 'std_venue': 'Teatro Cervantes',
      'start_date': '2026-05-23', 'start_time': '20:00:00', 'end_date':
      '2026-05-23', 'end_time': '22:00:00', 'description': 'Venus en Escena
      presenta ‘La Vida Resuelta’, una comedia de Marta Sánchez y David S.
      Olivas, dirigida por Abel Pons. Con las actuaciones de Abel Pons, Valeria
      Roberts, Ángela Felices, Matías Ruiz Alonso, y Nuria Goman.', 'others':
      {'category': 'Teatro Cervantes, Almería', 'hour': '__NOT_FOUND__',
      'startDate': '2026-5-23T20:00+2:00', 'endDate': '2026-5-23T22:00+2:00',
      'duration_days': 0, 'location': 'Calle Poeta Villaespesa, 1, 04001
      Almería'}, 'source': 'AlmeriaTurismo', 'exec_time': '20260401T212507',
      'session': '2026_04_01_21_21_Miercoles', 'image':
      'https://www.turismodealmeria.org/wp-content/uploads/2026/03/La-Vida-Resue
      lta.jpg', 'url':
      'https://www.turismodealmeria.org/evento/la-vida-resuelta/'}
      --------------------
      {'id': '2ef4be90', 'show': 1, 'in_city': 1, 'one_day': 1,
      'wrong_date_time': 0, 'event': 'Cuervo Blanco Fest II', 'slug':
      'cuervo-blanco-fest-ii', 'category': '__NOT_DEFINIED__', 'id_venue':
      'NmPqTrh6', 'venue': 'Berlin Social Club', 'std_venue': 'Berlin Social
      Club', 'start_date': '2026-05-23', 'start_time': '20:00:00', 'end_date':
      '2026-05-23', 'end_time': '23:00:00', 'description': '¡No te pierdas el
      Cuervo Blanco Fest II el próximo 23 de mayo en Berlin Social Club!
      Disfruta del mejor tributo en España a System of a Down con la banda
      Armenian. Apertura de puertas a las 20:00 y comienzo del festival a las
      21:00.', 'others': {'category': 'Mejor tributo de España a System of a
      Down', 'hour': '__NOT_FOUND__', 'startDate': '2026-5-23T20:00+2:00',
      'endDate': '2026-5-23T23:00+2:00', 'duration_days': 0, 'location': 'Parque
      de Nicolás Salmerón, 9, Bajo 2, 04001 Almería'}, 'source':
      'AlmeriaTurismo', 'exec_time': '20260401T212507', 'session':
      '2026_04_01_21_21_Miercoles', 'image':
      'https://www.turismodealmeria.org/wp-content/uploads/2026/03/Cuervo-Blanco
      -Fest-II.jpg', 'url':
      'https://www.turismodealmeria.org/evento/cuervo-blanco-fest-ii/'}
      --------------------
      {'id': '0f9661a7', 'show': 1, 'in_city': 1, 'one_day': 1,
      'wrong_date_time': 0, 'event': 'Paula Koops - Los Lugares Donde No Pudimos
      Ir Tour', 'slug': 'paula-koops-los-lugares-donde-no-pudimos-ir-tour',
      'category': '__NOT_DEFINIED__', 'id_venue': 'NmPqTrh6', 'venue': 'Berlin
      Social Club', 'std_venue': 'Berlin Social Club', 'start_date':
      '2026-05-29', 'start_time': '21:00:00', 'end_date': '2026-05-29',
      'end_time': '23:00:00', 'description': 'El tour ‘Los Lugares Donde No
      Pudimos Ir’ de Paula Koops llega a Almería el próximo 29 de mayo en la
      Sala Berlin. La apertura de puertas será a las 21:00 y el show comenzará
      a las 22:00.', 'others': {'category': 'Los Lugares Donde No Pudimos Ir
      Tour', 'hour': '(Viernes) 21:00 pm - 23:00 pm', 'startDate':
      '2026-5-29T21:00+2:00', 'endDate': '2026-5-29T23:00+2:00',
      'duration_days': 0, 'location': 'Parque de Nicolás Salmerón, 9, Bajo 2,
      04001 Almería'}, 'source': 'AlmeriaTurismo', 'exec_time':
      '20260401T212507', 'session': '2026_04_01_21_21_Miercoles', 'image':
      'https://www.turismodealmeria.org/wp-content/uploads/2026/03/Paula-Koops-L
      os-Lugares-Donde-No-Pudimos-Ir-Tour.jpg', 'url':
      'https://www.turismodealmeria.org/evento/paula-koops-los-lugares-donde-no-
      pudimos-ir-tour/'}
      --------------------
      {'id': '468f8218', 'show': 1, 'in_city': 1, 'one_day': 1,
      'wrong_date_time': 0, 'event': 'El Raro De Los 90s - David Domínguez',
      'slug': 'el-raro-de-los-90s-david-dominguez', 'category':
      '__NOT_DEFINIED__', 'id_venue': 'DgpfFbPt', 'venue': 'Teatro Cervantes',
      'std_venue': 'Teatro Cervantes', 'start_date': '2026-05-31', 'start_time':
      '18:00:00', 'end_date': '2026-05-31', 'end_time': '19:00:00',
      'description': 'Show de comedia con David Domínguez que te lleva de
      vuelta a los años 90, combinando humor nostálgico con referencias a la
      cultura pop. No te pierdas esta oportunidad de revivir los 90s en el
      Teatro Cervantes de Almería.', 'others': {'category': 'Desde la Gran Vía
      de Madrid', 'hour': '__NOT_FOUND__', 'startDate': '2026-5-31T18:00+2:00',
      'endDate': '2026-5-31T19:00+2:00', 'duration_days': 0, 'location': 'Calle
      Poeta Villaespesa, 1, 04001 Almería'}, 'source': 'AlmeriaTurismo',
      'exec_time': '20260401T212507', 'session': '2026_04_01_21_21_Miercoles',
      'image':
      'https://www.turismodealmeria.org/wp-content/uploads/2026/03/El-Raro-de-lo
      s-90s-David-Dominguez.jpg', 'url':
      'https://www.turismodealmeria.org/evento/el-raro-de-los-90s-david-domingue
      z/'}
      Checking unique event url.
      New url events = 22
      ****************************
      Saving 22 new events
      Saving in
      /home/ubuntu/data_storage/Almeria/2026_04_01_21_21_Miercoles/0_raw/2026040
      1_2125_AlmeriaTurismo.json
      Saving 22 master url
      Appending to  /home/ubuntu/data_storage/Almeria/00_master/master_url.json

Result: Succeeded

Launching scraper: JuntaAndaluciaAgenda
Succeeded - 2026-04-01T21:25:40Z

dag: FisgonTaskSelenium (1m 36s)
│
└─tarea_1 (1m 36s) [succeeded]
  ├─bash -lc 'set -eo pipefail; export DOCKER_CONFIG=/tmp/.docker HOME=/tmp;
  │   SELENIUM_NAME="selenium_${DAG_RUN_ID:-$$}_$(date +%s)"; cleanup() {
  │   docker rm -f "$SELENIUM_NAME" >/dev/null 2>&1 || true; }; trap cleanup
  │   EXIT; docker run -d --rm --name "$SELENIUM_NAME" --shm-size=2g -e
  │   SE_NODE_MAX_SESSIONS=1 -e SE_NODE_OVERRIDE_MAX_SESSIONS=true
  │   selenium/standalone-chrome:latest >/dev/null; docker exec
  │   "$SELENIUM_NAME" bash -c "for i in \$(seq 1 60); do (echo >
  │   /dev/tcp/127.0.0.1/4444) >/dev/null 2>&1 && exit 0; sleep 1; done; exit
  │   1"; docker run --rm --network container:"$SELENIUM_NAME" -v
  │   /home/ubuntu/work/fisgon:/app -v
  │   /home/ubuntu/data_storage:/home/ubuntu/data_storage -v
  │   /home/ubuntu/work/event_flask_app/static/img:/home/ubuntu/work/event_fla
  │   sk_app/static/img -w /app -e OPERATION=0 -e DOCKER_CONFIG=/tmp/.docker
  │   -e HOME=/tmp -e TARGET_CITY -e TARGET_SCRAPER -e
  │   DAG_RUN_URL="${DAGU_BASE_URL:-}/dags/${DAG_NAME}?dagRunId=${DAG_RUN_ID}"
  │   -e
  │   DAG_RUN_LOG_URL="${DAGU_BASE_URL:-}/dags/${DAG_NAME}/log?remoteNode=loca
  │   l&step=tarea_1&dagRunId=${DAG_RUN_ID}" fisgon_scraper:1.0'
  │
  ├─stdout: ... (42 more lines)
  │   clicking
  │   sleeping 3
  │   Scrolling...
  │   sleeping 1
  │   sleeping 7
  │   ******
  │   css selector
  │   .view-display-id-page_search_activities > ul:nth-child(3) >
  │   li:nth-child(1) > a:nth-child(1)
  │   clicking
  │   sleeping 3
  │   Scrolling...
  │   sleeping 1
  │   sleeping 7
  │   ******
  │   css selector
  │   .view-display-id-page_search_activities > ul:nth-child(3) >
  │   li:nth-child(1) > a:nth-child(1)
  │   .view-display-id-page_search_activities > ul:nth-child(3) >
  │   li:nth-child(1) > a:nth-child(1) Not found
  │   Getting content
  │   *** SCRAPED 73 URLS WITH EVENTS **
  │   New url events = 5
  │   0 / 5
  │   Getting
  │   https://www.juntadeandalucia.es/cultura/agendaculturaldeandalucia/evento
  │   /crece-con-la-villaespesa-taller-la-biologia-en-el-espacio-como-son-los-
  │   aliens-con
  │   Sleep 4
  │   --------------------
  │   {'id': 'db12c4e4', 'show': 1, 'in_city': 1, 'one_day': 1,
  │   'wrong_date_time': 0, 'event': 'Crece Con La Villaespesa. Taller "La
  │   Biología en El Espacio: ¿Cómo Son Los Aliens?", Con Aulasputnik',
  │   'slug':
  │   'crece-con-la-villaespesa-taller-la-biologia-en-el-espacio-como-son-los-
  │   aliens-co', 'category': '__NOT_DEFINIED__', 'id_venue': 'TjmFnJdD',
  │   'venue': 'Biblioteca Pública del Estado-Biblioteca Provincial de
  │   Almería Francisco Villaespesa', 'std_venue': 'Biblioteca Pública
  │   Francisco Villaespesa', 'start_date': '2026-04-10', 'start_time':
  │   '09:30:00', 'end_date': '2026-04-10', 'end_time': '__NOT_DEFINIED__',
  │   'description': 'Crece con la Villaespesa. Taller "La biología en el
  │   espacio: ¿Cómo son los aliens?", con Aulasputnik El objetivo principal
  │   de esta actividad es explorar la astrobiología y comprender cómo
  │   podría ser la vida en otros planetas en función de su entorno. A
  │   través de una introducción teórica y una actividad práctica, los
  │   participantes descubrirán los conceptos clave de la búsqueda de vida
  │   extraterrestre y cómo las condiciones ambientales determinan la
  │   evolución de los seres vivos. El taller combina explicaciones
  │   interactivas sobre cómo buscamos vida fuera de la Tierra y cómo se
  │   representan los alienígenas en la cultura popular, con una dinámica
  │   práctica en la que los alumnos trabajarán en grupos para imaginar y
  │   diseñar un ser alienígena basado en las características de un planeta
  │   ficticio. Esta estructura permite adaptarse a diferentes niveles
  │   educativos, fomentando el pensamiento crítico, la creatividad y el
  │   trabajo en equipo. Viernes 13 de marzo 9:30h. Sala de exposiciones.
  │   Actividad concertada con centros educativos.', 'others':
  │   {'location_url':
  │   '/cultura/agendaculturaldeandalucia/espacios/biblioteca-publica-del-esta
  │   do-biblioteca-provincial-de-almeria-francisco-villaespesa', 'location2':
  │   'Biblioteca Pública del Estado-Biblioteca Provincial de Almería
  │   Francisco Villaespesa', 'duration': '__NOT_FOUND__', 'datetime_details':
  │   '10 de Abril del 2026, 9:30 h.', 'town': '__NOT_FOUND__', 'location':
  │   'Calle Hermanos Machado, s/n, Almería. Almería', 'duration_days':
  │   '__NOT_FOUND__'}, 'source': 'JuntaAndaluciaAgenda', 'exec_time':
  │   '20260401T212545', 'session': '2026_04_01_21_21_Miercoles', 'image':
  │   'https://www.juntadeandalucia.es/cultura/agendaculturaldeandalucia/sites
  │   /default/files/styles/header_activity_ext_2xl/public/2026-04/CARTEL_0.pn
  │   g.webp?itok=t2Oo5yfb', 'url':
  │   'https://www.juntadeandalucia.es/cultura/agendaculturaldeandalucia/event
  │   o/crece-con-la-villaespesa-taller-la-biologia-en-el-espacio-como-son-los
  │   -aliens-con'}
  │   1 / 5
  │   Getting
  │   https://www.juntadeandalucia.es/cultura/agendaculturaldeandalucia/evento
  │   /conferencia-nutricion-y-habitos-saludables-en-procesos-oncologicos-de-l
  │   a-doctora-odile
  │   Sleep 4
  │   --------------------
  │   {'id': '251d45e8', 'show': 1, 'in_city': 1, 'one_day': 1,
  │   'wrong_date_time': 0, 'event': 'Conferencia "Nutrición Y Hábitos
  │   Saludables en Procesos Oncológicos" De La Doctora Odile Fernández Con
  │   Proyecto Mariposa', 'slug':
  │   'conferencia-nutricion-y-habitos-saludables-en-procesos-oncologicos-de-l
  │   a-doctora', 'category': '__NOT_DEFINIED__', 'id_venue': 'TjmFnJdD',
  │   'venue': 'Biblioteca Pública del Estado-Biblioteca Provincial de
  │   Almería Francisco Villaespesa', 'std_venue': 'Biblioteca Pública
  │   Francisco Villaespesa', 'start_date': '2026-04-09', 'start_time':
  │   '18:00:00', 'end_date': '2026-04-09', 'end_time': '__NOT_DEFINIED__',
  │   'description': 'Conferencia "Nutrición y hábitos saludables en
  │   procesos oncológicos" de la Doctora Odile Fernández con Proyecto
  │   Mariposa. La doctora Odile Fernández es reconocida internacionalmente
  │   como experta en hábitos nutricionales y de vida, que afectan a la salud
  │   de la población y con especial afectación en la generación de
  │   procesos oncológicos. Nuestra Asociación como entidad cuyo fin es la
  │   ayuda, información y acompañamiento en terapias complementarias al
  │   tratamiento del cáncer, contamos con el Doctora Fernández para
  │   informar y dar a conocer hábitos saludables para tratamiento y
  │   prevención del cáncer. Jueves 9 de abril 18:00h. Salón de actos.
  │   Entrada libre hasta completar aforo (200 personas).', 'others':
  │   {'location_url':
  │   '/cultura/agendaculturaldeandalucia/espacios/biblioteca-publica-del-esta
  │   do-biblioteca-provincial-de-almeria-francisco-villaespesa', 'location2':
  │   'Biblioteca Pública del Estado-Biblioteca Provincial de Almería
  │   Francisco Villaespesa', 'duration': '__NOT_FOUND__', 'datetime_details':
  │   '09 de Abril del 2026, 18:00 h.', 'town': '__NOT_FOUND__', 'location':
  │   'Calle Hermanos Machado, s/n, Almería. Almería', 'duration_days':
  │   '__NOT_FOUND__'}, 'source': 'JuntaAndaluciaAgenda', 'exec_time':
  │   '20260401T212545', 'session': '2026_04_01_21_21_Miercoles', 'image':
  │   'https://www.juntadeandalucia.es/cultura/agendaculturaldeandalucia/sites
  │   /default/files/styles/header_activity_ext_2xl/public/2026-04/CARTEL.png.
  │   webp?itok=n50yHHYB', 'url':
  │   'https://www.juntadeandalucia.es/cultura/agendaculturaldeandalucia/event
  │   o/conferencia-nutricion-y-habitos-saludables-en-procesos-oncologicos-de-
  │   la-doctora-odile'}
  │   2 / 5
  │   Getting
  │   https://www.juntadeandalucia.es/cultura/agendaculturaldeandalucia/evento
  │   /presentacion-de-la-novela-cae-la-noche-en-monsul-de-fernando-martinez-l
  │   opez
  │   Sleep 4
  │   --------------------
  │   {'id': 'c7885097', 'show': 1, 'in_city': 1, 'one_day': 1,
  │   'wrong_date_time': 0, 'event': 'Presentación De La Novela "Cae La Noche
  │   en Mónsul", De Fernando Martínez López', 'slug':
  │   'presentacion-de-la-novela-cae-la-noche-en-monsul-de-fernando-martinez-l
  │   opez', 'category': '__NOT_DEFINIED__', 'id_venue': 'TjmFnJdD', 'venue':
  │   'Biblioteca Pública del Estado-Biblioteca Provincial de Almería
  │   Francisco Villaespesa', 'std_venue': 'Biblioteca Pública Francisco
  │   Villaespesa', 'start_date': '2026-04-08', 'start_time': '19:00:00',
  │   'end_date': '2026-04-08', 'end_time': '__NOT_DEFINIED__', 'description':
  │   'Presentación de la novela "Cae la noche en Mónsul", de Fernando
  │   Martínez López. Encuentro con Fernando Martínez López a propósito
  │   de su última novela "Cae la noche en Mónsul", publicada por
  │   Extravertida Editorial. Le acompañará M.a Carmen López Saracho. La
  │   novela se concibe como un relato metaliterario donde dos hilos
  │   narrativos se entretejen hasta conformar un todo común, una historia en
  │   la que se muestra cómo la ausencia de amor esculpe con el cincel
  │   equivocado al ser humano conduciéndolo por los caminos que se abisman
  │   en el infierno. Miércoles 8 de abril 19:00h. Salón de actos. Entrada
  │   libre hasta completar aforo (200 personas).', 'others': {'location_url':
  │   '/cultura/agendaculturaldeandalucia/espacios/biblioteca-publica-del-esta
  │   do-biblioteca-provincial-de-almeria-francisco-villaespesa', 'location2':
  │   'Biblioteca Pública del Estado-Biblioteca Provincial de Almería
  │   Francisco Villaespesa', 'duration': '__NOT_FOUND__', 'datetime_details':
  │   '08 de Abril del 2026, 19:00 h.', 'town': '__NOT_FOUND__', 'location':
  │   'Calle Hermanos Machado, s/n, Almería. Almería', 'duration_days':
  │   '__NOT_FOUND__'}, 'source': 'JuntaAndaluciaAgenda', 'exec_time':
  │   '20260401T212545', 'session': '2026_04_01_21_21_Miercoles', 'image':
  │   'https://www.juntadeandalucia.es/cultura/agendaculturaldeandalucia/sites
  │   /default/files/styles/header_activity_ext_2xl/public/2026-03/CARTEL_7.pn
  │   g.webp?itok=sb_9eGsf', 'url':
  │   'https://www.juntadeandalucia.es/cultura/agendaculturaldeandalucia/event
  │   o/presentacion-de-la-novela-cae-la-noche-en-monsul-de-fernando-martinez-
  │   lopez'}
  │   3 / 5
  │   Getting
  │   https://www.juntadeandalucia.es/cultura/agendaculturaldeandalucia/evento
  │   /enclave-arqueologico-puerta-de-almeria-visitas-guiadas
  │   Sleep 4
  │   --------------------
  │   {'id': 'b9737eed', 'show': 1, 'in_city': 0, 'one_day': 1,
  │   'wrong_date_time': 1, 'event': 'Enclave Arqueológico Puerta De
  │   Almería', 'slug': 'enclave-arqueologico-puerta-de-almeria', 'category':
  │   '__NOT_DEFINIED__', 'id_venue': None, 'venue': '__NOT_FOUND__',
  │   'std_venue': None, 'start_date': '__NOT_FOUND__', 'start_time':
  │   '__NOT_FOUND__', 'end_date': '__NOT_FOUND__', 'end_time':
  │   '__NOT_DEFINIED__', 'description': 'De miércoles a domingo de 10:00 a
  │   14:00 horas. Visita guiada con reserva previa mediante el correo
  │   electrónico puertalmeria.aaiicc@juntadeandalucia.es . Jueves: Reservado
  │   a centros educativos en horario de 10:00 a 13:00 h. Sábados: Visitas
  │   para público en general a las 12:00 h. Cerrado: 1 y 6 de enero, 1 de
  │   mayo, 24, 25 y 31 de diciembre. En otros festivos nacionales,
  │   autonómicos y/o locales, consultar apertura por correo electrónico.
  │   Aforo limitado a 25 personas. No se permitirá el acceso al enclave en
  │   los 15 minutos previos al cierre.', 'others': {'location_url':
  │   '__NOT_FOUND__', 'location2': 'Calle Parque Nicolás Salmerón, 27
  │   Folleto E. A. Puerta de Almería (pdf en nueva ventana) Normas de
  │   obligado cumplimiento (pdf en nueva ventana) 697 953 445
  │   puertalmeria.aaiicc@juntadeandalucia.es Visitar la pagina web',
  │   'duration': '__NOT_FOUND__', 'datetime_details': '__NOT_FOUND__',
  │   'town': '__NOT_FOUND__', 'location': 'Calle Parque Nicolás Salmerón,
  │   27, Almería, Almería', 'duration_days': '__NOT_FOUND__'}, 'source':
  │   'JuntaAndaluciaAgenda', 'exec_time': '20260401T212545', 'session':
  │   '2026_04_01_21_21_Miercoles', 'image':
  │   'https://www.juntadeandalucia.es/cultura/agendaculturaldeandalucia/sites
  │   /default/files/styles/header_activity_ext_2xl/public/2023-12/PuertaAlmer
  │   ia_Balsassalazon_MartinHaro.jpg.webp?itok=zaNlhloo', 'url':
  │   'https://www.juntadeandalucia.es/cultura/agendaculturaldeandalucia/event
  │   o/enclave-arqueologico-puerta-de-almeria-visitas-guiadas'}
  │   4 / 5
  │   Getting
  │   https://www.juntadeandalucia.es/cultura/agendaculturaldeandalucia/evento
  │   /la-biblioteca-humana-llega-la-villaespesa-con-paula-mandarina
  │   Sleep 4
  │   --------------------
  │   {'id': '8e072904', 'show': 1, 'in_city': 1, 'one_day': 1,
  │   'wrong_date_time': 0, 'event': 'La Biblioteca Humana Llega a La
  │   Villaespesa, Con Paula Mandarina', 'slug':
  │   'la-biblioteca-humana-llega-a-la-villaespesa-con-paula-mandarina',
  │   'category': '__NOT_DEFINIED__', 'id_venue': 'TjmFnJdD', 'venue':
  │   'Biblioteca Pública del Estado-Biblioteca Provincial de Almería
  │   Francisco Villaespesa', 'std_venue': 'Biblioteca Pública Francisco
  │   Villaespesa', 'start_date': '2026-04-08', 'start_time': '10:30:00',
  │   'end_date': '2026-04-08', 'end_time': '__NOT_DEFINIED__', 'description':
  │   'La Biblioteca Humana llega a la Villaespesa, con Paula Mandarina La
  │   Biblioteca Humana llega a la Biblioteca Villaespesa como un espacio
  │   único de encuentro donde las personas se convierten en libros y las
  │   historias se leen escuchando. En esta experiencia, voluntarios y
  │   voluntarias compartirán vivencias reales, abriendo conversaciones
  │   cercanas, respetuosas y sin juicios. El tema de esta edición es
  │   “Abuelos, portadores de historias”, un homenaje vivo a la memoria,
  │   la experiencia y las anécdotas que solo los años saben guardar.
  │   Quienes participen podrán traer esa historia curiosa, emocionante o
  │   divertida que hayan vivido con sus abuelos y darle forma para narrarla
  │   ante lectores que deseen escuchar. Las personas participantes recibirán
  │   orientación previa para comunicar su historia de forma clara,
  │   respetuosa y segura, aprendiendo a gestionar emociones, establecer
  │   límites personales y fortalecer su confianza. La actividad fomenta la
  │   empatía, el diálogo abierto y la comprensión de otras realidades,
  │   creando un entorno seguro donde cada voz cuenta. Edad mínima: 16 años
  │   Aforo: máximo 10 participantes Si te gusta hablar, recordar y conectar
  │   con otras personas, esta es tu oportunidad: ven y conviértete en un
  │   libro humano. Miércoles 8 de abril 10:30 h. Sala de exposiciones
  │   Inscripción previa', 'others': {'location_url':
  │   '/cultura/agendaculturaldeandalucia/espacios/biblioteca-publica-del-esta
  │   do-biblioteca-provincial-de-almeria-francisco-villaespesa', 'location2':
  │   'Biblioteca Pública del Estado-Biblioteca Provincial de Almería
  │   Francisco Villaespesa', 'duration': '__NOT_FOUND__', 'datetime_details':
  │   '08 de Abril del 2026, 10:30 h.', 'town': '__NOT_FOUND__', 'location':
  │   'Calle Hermanos Machado, s/n, Almería. Almería', 'duration_days':
  │   '__NOT_FOUND__'}, 'source': 'JuntaAndaluciaAgenda', 'exec_time':
  │   '20260401T212545', 'session': '2026_04_01_21_21_Miercoles', 'image':
  │   'https://www.juntadeandalucia.es/cultura/agendaculturaldeandalucia/sites
  │   /default/files/styles/header_activity_ext_2xl/public/2026-03/cartel%208%
  │   20abr.png.webp?itok=QTiXXMpK', 'url':
  │   'https://www.juntadeandalucia.es/cultura/agendaculturaldeandalucia/event
  │   o/la-biblioteca-humana-llega-la-villaespesa-con-paula-mandarina'}
  │   ****************************
  │   Saving 5 new events
  │   Saving in
  │   /home/ubuntu/data_storage/Almeria/2026_04_01_21_21_Miercoles/0_raw/20260
  │   401_2125_JuntaAndaluciaAgenda.json
  │   Saving 5 master url
  │   Appending to /home/ubuntu/data_storage/Almeria/00_master/master_url.json
  └─stderr:
      /usr/local/lib/python3.11/site-packages/urllib3/connectionpool.py:1097:
      InsecureRequestWarning: Unverified HTTPS request is being made to host
      'www.juntadeandalucia.es'. Adding certificate verification is strongly
      advised. See:
      https://urllib3.readthedocs.io/en/latest/advanced-usage.html#tls-warnings
      warnings.warn(
      /usr/local/lib/python3.11/site-packages/urllib3/connectionpool.py:1097:
      InsecureRequestWarning: Unverified HTTPS request is being made to host
      'www.juntadeandalucia.es'. Adding certificate verification is strongly
      advised. See:
      https://urllib3.readthedocs.io/en/latest/advanced-usage.html#tls-warnings
      warnings.warn(
      /usr/local/lib/python3.11/site-packages/urllib3/connectionpool.py:1097:
      InsecureRequestWarning: Unverified HTTPS request is being made to host
      'www.juntadeandalucia.es'. Adding certificate verification is strongly
      advised. See:
      https://urllib3.readthedocs.io/en/latest/advanced-usage.html#tls-warnings
      warnings.warn(
      /usr/local/lib/python3.11/site-packages/urllib3/connectionpool.py:1097:
      InsecureRequestWarning: Unverified HTTPS request is being made to host
      'www.juntadeandalucia.es'. Adding certificate verification is strongly
      advised. See:
      https://urllib3.readthedocs.io/en/latest/advanced-usage.html#tls-warnings
      warnings.warn(
      /usr/local/lib/python3.11/site-packages/urllib3/connectionpool.py:1097:
      InsecureRequestWarning: Unverified HTTPS request is being made to host
      'www.juntadeandalucia.es'. Adding certificate verification is strongly
      advised. See:
      https://urllib3.readthedocs.io/en/latest/advanced-usage.html#tls-warnings
      warnings.warn(

Result: Succeeded

Launching scraper: ClassicJazz
Succeeded - 2026-04-01T21:27:16Z

dag: FisgonTaskSelenium (1m 1s)
│
└─tarea_1 (1m 1s) [succeeded]
  ├─bash -lc 'set -eo pipefail; export DOCKER_CONFIG=/tmp/.docker HOME=/tmp;
  │   SELENIUM_NAME="selenium_${DAG_RUN_ID:-$$}_$(date +%s)"; cleanup() {
  │   docker rm -f "$SELENIUM_NAME" >/dev/null 2>&1 || true; }; trap cleanup
  │   EXIT; docker run -d --rm --name "$SELENIUM_NAME" --shm-size=2g -e
  │   SE_NODE_MAX_SESSIONS=1 -e SE_NODE_OVERRIDE_MAX_SESSIONS=true
  │   selenium/standalone-chrome:latest >/dev/null; docker exec
  │   "$SELENIUM_NAME" bash -c "for i in \$(seq 1 60); do (echo >
  │   /dev/tcp/127.0.0.1/4444) >/dev/null 2>&1 && exit 0; sleep 1; done; exit
  │   1"; docker run --rm --network container:"$SELENIUM_NAME" -v
  │   /home/ubuntu/work/fisgon:/app -v
  │   /home/ubuntu/data_storage:/home/ubuntu/data_storage -v
  │   /home/ubuntu/work/event_flask_app/static/img:/home/ubuntu/work/event_fla
  │   sk_app/static/img -w /app -e OPERATION=0 -e DOCKER_CONFIG=/tmp/.docker
  │   -e HOME=/tmp -e TARGET_CITY -e TARGET_SCRAPER -e
  │   DAG_RUN_URL="${DAGU_BASE_URL:-}/dags/${DAG_NAME}?dagRunId=${DAG_RUN_ID}"
  │   -e
  │   DAG_RUN_LOG_URL="${DAGU_BASE_URL:-}/dags/${DAG_NAME}/log?remoteNode=loca
  │   l&step=tarea_1&dagRunId=${DAG_RUN_ID}" fisgon_scraper:1.0'
  │
  ├─stdout: ... (6 more lines)
  │   IMAGES=0,
  │   GET_SCRAPERS=
  │   SCRAPER=ClassicJazz
  │   DAG_RUN_URL=/dags/FisgonTaskSelenium/log?remoteNode=local&step=tarea_1&d
  │   agRunId=019d4af1-87c8-7ea9-9086-aa9e357a2fda
  │   Running for Almeria: ClassicJazz
  │   ClassicJazz
  │   RUNNING SESSION =  2026_04_01_21_21_Miercoles
  │   Starting WebDriver...
  │   http://localhost:4444/wd/hub
  │   *********************times =1
  │   sleeping 7
  │   Scrolling...
  │   sleeping 1
  │   Getting content
  │   clicking
  │   sleeping 3
  │   sleeping 7
  │   *********************times =2
  │   sleeping 7
  │   Scrolling...
  │   sleeping 1
  │   Getting content
  │   clicking
  │   sleeping 3
  │   sleeping 7
  │   *** SCRAPED 103 URLS WITH EVENTS **
  │   New url events = 3
  │   0 / 3
  │   Getting https://clasijazz.com/evento/al-swing-y-al-cabo/
  │   Sleep 4
  │   2026-04-11T21:00:00 2026-04-11T23:30:00
  │   --------------------
  │   {'id': '4a6baa34', 'show': 1, 'in_city': 1, 'one_day': 1,
  │   'wrong_date_time': 0, 'event': 'Al Swing Y Al Cabo', 'slug':
  │   'al-swing-y-al-cabo', 'category': '__NOT_DEFINIED__', 'id_venue':
  │   'Q6b6LRjT', 'venue': 'Sede Clasijazz', 'std_venue': 'Clasijazz',
  │   'start_date': '2026-04-11', 'start_time': '21:00:00', 'end_date':
  │   '2026-04-11', 'end_time': '23:30:00', 'description': '', 'others':
  │   {'price': '__NOT_DEFINIED__', 'category': 'Programación',
  │   'location_url': 'https://clasijazz.com/local/sede-clasijazz/',
  │   'location': 'Maestro Serrano 9, Almería'}, 'source': 'ClassicJazz',
  │   'exec_time': '20260401T212721', 'session': '2026_04_01_21_21_Miercoles',
  │   'image':
  │   'https://clasijazz.com/wp-content/uploads/2026/03/WhatsApp-Image-2026-03
  │   -30-at-22.27.58.jpeg', 'url':
  │   'https://clasijazz.com/evento/al-swing-y-al-cabo/'}
  │   1 / 3
  │   Getting
  │   https://clasijazz.com/evento/club-de-lecturas-del-mundo-port-of-spain-5/
  │   Sleep 4
  │   2026-04-30T19:00:00 2026-04-30T21:00:00
  │   --------------------
  │   {'id': '373bbf25', 'show': 1, 'in_city': 1, 'one_day': 1,
  │   'wrong_date_time': 0, 'event': 'Club De Lecturas Del Mundo Port of
  │   Spain', 'slug': 'club-de-lecturas-del-mundo-port-of-spain', 'category':
  │   '__NOT_DEFINIED__', 'id_venue': 'ddgm4gQP', 'venue': 'Port Of Spain',
  │   'std_venue': 'Port Of Spain', 'start_date': '2026-04-30', 'start_time':
  │   '19:00:00', 'end_date': '2026-04-30', 'end_time': '21:00:00',
  │   'description': 'Port of Spain | Entrada Libre Coincidiendo con la
  │   víspera del día internacional de las personas trabajadoras,
  │   comentaremos ¨La Habitación del escritor sueco Jonas Karlsson que, con
  │   una mirada cargada de humor de tintes surrealistas, penetra en el
  │   entorno laboral contemporáneo hasta llegar al meollo: un mundo
  │   hipertecnificado, competitivo, despersonalizado… Un ambiente degradado
  │   que fomenta la obediencia, el gregarismo y la banalidad. Así, con una
  │   lucidez sin concesiones, Karlsson imprime en la imaginación del lector
  │   una imagen inquietante de la cultura moderna, del día a día que nos
  │   afecta a todos. Sin duda, un libro radicalmente original.', 'others':
  │   {'price': '__NOT_DEFINIED__', 'category': 'Programación',
  │   'location_url': 'https://clasijazz.com/local/port-of-spain/',
  │   'location': 'Parque Nicolás Salmeron 20, Almería'}, 'source':
  │   'ClassicJazz', 'exec_time': '20260401T212721', 'session':
  │   '2026_04_01_21_21_Miercoles', 'image':
  │   'https://clasijazz.com/wp-content/uploads/2026/03/WhatsApp-Image-2026-03
  │   -30-at-17.55.41.jpeg', 'url':
  │   'https://clasijazz.com/evento/club-de-lecturas-del-mundo-port-of-spain-5
  │   /'}
  │   2 / 3
  │   Getting
  │   https://clasijazz.com/evento/intercambio-de-idiomas-especial-estonia/
  │   Sleep 4
  │   2026-04-09T21:00:00 2026-04-09T23:00:00
  │   --------------------
  │   {'id': 'eb1d93e7', 'show': 1, 'in_city': 1, 'one_day': 1,
  │   'wrong_date_time': 0, 'event': 'Intercambio De Idiomas – Edición
  │   Estonia', 'slug': 'intercambio-de-idiomas-edicion-estonia', 'category':
  │   '__NOT_DEFINIED__', 'id_venue': 'Q6b6LRjT', 'venue': 'Sede Clasijazz',
  │   'std_venue': 'Clasijazz', 'start_date': '2026-04-09', 'start_time':
  │   '21:00:00', 'end_date': '2026-04-09', 'end_time': '23:00:00',
  │   'description': 'Sala Industrial Clasijazz Entrada Libre ¡Disfrutad de
  │   una noche diferente de intercambio de idiomas! Venid a conocer más
  │   sobre un pequeño país al otro lado de Europa de la mano de una de
  │   nuestras voluntarias. Además de esta introducción a Estonia, como
  │   siempre, podréis practicar cualquier idioma, sin importar vuestro
  │   nivel. ¡Nos vemos allí! Enjoy a different night of language exchange!
  │   Come to learn more about the small country on the other side of Europe
  │   from one of our volunteers. Aside from the introduction to Estonia, as
  │   usual, you are welcome to practice any language, no matter your level.
  │   We hope to see you!', 'others': {'price': '__NOT_DEFINIED__',
  │   'category': 'Programación', 'location_url':
  │   'https://clasijazz.com/local/sede-clasijazz/', 'location': 'Maestro
  │   Serrano 9, Almería'}, 'source': 'ClassicJazz', 'exec_time':
  │   '20260401T212721', 'session': '2026_04_01_21_21_Miercoles', 'image':
  │   'https://clasijazz.com/wp-content/uploads/2026/04/Cartel-A4-Intercambio-
  │   de-Idiomas-Noche-Griega.jpg', 'url':
  │   'https://clasijazz.com/evento/intercambio-de-idiomas-especial-estonia/'}
  │   ****************************
  │   Saving 3 new events
  │   Saving in
  │   /home/ubuntu/data_storage/Almeria/2026_04_01_21_21_Miercoles/0_raw/20260
  │   401_2127_ClassicJazz.json
  │   Saving 3 master url
  │   Appending to /home/ubuntu/data_storage/Almeria/00_master/master_url.json
  └─stderr:
      /usr/local/lib/python3.11/site-packages/urllib3/connectionpool.py:1097:
      InsecureRequestWarning: Unverified HTTPS request is being made to host
      'clasijazz.com'. Adding certificate verification is strongly advised. See:
      https://urllib3.readthedocs.io/en/latest/advanced-usage.html#tls-warnings
      warnings.warn(
      /usr/local/lib/python3.11/site-packages/urllib3/connectionpool.py:1097:
      InsecureRequestWarning: Unverified HTTPS request is being made to host
      'clasijazz.com'. Adding certificate verification is strongly advised. See:
      https://urllib3.readthedocs.io/en/latest/advanced-usage.html#tls-warnings
      warnings.warn(
      /usr/local/lib/python3.11/site-packages/urllib3/connectionpool.py:1097:
      InsecureRequestWarning: Unverified HTTPS request is being made to host
      'clasijazz.com'. Adding certificate verification is strongly advised. See:
      https://urllib3.readthedocs.io/en/latest/advanced-usage.html#tls-warnings
      warnings.warn(

Result: Succeeded

Launching scraper: Entradium
Succeeded - 2026-04-01T21:28:17Z

dag: FisgonTaskSelenium (49.0s)
│
└─tarea_1 (49.0s) [succeeded]
  ├─bash -lc 'set -eo pipefail; export DOCKER_CONFIG=/tmp/.docker HOME=/tmp;
  │   SELENIUM_NAME="selenium_${DAG_RUN_ID:-$$}_$(date +%s)"; cleanup() {
  │   docker rm -f "$SELENIUM_NAME" >/dev/null 2>&1 || true; }; trap cleanup
  │   EXIT; docker run -d --rm --name "$SELENIUM_NAME" --shm-size=2g -e
  │   SE_NODE_MAX_SESSIONS=1 -e SE_NODE_OVERRIDE_MAX_SESSIONS=true
  │   selenium/standalone-chrome:latest >/dev/null; docker exec
  │   "$SELENIUM_NAME" bash -c "for i in \$(seq 1 60); do (echo >
  │   /dev/tcp/127.0.0.1/4444) >/dev/null 2>&1 && exit 0; sleep 1; done; exit
  │   1"; docker run --rm --network container:"$SELENIUM_NAME" -v
  │   /home/ubuntu/work/fisgon:/app -v
  │   /home/ubuntu/data_storage:/home/ubuntu/data_storage -v
  │   /home/ubuntu/work/event_flask_app/static/img:/home/ubuntu/work/event_fla
  │   sk_app/static/img -w /app -e OPERATION=0 -e DOCKER_CONFIG=/tmp/.docker
  │   -e HOME=/tmp -e TARGET_CITY -e TARGET_SCRAPER -e
  │   DAG_RUN_URL="${DAGU_BASE_URL:-}/dags/${DAG_NAME}?dagRunId=${DAG_RUN_ID}"
  │   -e
  │   DAG_RUN_LOG_URL="${DAGU_BASE_URL:-}/dags/${DAG_NAME}/log?remoteNode=loca
  │   l&step=tarea_1&dagRunId=${DAG_RUN_ID}" fisgon_scraper:1.0'
  │
  ├─stdout: ... (2 more lines)
  │   OPERATION=0,
  │   CREATE_SESSION=0,
  │   CLOSE_SESSION=0,
  │   SESSION=None,
  │   IMAGES=0,
  │   GET_SCRAPERS=
  │   SCRAPER=Entradium
  │   DAG_RUN_URL=/dags/FisgonTaskSelenium/log?remoteNode=local&step=tarea_1&d
  │   agRunId=019d4af2-765a-7846-af82-d1cdd2e6337d
  │   Running for Almeria: Entradium
  │   Entradium
  │   RUNNING SESSION =  2026_04_01_21_21_Miercoles
  │   Starting WebDriver...
  │   http://localhost:4444/wd/hub
  │   sleeping 5
  │   clicking
  │   sleeping 3
  │   sleeping 1.5
  │   sleeping 3
  │   ******
  │   xpath
  │   /html/body/header/div[2]/div[1]/div/div/form/div/div/button/span/i
  │   clicking
  │   sleeping 3
  │   sleeping 8
  │   Getting content
  │   *** SCRAPED 24 URLS WITH EVENTS **
  │   New url events = 3
  │   0 / 3
  │   Getting
  │   https://entradium.com/es/events/impro-comedia-artenvacio-ultima-llamada
  │   Sleep 4
  │   ['10.04.2026', '20:30']
  │   --------------------
  │   {'id': '319b341d', 'show': 1, 'in_city': 1, 'one_day': 1,
  │   'wrong_date_time': 0, 'event': 'Impro Comedia Artenvacio - Última
  │   Llamada', 'slug': 'impro-comedia-artenvacio-ultima-llamada', 'category':
  │   '__NOT_DEFINIED__', 'id_venue': '9B7gDFP7', 'venue': 'Sala Stand Up
  │   Artenvacio', 'std_venue': 'Sala Artenvacio', 'start_date': '2026-04-10',
  │   'start_time': '20:30:00', 'end_date': '__NOT_DEFINIED__', 'end_time':
  │   '__NOT_DEFINIED__', 'description': 'IMPRO COMEDIA ARTENVACIO - ÚLTIMA
  │   LLAMADAUn espectáculo de teatro improvisado que explora las emociones,
  │   tensiones y sorpresas que surgen en los momentos previos o posteriores a
  │   una llamada. Este show lleva a las actrices y al público a un viaje en
  │   el que las conversaciones inesperadas, los encuentros con personas del
  │   pasado o futuro y las decisiones cruciales se hacen tan relevantes como
  │   intensas.Es una experiencia teatral fresca y emocionante que invita al
  │   espectador a reflexionar sobre el mundo que nos rodea, todo mientras se
  │   divierte y se enfrenta a situaciones absurdas, familiares o incluso
  │   dramáticas.Apertura de puertas a las: 20:00 hEspectáculo a las: 20:30
  │   hEntradas en Entradium: 10€Entradas en puerta: 12€', 'others': {},
  │   'source': 'Entradium', 'exec_time': '20260401T212822', 'session':
  │   '2026_04_01_21_21_Miercoles', 'image':
  │   'https://d2il8hfach02z9.cloudfront.net/uploads/event/poster/ae5d91a1ff9c
  │   5ad9e41903dd08914cafbf449b18/event_m_WhatsApp_Image_2026-03-25_at_21.00.
  │   01.jpeg?v=1774940078', 'url':
  │   'https://entradium.com/es/events/impro-comedia-artenvacio-ultima-llamada
  │   '}
  │   1 / 3
  │   Getting
  │   https://entradium.com/es/events/sagrat-saturno-en-dragonfly-rock-cafe
  │   Sleep 4
  │   ['2.05.2026', '21:30']
  │   --------------------
  │   {'id': 'a0ae1319', 'show': 1, 'in_city': 1, 'one_day': 1,
  │   'wrong_date_time': 0, 'event': 'Sagrat + Saturno en Dragonfly Rock
  │   Café', 'slug': 'sagrat-saturno-en-dragonfly-rock-cafe', 'category':
  │   '__NOT_DEFINIED__', 'id_venue': '8HQR2Gfh', 'venue': 'DRAGONFLY ROCK
  │   CAFÉ', 'std_venue': 'Dragon Fly Rock Café', 'start_date':
  │   '2026-05-02', 'start_time': '21:30:00', 'end_date': '__NOT_DEFINIED__',
  │   'end_time': '__NOT_DEFINIED__', 'description': "Noche de heavy rock con
  │   la banda valenciana SAGRAT, presentando su nuevo trabajo ''PERDIDOS EN
  │   EL TIEMPO'', acompañados por la banda local SATURNO.", 'others': {},
  │   'source': 'Entradium', 'exec_time': '20260401T212822', 'session':
  │   '2026_04_01_21_21_Miercoles', 'image':
  │   'https://d2il8hfach02z9.cloudfront.net/uploads/event/poster/fc6f01ae0574
  │   0e91d166bd7603f3691596e5a4f9/event_m_CARTEL_ALMERIA2.png?v=1774996052',
  │   'url':
  │   'https://entradium.com/es/events/sagrat-saturno-en-dragonfly-rock-cafe'}
  │   2 / 3
  │   Getting
  │   https://entradium.com/es/events/la-casa-de-bernarda-alba-e589cdae-732d-4
  │   d8f-9a3b-6efdacf77251
  │   Sleep 4
  │   ['29.05.2026', '20:30']
  │   --------------------
  │   {'id': 'ace6da09', 'show': 1, 'in_city': 1, 'one_day': 1,
  │   'wrong_date_time': 0, 'event': 'La Casa De Bernarda Alba', 'slug':
  │   'la-casa-de-bernarda-alba', 'category': '__NOT_DEFINIED__', 'id_venue':
  │   '7qHRF9LM', 'venue': 'Sala Emma', 'std_venue': 'Sala Escuela Municipal
  │   de Música & Artes', 'start_date': '2026-05-29', 'start_time':
  │   '20:30:00', 'end_date': '__NOT_DEFINIED__', 'end_time':
  │   '__NOT_DEFINIED__', 'description': 'Tras la muerte de su segundo marido,
  │   Bernarda Alba impone a sus cinco hijas un luto riguroso de ocho años.
  │   La tensión estalla con la aparición de Pepe el Romano, quien pretende
  │   casarse con una de las hermanas. Mientras tanto, las demás vivirán en
  │   una atmósfera de represión y contención en la que se desatará una
  │   tormenta de celos, rebeldía y una lucha entre la autoridad de una madre
  │   con firmes principios y el deseo de libertad de sus hijas que las
  │   llevará a un destino que ninguna podrá evitar.', 'others': {},
  │   'source': 'Entradium', 'exec_time': '20260401T212822', 'session':
  │   '2026_04_01_21_21_Miercoles', 'image':
  │   'https://d2il8hfach02z9.cloudfront.net/uploads/event/poster/aa83a6ac8c5f
  │   6be2af44ac460aeeb485a752dfef/event_m_CARTEL_LA_CASA_DE_BERNARDA_ALBA.jpe
  │   g?v=1775041741', 'url':
  │   'https://entradium.com/es/events/la-casa-de-bernarda-alba-e589cdae-732d-
  │   4d8f-9a3b-6efdacf77251'}
  │   ****************************
  │   Saving 3 new events
  │   Saving in
  │   /home/ubuntu/data_storage/Almeria/2026_04_01_21_21_Miercoles/0_raw/20260
  │   401_2128_Entradium.json
  │   Saving 3 master url
  │   Appending to /home/ubuntu/data_storage/Almeria/00_master/master_url.json
  └─stderr:
      /usr/local/lib/python3.11/site-packages/urllib3/connectionpool.py:1097:
      InsecureRequestWarning: Unverified HTTPS request is being made to host
      'entradium.com'. Adding certificate verification is strongly advised. See:
      https://urllib3.readthedocs.io/en/latest/advanced-usage.html#tls-warnings
      warnings.warn(
      /usr/local/lib/python3.11/site-packages/urllib3/connectionpool.py:1097:
      InsecureRequestWarning: Unverified HTTPS request is being made to host
      'entradium.com'. Adding certificate verification is strongly advised. See:
      https://urllib3.readthedocs.io/en/latest/advanced-usage.html#tls-warnings
      warnings.warn(
      /usr/local/lib/python3.11/site-packages/urllib3/connectionpool.py:1097:
      InsecureRequestWarning: Unverified HTTPS request is being made to host
      'entradium.com'. Adding certificate verification is strongly advised. See:
      https://urllib3.readthedocs.io/en/latest/advanced-usage.html#tls-warnings
      warnings.warn(

Result: Succeeded

Launching scraper: TodasLasEntradas
Succeeded - 2026-04-01T21:29:06Z

dag: FisgonTaskSelenium (10.0s)
│
└─tarea_1 (10.0s) [succeeded]
  ├─bash -lc 'set -eo pipefail; export DOCKER_CONFIG=/tmp/.docker HOME=/tmp;
  │   SELENIUM_NAME="selenium_${DAG_RUN_ID:-$$}_$(date +%s)"; cleanup() {
  │   docker rm -f "$SELENIUM_NAME" >/dev/null 2>&1 || true; }; trap cleanup
  │   EXIT; docker run -d --rm --name "$SELENIUM_NAME" --shm-size=2g -e
  │   SE_NODE_MAX_SESSIONS=1 -e SE_NODE_OVERRIDE_MAX_SESSIONS=true
  │   selenium/standalone-chrome:latest >/dev/null; docker exec
  │   "$SELENIUM_NAME" bash -c "for i in \$(seq 1 60); do (echo >
  │   /dev/tcp/127.0.0.1/4444) >/dev/null 2>&1 && exit 0; sleep 1; done; exit
  │   1"; docker run --rm --network container:"$SELENIUM_NAME" -v
  │   /home/ubuntu/work/fisgon:/app -v
  │   /home/ubuntu/data_storage:/home/ubuntu/data_storage -v
  │   /home/ubuntu/work/event_flask_app/static/img:/home/ubuntu/work/event_fla
  │   sk_app/static/img -w /app -e OPERATION=0 -e DOCKER_CONFIG=/tmp/.docker
  │   -e HOME=/tmp -e TARGET_CITY -e TARGET_SCRAPER -e
  │   DAG_RUN_URL="${DAGU_BASE_URL:-}/dags/${DAG_NAME}?dagRunId=${DAG_RUN_ID}"
  │   -e
  │   DAG_RUN_LOG_URL="${DAGU_BASE_URL:-}/dags/${DAG_NAME}/log?remoteNode=loca
  │   l&step=tarea_1&dagRunId=${DAG_RUN_ID}" fisgon_scraper:1.0'
  │
  └─stdout:
      RUNNING VARS →
      CITY=Almeria,
      OPERATION=0,
      CREATE_SESSION=0,
      CLOSE_SESSION=0,
      SESSION=None,
      IMAGES=0,
      GET_SCRAPERS=
      SCRAPER=TodasLasEntradas
      DAG_RUN_URL=/dags/FisgonTaskSelenium/log?remoteNode=local&step=tarea_1&dag
      RunId=019d4af3-37ff-72c3-9855-479de736e82d
      Running for Almeria: TodasLasEntradas
      TodasLasEntradas
      RUNNING SESSION =  2026_04_01_21_21_Miercoles
      Starting WebDriver...
      http://localhost:4444/wd/hub
      Getting content
      *** SCRAPED 11 URLS WITH EVENTS **
      New url events = 0
      #######################
      No new urls/events extracted. No new events to save
      #######################

Result: Succeeded

Launching scraper: RedBibliotecas
Succeeded - 2026-04-01T21:29:16Z

dag: FisgonTaskSelenium (9.0s)
│
└─tarea_1 (9.0s) [succeeded]
  ├─bash -lc 'set -eo pipefail; export DOCKER_CONFIG=/tmp/.docker HOME=/tmp;
  │   SELENIUM_NAME="selenium_${DAG_RUN_ID:-$$}_$(date +%s)"; cleanup() {
  │   docker rm -f "$SELENIUM_NAME" >/dev/null 2>&1 || true; }; trap cleanup
  │   EXIT; docker run -d --rm --name "$SELENIUM_NAME" --shm-size=2g -e
  │   SE_NODE_MAX_SESSIONS=1 -e SE_NODE_OVERRIDE_MAX_SESSIONS=true
  │   selenium/standalone-chrome:latest >/dev/null; docker exec
  │   "$SELENIUM_NAME" bash -c "for i in \$(seq 1 60); do (echo >
  │   /dev/tcp/127.0.0.1/4444) >/dev/null 2>&1 && exit 0; sleep 1; done; exit
  │   1"; docker run --rm --network container:"$SELENIUM_NAME" -v
  │   /home/ubuntu/work/fisgon:/app -v
  │   /home/ubuntu/data_storage:/home/ubuntu/data_storage -v
  │   /home/ubuntu/work/event_flask_app/static/img:/home/ubuntu/work/event_fla
  │   sk_app/static/img -w /app -e OPERATION=0 -e DOCKER_CONFIG=/tmp/.docker
  │   -e HOME=/tmp -e TARGET_CITY -e TARGET_SCRAPER -e
  │   DAG_RUN_URL="${DAGU_BASE_URL:-}/dags/${DAG_NAME}?dagRunId=${DAG_RUN_ID}"
  │   -e
  │   DAG_RUN_LOG_URL="${DAGU_BASE_URL:-}/dags/${DAG_NAME}/log?remoteNode=loca
  │   l&step=tarea_1&dagRunId=${DAG_RUN_ID}" fisgon_scraper:1.0'
  │
  └─stdout:
      RUNNING VARS →
      CITY=Almeria,
      OPERATION=0,
      CREATE_SESSION=0,
      CLOSE_SESSION=0,
      SESSION=None,
      IMAGES=0,
      GET_SCRAPERS=
      SCRAPER=RedBibliotecas
      DAG_RUN_URL=/dags/FisgonTaskSelenium/log?remoteNode=local&step=tarea_1&dag
      RunId=019d4af3-5ded-7176-b694-f6c652365ac1
      Running for Almeria: RedBibliotecas
      RedBibliotecas
      RUNNING SESSION =  2026_04_01_21_21_Miercoles
      START
      Starting WebDriver...
      http://localhost:4444/wd/hub
      page=1
      Getting content
      ['https://www.bibliotecaspublicas.es/almeria/actividades/Agenda/ta-172-tej
      iendo.html',
      'https://www.bibliotecaspublicas.es/almeria/actividades/Agenda/cci-140-lob
      os.html',
      'https://www.bibliotecaspublicas.es/almeria/actividades/Agenda/ta-marcapag
      inas.html',
      'https://www.bibliotecaspublicas.es/almeria/actividades/Agenda/cci-143-lob
      os.html',
      'https://www.bibliotecaspublicas.es/almeria/actividades/Agenda/pl-172-aris
      tides.html',
      'https://www.bibliotecaspublicas.es/almeria/actividades/Agenda/pl-143.html
      ',
      'https://www.bibliotecaspublicas.es/almeria/actividades/Agenda/bbc-bc-clar
      a.html',
      'https://www.bibliotecaspublicas.es/almeria/actividades/Agenda/cl-172.html
      ',
      'https://www.bibliotecaspublicas.es/almeria/actividades/Agenda/ti-140-rato
      ncitos.html',
      'https://www.bibliotecaspublicas.es/almeria/actividades/Agenda/pl-140.html
      ',
      'https://www.bibliotecaspublicas.es/almeria/actividades/Agenda/pl-172-gita
      nos.html',
      'https://www.bibliotecaspublicas.es/almeria/actividades/Agenda/ti-141-rato
      ncitos.html',
      'https://www.bibliotecaspublicas.es/almeria/actividades/Agenda/charla-bc.h
      tml',
      'https://www.bibliotecaspublicas.es/almeria/actividades/Agenda/cl-cabo.htm
      l',
      'https://www.bibliotecaspublicas.es/almeria/actividades/Agenda/cci-172-lob
      os.html',
      'https://www.bibliotecaspublicas.es/almeria/actividades/Agenda/ti-142-rato
      ncitos.html',
      'https://www.bibliotecaspublicas.es/almeria/actividades/Agenda/cci-141-lob
      os.html',
      'https://www.bibliotecaspublicas.es/almeria/actividades/Agenda/ti-143-rato
      ncitos.html',
      'https://www.bibliotecaspublicas.es/almeria/actividades/Agenda/cci-142.htm
      l',
      'https://www.bibliotecaspublicas.es/almeria/actividades/Agenda/tf-172-rato
      ncitos.html']
      page=2
      Getting content
      ['https://www.bibliotecaspublicas.es/almeria/actividades/Agenda/ta-172-tej
      iendo.html',
      'https://www.bibliotecaspublicas.es/almeria/actividades/Agenda/cci-140-lob
      os.html',
      'https://www.bibliotecaspublicas.es/almeria/actividades/Agenda/ta-marcapag
      inas.html',
      'https://www.bibliotecaspublicas.es/almeria/actividades/Agenda/cci-143-lob
      os.html',
      'https://www.bibliotecaspublicas.es/almeria/actividades/Agenda/pl-172-aris
      tides.html',
      'https://www.bibliotecaspublicas.es/almeria/actividades/Agenda/pl-143.html
      ',
      'https://www.bibliotecaspublicas.es/almeria/actividades/Agenda/bbc-bc-clar
      a.html',
      'https://www.bibliotecaspublicas.es/almeria/actividades/Agenda/cl-172.html
      ',
      'https://www.bibliotecaspublicas.es/almeria/actividades/Agenda/ti-140-rato
      ncitos.html',
      'https://www.bibliotecaspublicas.es/almeria/actividades/Agenda/pl-140.html
      ',
      'https://www.bibliotecaspublicas.es/almeria/actividades/Agenda/pl-172-gita
      nos.html',
      'https://www.bibliotecaspublicas.es/almeria/actividades/Agenda/ti-141-rato
      ncitos.html',
      'https://www.bibliotecaspublicas.es/almeria/actividades/Agenda/charla-bc.h
      tml',
      'https://www.bibliotecaspublicas.es/almeria/actividades/Agenda/cl-cabo.htm
      l',
      'https://www.bibliotecaspublicas.es/almeria/actividades/Agenda/cci-172-lob
      os.html',
      'https://www.bibliotecaspublicas.es/almeria/actividades/Agenda/ti-142-rato
      ncitos.html',
      'https://www.bibliotecaspublicas.es/almeria/actividades/Agenda/cci-141-lob
      os.html',
      'https://www.bibliotecaspublicas.es/almeria/actividades/Agenda/ti-143-rato
      ncitos.html',
      'https://www.bibliotecaspublicas.es/almeria/actividades/Agenda/cci-142.htm
      l',
      'https://www.bibliotecaspublicas.es/almeria/actividades/Agenda/tf-172-rato
      ncitos.html',
      'https://www.bibliotecaspublicas.es/almeria/actividades/Agenda/ta-172-teji
      endo.html',
      'https://www.bibliotecaspublicas.es/almeria/actividades/Agenda/cci-140-lob
      os.html',
      'https://www.bibliotecaspublicas.es/almeria/actividades/Agenda/ta-marcapag
      inas.html',
      'https://www.bibliotecaspublicas.es/almeria/actividades/Agenda/cci-143-lob
      os.html',
      'https://www.bibliotecaspublicas.es/almeria/actividades/Agenda/pl-172-aris
      tides.html',
      'https://www.bibliotecaspublicas.es/almeria/actividades/Agenda/pl-143.html
      ',
      'https://www.bibliotecaspublicas.es/almeria/actividades/Agenda/bbc-bc-clar
      a.html',
      'https://www.bibliotecaspublicas.es/almeria/actividades/Agenda/cl-172.html
      ',
      'https://www.bibliotecaspublicas.es/almeria/actividades/Agenda/ti-140-rato
      ncitos.html',
      'https://www.bibliotecaspublicas.es/almeria/actividades/Agenda/pl-140.html
      ',
      'https://www.bibliotecaspublicas.es/almeria/actividades/Agenda/pl-172-gita
      nos.html',
      'https://www.bibliotecaspublicas.es/almeria/actividades/Agenda/ti-141-rato
      ncitos.html',
      'https://www.bibliotecaspublicas.es/almeria/actividades/Agenda/charla-bc.h
      tml',
      'https://www.bibliotecaspublicas.es/almeria/actividades/Agenda/cl-cabo.htm
      l',
      'https://www.bibliotecaspublicas.es/almeria/actividades/Agenda/cci-172-lob
      os.html',
      'https://www.bibliotecaspublicas.es/almeria/actividades/Agenda/ti-142-rato
      ncitos.html',
      'https://www.bibliotecaspublicas.es/almeria/actividades/Agenda/cci-141-lob
      os.html',
      'https://www.bibliotecaspublicas.es/almeria/actividades/Agenda/ti-143-rato
      ncitos.html',
      'https://www.bibliotecaspublicas.es/almeria/actividades/Agenda/cci-142.htm
      l',
      'https://www.bibliotecaspublicas.es/almeria/actividades/Agenda/tf-172-rato
      ncitos.html']
      page=3
      Getting content
      ['https://www.bibliotecaspublicas.es/almeria/actividades/Agenda/ta-172-tej
      iendo.html',
      'https://www.bibliotecaspublicas.es/almeria/actividades/Agenda/cci-140-lob
      os.html',
      'https://www.bibliotecaspublicas.es/almeria/actividades/Agenda/ta-marcapag
      inas.html',
      'https://www.bibliotecaspublicas.es/almeria/actividades/Agenda/cci-143-lob
      os.html',
      'https://www.bibliotecaspublicas.es/almeria/actividades/Agenda/pl-172-aris
      tides.html',
      'https://www.bibliotecaspublicas.es/almeria/actividades/Agenda/pl-143.html
      ',
      'https://www.bibliotecaspublicas.es/almeria/actividades/Agenda/bbc-bc-clar
      a.html',
      'https://www.bibliotecaspublicas.es/almeria/actividades/Agenda/cl-172.html
      ',
      'https://www.bibliotecaspublicas.es/almeria/actividades/Agenda/ti-140-rato
      ncitos.html',
      'https://www.bibliotecaspublicas.es/almeria/actividades/Agenda/pl-140.html
      ',
      'https://www.bibliotecaspublicas.es/almeria/actividades/Agenda/pl-172-gita
      nos.html',
      'https://www.bibliotecaspublicas.es/almeria/actividades/Agenda/ti-141-rato
      ncitos.html',
      'https://www.bibliotecaspublicas.es/almeria/actividades/Agenda/charla-bc.h
      tml',
      'https://www.bibliotecaspublicas.es/almeria/actividades/Agenda/cl-cabo.htm
      l',
      'https://www.bibliotecaspublicas.es/almeria/actividades/Agenda/cci-172-lob
      os.html',
      'https://www.bibliotecaspublicas.es/almeria/actividades/Agenda/ti-142-rato
      ncitos.html',
      'https://www.bibliotecaspublicas.es/almeria/actividades/Agenda/cci-141-lob
      os.html',
      'https://www.bibliotecaspublicas.es/almeria/actividades/Agenda/ti-143-rato
      ncitos.html',
      'https://www.bibliotecaspublicas.es/almeria/actividades/Agenda/cci-142.htm
      l',
      'https://www.bibliotecaspublicas.es/almeria/actividades/Agenda/tf-172-rato
      ncitos.html',
      'https://www.bibliotecaspublicas.es/almeria/actividades/Agenda/ta-172-teji
      endo.html',
      'https://www.bibliotecaspublicas.es/almeria/actividades/Agenda/cci-140-lob
      os.html',
      'https://www.bibliotecaspublicas.es/almeria/actividades/Agenda/ta-marcapag
      inas.html',
      'https://www.bibliotecaspublicas.es/almeria/actividades/Agenda/cci-143-lob
      os.html',
      'https://www.bibliotecaspublicas.es/almeria/actividades/Agenda/pl-172-aris
      tides.html',
      'https://www.bibliotecaspublicas.es/almeria/actividades/Agenda/pl-143.html
      ',
      'https://www.bibliotecaspublicas.es/almeria/actividades/Agenda/bbc-bc-clar
      a.html',
      'https://www.bibliotecaspublicas.es/almeria/actividades/Agenda/cl-172.html
      ',
      'https://www.bibliotecaspublicas.es/almeria/actividades/Agenda/ti-140-rato
      ncitos.html',
      'https://www.bibliotecaspublicas.es/almeria/actividades/Agenda/pl-140.html
      ',
      'https://www.bibliotecaspublicas.es/almeria/actividades/Agenda/pl-172-gita
      nos.html',
      'https://www.bibliotecaspublicas.es/almeria/actividades/Agenda/ti-141-rato
      ncitos.html',
      'https://www.bibliotecaspublicas.es/almeria/actividades/Agenda/charla-bc.h
      tml',
      'https://www.bibliotecaspublicas.es/almeria/actividades/Agenda/cl-cabo.htm
      l',
      'https://www.bibliotecaspublicas.es/almeria/actividades/Agenda/cci-172-lob
      os.html',
      'https://www.bibliotecaspublicas.es/almeria/actividades/Agenda/ti-142-rato
      ncitos.html',
      'https://www.bibliotecaspublicas.es/almeria/actividades/Agenda/cci-141-lob
      os.html',
      'https://www.bibliotecaspublicas.es/almeria/actividades/Agenda/ti-143-rato
      ncitos.html',
      'https://www.bibliotecaspublicas.es/almeria/actividades/Agenda/cci-142.htm
      l',
      'https://www.bibliotecaspublicas.es/almeria/actividades/Agenda/tf-172-rato
      ncitos.html',
      'https://www.bibliotecaspublicas.es/almeria/actividades/Agenda/ta-172-teji
      endo.html',
      'https://www.bibliotecaspublicas.es/almeria/actividades/Agenda/cci-140-lob
      os.html',
      'https://www.bibliotecaspublicas.es/almeria/actividades/Agenda/ta-marcapag
      inas.html',
      'https://www.bibliotecaspublicas.es/almeria/actividades/Agenda/cci-143-lob
      os.html',
      'https://www.bibliotecaspublicas.es/almeria/actividades/Agenda/pl-172-aris
      tides.html',
      'https://www.bibliotecaspublicas.es/almeria/actividades/Agenda/pl-143.html
      ',
      'https://www.bibliotecaspublicas.es/almeria/actividades/Agenda/bbc-bc-clar
      a.html',
      'https://www.bibliotecaspublicas.es/almeria/actividades/Agenda/cl-172.html
      ',
      'https://www.bibliotecaspublicas.es/almeria/actividades/Agenda/ti-140-rato
      ncitos.html',
      'https://www.bibliotecaspublicas.es/almeria/actividades/Agenda/pl-140.html
      ',
      'https://www.bibliotecaspublicas.es/almeria/actividades/Agenda/pl-172-gita
      nos.html',
      'https://www.bibliotecaspublicas.es/almeria/actividades/Agenda/ti-141-rato
      ncitos.html',
      'https://www.bibliotecaspublicas.es/almeria/actividades/Agenda/charla-bc.h
      tml',
      'https://www.bibliotecaspublicas.es/almeria/actividades/Agenda/cl-cabo.htm
      l',
      'https://www.bibliotecaspublicas.es/almeria/actividades/Agenda/cci-172-lob
      os.html',
      'https://www.bibliotecaspublicas.es/almeria/actividades/Agenda/ti-142-rato
      ncitos.html',
      'https://www.bibliotecaspublicas.es/almeria/actividades/Agenda/cci-141-lob
      os.html',
      'https://www.bibliotecaspublicas.es/almeria/actividades/Agenda/ti-143-rato
      ncitos.html',
      'https://www.bibliotecaspublicas.es/almeria/actividades/Agenda/cci-142.htm
      l',
      'https://www.bibliotecaspublicas.es/almeria/actividades/Agenda/tf-172-rato
      ncitos.html']
      *** SCRAPED 60 URLS WITH EVENTS **
      New url events = 0
      #######################
      No new urls/events extracted. No new events to save
      #######################

Result: Succeeded

Launching scraper: SalaEmma
Succeeded - 2026-04-01T21:29:25Z

dag: FisgonTaskSelenium (19.0s)
│
└─tarea_1 (19.0s) [succeeded]
  ├─bash -lc 'set -eo pipefail; export DOCKER_CONFIG=/tmp/.docker HOME=/tmp;
  │   SELENIUM_NAME="selenium_${DAG_RUN_ID:-$$}_$(date +%s)"; cleanup() {
  │   docker rm -f "$SELENIUM_NAME" >/dev/null 2>&1 || true; }; trap cleanup
  │   EXIT; docker run -d --rm --name "$SELENIUM_NAME" --shm-size=2g -e
  │   SE_NODE_MAX_SESSIONS=1 -e SE_NODE_OVERRIDE_MAX_SESSIONS=true
  │   selenium/standalone-chrome:latest >/dev/null; docker exec
  │   "$SELENIUM_NAME" bash -c "for i in \$(seq 1 60); do (echo >
  │   /dev/tcp/127.0.0.1/4444) >/dev/null 2>&1 && exit 0; sleep 1; done; exit
  │   1"; docker run --rm --network container:"$SELENIUM_NAME" -v
  │   /home/ubuntu/work/fisgon:/app -v
  │   /home/ubuntu/data_storage:/home/ubuntu/data_storage -v
  │   /home/ubuntu/work/event_flask_app/static/img:/home/ubuntu/work/event_fla
  │   sk_app/static/img -w /app -e OPERATION=0 -e DOCKER_CONFIG=/tmp/.docker
  │   -e HOME=/tmp -e TARGET_CITY -e TARGET_SCRAPER -e
  │   DAG_RUN_URL="${DAGU_BASE_URL:-}/dags/${DAG_NAME}?dagRunId=${DAG_RUN_ID}"
  │   -e
  │   DAG_RUN_LOG_URL="${DAGU_BASE_URL:-}/dags/${DAG_NAME}/log?remoteNode=loca
  │   l&step=tarea_1&dagRunId=${DAG_RUN_ID}" fisgon_scraper:1.0'
  │
  └─stdout: ... (9 more lines)
      DAG_RUN_URL=/dags/FisgonTaskSelenium/log?remoteNode=local&step=tarea_1&dag
      RunId=019d4af3-814e-7258-baf9-3acba441d19d
      Running for Almeria: SalaEmma
      SalaEmma
      RUNNING SESSION =  2026_04_01_21_21_Miercoles
      Starting WebDriver...
      http://localhost:4444/wd/hub
      sleeping 10
      Getting content
      --------------------
      {'id': '7a553900', 'show': 1, 'in_city': 1, 'one_day': 1,
      'wrong_date_time': 0, 'event': 'Kikín Fernández Y Fernando Labordeta',
      'slug': 'kikin-fernandez-y-fernando-labordeta', 'category':
      '__NOT_DEFINIED__', 'id_venue': '7qHRF9LM', 'venue': 'Sala EMMA',
      'std_venue': 'Sala Escuela Municipal de Música & Artes', 'start_date':
      '2026-05-16', 'start_time': '20:00:00', 'end_date': '__NOT_FOUND__',
      'end_time': '__NOT_FOUND__', 'description': 'Sábado, 16 de Mayo, 2026
      8:00 PM 12.00 €', 'others': {}, 'source': 'SalaEmma', 'exec_time':
      '20260401T212929', 'session': '2026_04_01_21_21_Miercoles', 'image':
      '/home/ubuntu/work/event_flask_app/static/img/a925a559.jpg', 'url':
      'https://entradasemma.azurewebsites.net/'}
      --------------------
      {'id': '1b0c12fb', 'show': 1, 'in_city': 1, 'one_day': 1,
      'wrong_date_time': 0, 'event': '¡corten! Una Comedia De Cine', 'slug':
      'corten-una-comedia-de-cine', 'category': '__NOT_DEFINIED__', 'id_venue':
      '7qHRF9LM', 'venue': 'Sala EMMA', 'std_venue': 'Sala Escuela Municipal de
      Música & Artes', 'start_date': '2026-04-25', 'start_time': '20:00:00',
      'end_date': '__NOT_FOUND__', 'end_time': '__NOT_FOUND__', 'description':
      'Sábado, 25 de Abril, 2026 8:00 PM 12.00 €', 'others': {}, 'source':
      'SalaEmma', 'exec_time': '20260401T212929', 'session':
      '2026_04_01_21_21_Miercoles', 'image':
      '/home/ubuntu/work/event_flask_app/static/img/cf21106b.jpg', 'url':
      'https://entradasemma.azurewebsites.net/'}
      --------------------
      {'id': '403ab6a6', 'show': 1, 'in_city': 1, 'one_day': 1,
      'wrong_date_time': 0, 'event': 'Menos Es Más (Alumnos Emma)', 'slug':
      'menos-es-mas-alumnos-emma', 'category': '__NOT_DEFINIED__', 'id_venue':
      '7qHRF9LM', 'venue': 'Sala EMMA', 'std_venue': 'Sala Escuela Municipal de
      Música & Artes', 'start_date': '2026-05-22', 'start_time': '20:00:00',
      'end_date': '__NOT_FOUND__', 'end_time': '__NOT_FOUND__', 'description':
      'Viernes, 22 de Mayo, 2026 8:00 PM 8.00 €', 'others': {}, 'source':
      'SalaEmma', 'exec_time': '20260401T212929', 'session':
      '2026_04_01_21_21_Miercoles', 'image':
      '/home/ubuntu/work/event_flask_app/static/img/24de4fc2.jpg', 'url':
      'https://entradasemma.azurewebsites.net/'}
      --------------------
      {'id': 'ea3857af', 'show': 1, 'in_city': 1, 'one_day': 1,
      'wrong_date_time': 0, 'event': 'Victor Castigao Descontrolao', 'slug':
      'victor-castigao-descontrolao', 'category': '__NOT_DEFINIED__',
      'id_venue': '7qHRF9LM', 'venue': 'Sala EMMA', 'std_venue': 'Sala Escuela
      Municipal de Música & Artes', 'start_date': '2026-04-18', 'start_time':
      '20:00:00', 'end_date': '__NOT_FOUND__', 'end_time': '__NOT_FOUND__',
      'description': 'Sábado, 18 de Abril, 2026 8:00 PM 12.00 €', 'others':
      {}, 'source': 'SalaEmma', 'exec_time': '20260401T212929', 'session':
      '2026_04_01_21_21_Miercoles', 'image':
      '/home/ubuntu/work/event_flask_app/static/img/7da3610e.jpg', 'url':
      'https://entradasemma.azurewebsites.net/'}
      --------------------
      {'id': '60681dbf', 'show': 1, 'in_city': 1, 'one_day': 1,
      'wrong_date_time': 0, 'event': 'Melocotón en Almíbar', 'slug':
      'melocoton-en-almibar', 'category': '__NOT_DEFINIED__', 'id_venue':
      '7qHRF9LM', 'venue': 'Sala EMMA', 'std_venue': 'Sala Escuela Municipal de
      Música & Artes', 'start_date': '2026-05-09', 'start_time': '20:00:00',
      'end_date': '__NOT_FOUND__', 'end_time': '__NOT_FOUND__', 'description':
      'Sábado, 9 de Mayo, 2026 8:00 PM 12.00 €', 'others': {}, 'source':
      'SalaEmma', 'exec_time': '20260401T212929', 'session':
      '2026_04_01_21_21_Miercoles', 'image':
      '/home/ubuntu/work/event_flask_app/static/img/40fa3e76.jpg', 'url':
      'https://entradasemma.azurewebsites.net/'}
      --------------------
      {'id': '58f28301', 'show': 1, 'in_city': 1, 'one_day': 1,
      'wrong_date_time': 0, 'event': 'Humor De Casados (Mariano Ypunto Y La
      Nena)', 'slug': 'humor-de-casados-mariano-ypunto-y-la-nena', 'category':
      '__NOT_DEFINIED__', 'id_venue': '7qHRF9LM', 'venue': 'Sala EMMA',
      'std_venue': 'Sala Escuela Municipal de Música & Artes', 'start_date':
      '2026-06-13', 'start_time': '20:00:00', 'end_date': '__NOT_FOUND__',
      'end_time': '__NOT_FOUND__', 'description': 'Sábado, 13 de Junio, 2026
      8:00 PM 15.00 €', 'others': {}, 'source': 'SalaEmma', 'exec_time':
      '20260401T212929', 'session': '2026_04_01_21_21_Miercoles', 'image':
      '/home/ubuntu/work/event_flask_app/static/img/98b3e614.jpg', 'url':
      'https://entradasemma.azurewebsites.net/'}
      --------------------
      {'id': '7894c02b', 'show': 1, 'in_city': 1, 'one_day': 1,
      'wrong_date_time': 0, 'event': 'Manolo Lera', 'slug': 'manolo-lera',
      'category': '__NOT_DEFINIED__', 'id_venue': '7qHRF9LM', 'venue': 'Sala
      EMMA', 'std_venue': 'Sala Escuela Municipal de Música & Artes',
      'start_date': '2026-04-11', 'start_time': '20:00:00', 'end_date':
      '__NOT_FOUND__', 'end_time': '__NOT_FOUND__', 'description': 'Sábado, 11
      de Abril, 2026 8:00 PM 12.00 €', 'others': {}, 'source': 'SalaEmma',
      'exec_time': '20260401T212929', 'session': '2026_04_01_21_21_Miercoles',
      'image': '/home/ubuntu/work/event_flask_app/static/img/22e9a488.jpg',
      'url': 'https://entradasemma.azurewebsites.net/'}
      --------------------
      {'id': '6698df77', 'show': 1, 'in_city': 1, 'one_day': 1,
      'wrong_date_time': 0, 'event': 'Pepe El Caja', 'slug': 'pepe-el-caja',
      'category': '__NOT_DEFINIED__', 'id_venue': '7qHRF9LM', 'venue': 'Sala
      EMMA', 'std_venue': 'Sala Escuela Municipal de Música & Artes',
      'start_date': '2026-05-23', 'start_time': '20:00:00', 'end_date':
      '__NOT_FOUND__', 'end_time': '__NOT_FOUND__', 'description': 'Sábado, 23
      de Mayo, 2026 8:00 PM 15.00 €', 'others': {}, 'source': 'SalaEmma',
      'exec_time': '20260401T212929', 'session': '2026_04_01_21_21_Miercoles',
      'image': '/home/ubuntu/work/event_flask_app/static/img/a24c4be2.jpg',
      'url': 'https://entradasemma.azurewebsites.net/'}
      --------------------
      {'id': '73398a24', 'show': 1, 'in_city': 1, 'one_day': 1,
      'wrong_date_time': 0, 'event': 'Alvarito', 'slug': 'alvarito', 'category':
      '__NOT_DEFINIED__', 'id_venue': '7qHRF9LM', 'venue': 'Sala EMMA',
      'std_venue': 'Sala Escuela Municipal de Música & Artes', 'start_date':
      '2026-06-06', 'start_time': '20:00:00', 'end_date': '__NOT_FOUND__',
      'end_time': '__NOT_FOUND__', 'description': 'Sábado, 6 de Junio, 2026
      8:00 PM 12.00 €', 'others': {}, 'source': 'SalaEmma', 'exec_time':
      '20260401T212929', 'session': '2026_04_01_21_21_Miercoles', 'image':
      '/home/ubuntu/work/event_flask_app/static/img/7196879c.jpg', 'url':
      'https://entradasemma.azurewebsites.net/'}
      --------------------
      {'id': '8e31aa2e', 'show': 1, 'in_city': 1, 'one_day': 1,
      'wrong_date_time': 0, 'event': 'Menos Es Más', 'slug': 'menos-es-mas',
      'category': '__NOT_DEFINIED__', 'id_venue': '7qHRF9LM', 'venue': 'Sala
      EMMA', 'std_venue': 'Sala Escuela Municipal de Música & Artes',
      'start_date': '2026-05-22', 'start_time': '20:00:00', 'end_date':
      '__NOT_FOUND__', 'end_time': '__NOT_FOUND__', 'description': 'Viernes, 22
      de Mayo, 2026 8:00 PM "Menos es Mas" es un formato diferente para amenizar
      tu evento. Este proyecto combina rock, jazz, pop...y su finalidad es
      transmitir emociones a través del instrumento. Juanmi Viñolo ha
      preparado una selección de temas de grandes clásicos de artistas como
      Frank Sinatra, Carlos\nSantana, Luis Salinas...\nSi te gusta la guitarra
      eléctrica, no te lo puedes perder 10.00 €', 'others': {}, 'source':
      'SalaEmma', 'exec_time': '20260401T212929', 'session':
      '2026_04_01_21_21_Miercoles', 'image':
      '/home/ubuntu/work/event_flask_app/static/img/456c9654.jpg', 'url':
      'https://entradasemma.azurewebsites.net/'}
      --------------------
      {'id': '1ad04ab8', 'show': 1, 'in_city': 1, 'one_day': 1,
      'wrong_date_time': 0, 'event': 'El Mentalista Canalla', 'slug':
      'el-mentalista-canalla', 'category': '__NOT_DEFINIED__', 'id_venue':
      '7qHRF9LM', 'venue': 'Sala EMMA', 'std_venue': 'Sala Escuela Municipal de
      Música & Artes', 'start_date': '2026-04-24', 'start_time': '20:00:00',
      'end_date': '__NOT_FOUND__', 'end_time': '__NOT_FOUND__', 'description':
      'Viernes, 24 de Abril, 2026 8:00 PM 12.00 €', 'others': {}, 'source':
      'SalaEmma', 'exec_time': '20260401T212929', 'session':
      '2026_04_01_21_21_Miercoles', 'image':
      '/home/ubuntu/work/event_flask_app/static/img/8074c1a5.jpg', 'url':
      'https://entradasemma.azurewebsites.net/'}
      Checking unique event dict.
      Reading /home/ubuntu/data_storage/Almeria/00_master/master_events.json...
      *******
      [('Rafa Tornado Punkústico', 'Sala EMMA', '2026-03-15', '17:00:00'),
      ('Una De Imrpo! Dela Mujer', 'Sala EMMA', '2026-03-26', '21:00:00'),
      ('¡corten! Una Comedia De Cine', 'Sala EMMA', '2026-04-25', '20:00:00'),
      ('Melocotón en Almíbar', 'Sala EMMA', '2026-05-09', '20:00:00'),
      ('Kikín Fernández Y Fernando Labordeta', 'Sala EMMA', '2026-05-16',
      '20:00:00'), ('Menos Es Más', 'Sala EMMA', '2026-05-22', '20:00:00'),
      ('Pepe El Caja', 'Sala EMMA', '2026-05-23', '20:00:00'), ('Alvarito',
      'Sala EMMA', '2026-06-06', '20:00:00'), ('Humor De Casados (Mariano Ypunto
      Y La Nena)', 'Sala EMMA', '2026-06-13', '20:00:00')]
      ('Kikín Fernández Y Fernando Labordeta', 'Sala EMMA', '2026-05-16',
      '20:00:00')
      ('¡corten! Una Comedia De Cine', 'Sala EMMA', '2026-04-25', '20:00:00')
      ('Menos Es Más (Alumnos Emma)', 'Sala EMMA', '2026-05-22', '20:00:00')
      ('Victor Castigao Descontrolao', 'Sala EMMA', '2026-04-18', '20:00:00')
      ('Melocotón en Almíbar', 'Sala EMMA', '2026-05-09', '20:00:00')
      ('Humor De Casados (Mariano Ypunto Y La Nena)', 'Sala EMMA', '2026-06-13',
      '20:00:00')
      ('Manolo Lera', 'Sala EMMA', '2026-04-11', '20:00:00')
      ('Pepe El Caja', 'Sala EMMA', '2026-05-23', '20:00:00')
      ('Alvarito', 'Sala EMMA', '2026-06-06', '20:00:00')
      ('Menos Es Más', 'Sala EMMA', '2026-05-22', '20:00:00')
      ('El Mentalista Canalla', 'Sala EMMA', '2026-04-24', '20:00:00')
      ****************************
      Saving 4 new events
      Saving in
      /home/ubuntu/data_storage/Almeria/2026_04_01_21_21_Miercoles/0_raw/2026040
      1_2129_SalaEmma.json
      Saving 4 master url
      Appending to  /home/ubuntu/data_storage/Almeria/00_master/master_url.json

Result: Succeeded

