Launching scraper: AlmeriaCiudad
Succeeded - 2026-03-01T11:36:06Z

dag: FisgonTaskSelenium (47.0s)
│
└─tarea_1 (47.0s) [succeeded]
  ├─bash -lc 'set -eo pipefail; export DOCKER_CONFIG=/tmp/.docker HOME=/tmp;
  │   SELENIUM_NAME="selenium_${DAG_RUN_ID:-$$}_$(date +%s)"; cleanup() {
  │   docker rm -f "$SELENIUM_NAME" >/dev/null 2>&1 || true; }; trap cleanup
  │   EXIT; docker run -d --rm --name "$SELENIUM_NAME" --shm-size=2g -e
  │   SE_NODE_MAX_SESSIONS=1 -e SE_NODE_OVERRIDE_MAX_SESSIONS=true
  │   selenium/standalone-chrome:latest >/dev/null; docker exec
  │   "$SELENIUM_NAME" bash -c "for i in \$(seq 1 60); do (echo >
  │   /dev/tcp/127.0.0.1/4444) >/dev/null 2>&1 && exit 0; sleep 1; done; exit
  │   1"; docker run --rm --network container:"$SELENIUM_NAME" -v
  │   /home/ubuntu/work/fisgon:/app -v
  │   /home/ubuntu/data_storage:/home/ubuntu/data_storage -v
  │   /home/ubuntu/work/event_flask_app/static/img:/home/ubuntu/work/event_fla
  │   sk_app/static/img -w /app -e OPERATION=0 -e DOCKER_CONFIG=/tmp/.docker
  │   -e HOME=/tmp -e TARGET_CITY -e TARGET_SCRAPER -e
  │   DAG_RUN_URL="${DAGU_BASE_URL:-}/dags/${DAG_NAME}?dagRunId=${DAG_RUN_ID}"
  │   -e
  │   DAG_RUN_LOG_URL="${DAGU_BASE_URL:-}/dags/${DAG_NAME}/log?remoteNode=loca
  │   l&step=tarea_1&dagRunId=${DAG_RUN_ID}" fisgon_scraper:1.0'
  │
  ├─stdout:
  │   RUNNING VARS →
  │   CITY=Almeria,
  │   OPERATION=0,
  │   CREATE_SESSION=0,
  │   CLOSE_SESSION=0,
  │   SESSION=None,
  │   IMAGES=0,
  │   GET_SCRAPERS=
  │   SCRAPER=AlmeriaCiudad
  │   DAG_RUN_URL=/dags/FisgonTaskSelenium/log?remoteNode=local&step=tarea_1&d
  │   agRunId=019ca92f-2a69-7400-8839-aad14962ccda
  │   Running for Almeria: AlmeriaCiudad
  │   AlmeriaCiudad
  │   RUNNING SESSION =  2026_03_01_11_33_Domingo
  │   Starting WebDriver...
  │   http://localhost:4444/wd/hub
  │   sleeping 5
  │   Getting content
  │   page = 0
  │   -----------https://almeriaciudad.es/cultura/agenda?page=0---------------
  │   len 12
  │   sleeping 5
  │   Getting content
  │   page = 1
  │   -----------https://almeriaciudad.es/cultura/agenda?page=1---------------
  │   len 12
  │   sleeping 5
  │   Getting content
  │   page = 2
  │   -----------https://almeriaciudad.es/cultura/agenda?page=2---------------
  │   len 10
  │   sleeping 5
  │   Getting content
  │   page = 3
  │   -----------https://almeriaciudad.es/cultura/agenda?page=3---------------
  │   len 0
  │   *** SCRAPED 34 URLS WITH EVENTS **
  │   New url events = 2
  │   0 / 2
  │   Getting https://almeriaciudad.es//cultura/evento/diversity-performance
  │   Sleep 4
  │   --------------------
  │   {'id': '42fbc132', 'show': 1, 'in_city': 1, 'one_day': 1,
  │   'wrong_date_time': 0, 'event': 'Diversity: The Performance', 'slug':
  │   'diversity-the-performance', 'category': '__NOT_DEFINIED__', 'id_venue':
  │   None, 'venue': 'PLAZA CAREAGA', 'std_venue': None, 'start_date':
  │   '2026-03-20', 'start_time': '20:00:00', 'end_date': '2026-03-20',
  │   'end_time': '21:00:00', 'description': 'El colectivo artístico.
  │   Experiment-Art. , formado por alumnado de los IES. Celia Viñas,
  │   Alborán. y de. Movárea. tienen la intención de fusionar la cultura y
  │   educación mediante una performance que incorpore múltiples lenguajes
  │   artísticos (cuerpo, espacio, sonido, gesto, narrativas no
  │   convencionales), crando un terreno fértil para explorar cuestiones de
  │   identidad y diferencia, el próximo 20 de marzo de 2026, a las 20:00h en
  │   la Plaza Careaga.', 'others': {'organizer': 'PLAZA CAREAGA', 'price':
  │   'ENTRADA LIBRE HASTA COMPLETAR AFORO', 'category': 'Exhibición|Varios',
  │   'audience_age': 'Todas las edades'}, 'source': 'AlmeriaCiudad',
  │   'exec_time': '20260301T113612', 'session': '2026_03_01_11_33_Domingo',
  │   'image':
  │   'https://almeriaciudad.es/uploads/styles/large/public/media/image/whatsa
  │   pp-image-2026-02-25-at-11.41.19.jpeg?itok=6ZmvJt6K', 'url':
  │   'https://almeriaciudad.es//cultura/evento/diversity-performance'}
  │   1 / 2
  │   Getting https://almeriaciudad.es//cultura/evento/quinteto-de-viento-oual
  │   Sleep 4
  │   --------------------
  │   {'id': '16639f58', 'show': 1, 'in_city': 1, 'one_day': 1,
  │   'wrong_date_time': 0, 'event': 'Quinteto De Viento Oual', 'slug':
  │   'quinteto-de-viento-oual', 'category': '__NOT_DEFINIED__', 'id_venue':
  │   'tQfq78jF', 'venue': 'Teatro Apolo', 'std_venue': 'Teatro Apolo',
  │   'start_date': '2026-03-16', 'start_time': '19:30:00', 'end_date':
  │   '2026-03-16', 'end_time': '20:30:00', 'description': '', 'others':
  │   {'organizer': 'Teatro Apolo', 'price': 'ENTRADA CON INVITACIÓN',
  │   'category': 'Concierto|Música|Orquesta', 'audience_age': 'Todas las
  │   edades'}, 'source': 'AlmeriaCiudad', 'exec_time': '20260301T113612',
  │   'session': '2026_03_01_11_33_Domingo', 'image':
  │   'https://almeriaciudad.es/uploads/styles/large/public/media/image/10.-16
  │   -03-quin-oual-2025-26-a3.png?itok=ZjDQh__r', 'url':
  │   'https://almeriaciudad.es//cultura/evento/quinteto-de-viento-oual'}
  │   ****************************
  │   Saving 2 new events
  │   Saving in
  │   /home/ubuntu/data_storage/Almeria/2026_03_01_11_33_Domingo/0_raw/2026030
  │   1_1136_AlmeriaCiudad.json
  │   Saving 2 master url
  │   Appending to /home/ubuntu/data_storage/Almeria/00_master/master_url.json
  └─stderr:
      /usr/local/lib/python3.11/site-packages/urllib3/connectionpool.py:1097:
      InsecureRequestWarning: Unverified HTTPS request is being made to host
      'almeriaciudad.es'. Adding certificate verification is strongly advised.
      See:
      https://urllib3.readthedocs.io/en/latest/advanced-usage.html#tls-warnings
      warnings.warn(
      /usr/local/lib/python3.11/site-packages/urllib3/connectionpool.py:1097:
      InsecureRequestWarning: Unverified HTTPS request is being made to host
      'almeriaciudad.es'. Adding certificate verification is strongly advised.
      See:
      https://urllib3.readthedocs.io/en/latest/advanced-usage.html#tls-warnings
      warnings.warn(

Result: Succeeded

Launching scraper: AlmeriaTurismo
Failed - 2026-03-01T11:36:53Z

dag: FisgonTaskSelenium (39.0s)
│
└─tarea_1 (39.0s) [failed]
  ├─bash -lc 'set -eo pipefail; export DOCKER_CONFIG=/tmp/.docker HOME=/tmp;
  │   SELENIUM_NAME="selenium_${DAG_RUN_ID:-$$}_$(date +%s)"; cleanup() {
  │   docker rm -f "$SELENIUM_NAME" >/dev/null 2>&1 || true; }; trap cleanup
  │   EXIT; docker run -d --rm --name "$SELENIUM_NAME" --shm-size=2g -e
  │   SE_NODE_MAX_SESSIONS=1 -e SE_NODE_OVERRIDE_MAX_SESSIONS=true
  │   selenium/standalone-chrome:latest >/dev/null; docker exec
  │   "$SELENIUM_NAME" bash -c "for i in \$(seq 1 60); do (echo >
  │   /dev/tcp/127.0.0.1/4444) >/dev/null 2>&1 && exit 0; sleep 1; done; exit
  │   1"; docker run --rm --network container:"$SELENIUM_NAME" -v
  │   /home/ubuntu/work/fisgon:/app -v
  │   /home/ubuntu/data_storage:/home/ubuntu/data_storage -v
  │   /home/ubuntu/work/event_flask_app/static/img:/home/ubuntu/work/event_fla
  │   sk_app/static/img -w /app -e OPERATION=0 -e DOCKER_CONFIG=/tmp/.docker
  │   -e HOME=/tmp -e TARGET_CITY -e TARGET_SCRAPER -e
  │   DAG_RUN_URL="${DAGU_BASE_URL:-}/dags/${DAG_NAME}?dagRunId=${DAG_RUN_ID}"
  │   -e
  │   DAG_RUN_LOG_URL="${DAGU_BASE_URL:-}/dags/${DAG_NAME}/log?remoteNode=loca
  │   l&step=tarea_1&dagRunId=${DAG_RUN_ID}" fisgon_scraper:1.0'
  │
  ├─stdout: ... (240 more lines)
  │   --------------------
  │   {'id': '4d1e7f24', 'show': 1, 'in_city': 1, 'one_day': 1,
  │   'wrong_date_time': 0, 'event': 'Elvis, Queen Y ABBA: Legends Forever',
  │   'slug': 'elvis-queen-y-abba-legends-forever', 'category':
  │   '__NOT_DEFINIED__', 'id_venue': 'DgpfFbPt', 'venue': 'Teatro Cervantes',
  │   'std_venue': 'Teatro Cervantes', 'start_date': '2026-03-20',
  │   'start_time': '22:30:00', 'end_date': '2026-03-20', 'end_time':
  │   '00:30:00', 'description': 'Disfruta del mayor espectáculo musical para
  │   toda la familia con ‘Legends Forever’, un tributo a tres de los más
  │   grandes íconos de la música: Elvis Presley, Queen y ABBA. Vive una
  │   noche inolvidable con sus mejores éxitos en un show vibrante y lleno de
  │   emoción. ¡No te lo pierdas!', 'others': {'category': 'Teatro Cervantes
  │   Almería', 'hour': '__NOT_FOUND__', 'startDate': '2026-3-20T22:30+2:00',
  │   'endDate': '2026-3-20T00:30+2:00', 'duration_days': -1, 'location':
  │   'Calle Poeta Villaespesa, 1, 04001 Almería'}, 'source':
  │   'AlmeriaTurismo', 'exec_time': '20260301T113659', 'session':
  │   '2026_03_01_11_33_Domingo', 'image':
  │   'https://www.turismodealmeria.org/wp-content/uploads/2026/02/Elvis-Queen
  │   -y-ABBA-Legends-Forever.jpg', 'url':
  │   'https://www.turismodealmeria.org/evento/elvis-queen-y-abba-legends-fore
  │   ver/'}
  │   --------------------
  │   {'id': 'b7e9daae', 'show': 1, 'in_city': 1, 'one_day': 1,
  │   'wrong_date_time': 0, 'event': 'Yacimiento Barrio Andalusí', 'slug':
  │   'yacimiento-barrio-andalusi', 'category': '__NOT_DEFINIED__',
  │   'id_venue': '7c35bc90', 'venue': 'Yacimiento Arqueológico Barrio
  │   Andalusí (Mesón Gitano)', 'std_venue': 'Mesón Gitano', 'start_date':
  │   '2026-03-21', 'start_time': '11:00:00', 'end_date': '2026-03-21',
  │   'end_time': '13:00:00', 'description': 'Visitas guiadas al Yacimiento
  │   Arqueológico Barrio Andalusí', 'others': {'category': '__NOT_FOUND__',
  │   'hour': '__NOT_FOUND__', 'startDate': '2026-3-21T11:00+2:00', 'endDate':
  │   '2026-3-21T13:00+2:00', 'duration_days': 0, 'location': 'Calle
  │   Fernández, 70,04002 Almería'}, 'source': 'AlmeriaTurismo',
  │   'exec_time': '20260301T113659', 'session': '2026_03_01_11_33_Domingo',
  │   'image':
  │   'https://www.turismodealmeria.org/wp-content/uploads/2025/10/visitas-gui
  │   adas-Yacimiento-andalusi.jpg', 'url':
  │   'https://www.turismodealmeria.org/evento/yacimiento-barrio-andalusi/var/
  │   ri-32.l-L1'}
  │   --------------------
  │   {'id': '2b7f8a9f', 'show': 1, 'in_city': 1, 'one_day': 1,
  │   'wrong_date_time': 0, 'event': 'Tablao Flamenco La Canastera: Cante,
  │   Baile Y Guitarra', 'slug':
  │   'tablao-flamenco-la-canastera-cante-baile-y-guitarra', 'category':
  │   '__NOT_DEFINIED__', 'id_venue': '33Hjdghj', 'venue': 'La Canastera -
  │   Tablao flamenco', 'std_venue': 'Tablao Flamenco La Canastera',
  │   'start_date': '2026-03-21', 'start_time': '20:00:00', 'end_date':
  │   '2026-03-21', 'end_time': '22:00:00', 'description': 'Disfruta de una
  │   noche inolvidable de flamenco en el Tablao La Canastera el sábado 21 de
  │   marzo a las 20:00. Un espectáculo lleno de pasión, arte y tradición
  │   con cante, baile y guitarra en un ambiente único. Compra tu entrada
  │   anticipada y no te pierdas esta experiencia cultural en el corazón de
  │   Almería.', 'others': {'category': 'Cante, Baile y Guitarra en La
  │   Canastera', 'hour': '__NOT_FOUND__', 'startDate':
  │   '2026-3-21T20:00+2:00', 'endDate': '2026-3-21T22:00+2:00',
  │   'duration_days': 0, 'location': 'C. Cordoneros, 5, 04002 Almería'},
  │   'source': 'AlmeriaTurismo', 'exec_time': '20260301T113659', 'session':
  │   '2026_03_01_11_33_Domingo', 'image':
  │   'https://www.turismodealmeria.org/wp-content/uploads/2026/02/Tablao-Flam
  │   enco-La-Canastera-Cante-Baile-y-Guitarra.jpg', 'url':
  │   'https://www.turismodealmeria.org/evento/tablao-flamenco-la-canastera-ca
  │   nte-baile-y-guitarra/'}
  │   --------------------
  │   {'id': 'efa994d6', 'show': 1, 'in_city': 1, 'one_day': 1,
  │   'wrong_date_time': 0, 'event': 'One Way Ticket', 'slug':
  │   'one-way-ticket', 'category': '__NOT_DEFINIED__', 'id_venue':
  │   'DgpfFbPt', 'venue': 'Teatro Cervantes', 'std_venue': 'Teatro
  │   Cervantes', 'start_date': '2026-03-22', 'start_time': '19:00:00',
  │   'end_date': '2026-03-22', 'end_time': '21:00:00', 'description': 'El
  │   Teatro Kuver presenta ‘One Way Ticket’, un musical escrito y
  │   dirigido por Rubén Frías. La obra cuenta con la participación de
  │   Mariam Tirado, Ray Sánchez y el propio Rubén Frías. Un espectáculo
  │   cargado de emociones, humor y talento que reflexiona sobre la vida a
  │   través de un viaje sin regreso. No te pierdas esta inolvidable función
  │   en el Teatro Cervantes.', 'others': {'category': 'Un musical de Rubén
  │   Frías', 'hour': '__NOT_FOUND__', 'startDate': '2026-3-22T19:00+2:00',
  │   'endDate': '2026-3-22T21:00+2:00', 'duration_days': 0, 'location':
  │   'Calle Poeta Villaespesa, 1, 04001 Almería'}, 'source':
  │   'AlmeriaTurismo', 'exec_time': '20260301T113659', 'session':
  │   '2026_03_01_11_33_Domingo', 'image':
  │   'https://www.turismodealmeria.org/wp-content/uploads/2026/02/One-Way-Tic
  │   ket.jpg', 'url':
  │   'https://www.turismodealmeria.org/evento/one-way-ticket/'}
  │   --------------------
  │   {'id': 'cdca0854', 'show': 1, 'in_city': 1, 'one_day': 1,
  │   'wrong_date_time': 0, 'event': 'Club De Lectura – Port of Spain',
  │   'slug': 'club-de-lectura-port-of-spain', 'category': '__NOT_DEFINIED__',
  │   'id_venue': 'ddgm4gQP', 'venue': 'Port of Spain', 'std_venue': 'Port Of
  │   Spain', 'start_date': '2026-03-26', 'start_time': '19:30:00',
  │   'end_date': '2026-03-26', 'end_time': '21:30:00', 'description': 'Esta
  │   vez nos proponemos esta desgarradora historia de un soldado senegalés
  │   en las trincheras de la Primera Guerra Mundial. Alfa Ndiaye es
  │   senegalés y ha acabado combatiendo con el ejército francés en el
  │   frente. En el mismo regimiento también lucha su amigo Mademba Diop,
  │   quien es herido de gravedad en el frente. Cuando Mademba le pide que lo
  │   mate para evitar sufrimientos inútiles, Alfa se siente incapaz de
  │   cumplir su deseo. Escrita con una prosa hipnótica, esta desgarradora
  │   novela retrata el descenso a los infiernos de un joven soldado colonial
  │   en la Europa en guerra. Plasmada el horror cotidiano de las trincheras,
  │   pero también evoca el mundo y los seres queridos que ha dejado atrás,
  │   e indaga en su identidad dividida. Una narración deslumbrante,
  │   sobrecogedora, inolvidable.', 'others': {'category': "Lectura del libro
  │   'Hermanos de alma' de David Diop", 'hour': '__NOT_FOUND__', 'startDate':
  │   '2026-3-26T19:30+2:00', 'endDate': '2026-3-26T21:30+2:00',
  │   'duration_days': 0, 'location': 'Parque de Nicolás Salmerón, 20, 04002
  │   Almería'}, 'source': 'AlmeriaTurismo', 'exec_time': '20260301T113659',
  │   'session': '2026_03_01_11_33_Domingo', 'image':
  │   'https://www.turismodealmeria.org/wp-content/uploads/2026/02/club-lectur
  │   as-mundo.jpg', 'url':
  │   'https://www.turismodealmeria.org/evento/club-de-lectura-port-of-spain/'
  │   }
  │   --------------------
  │   {'id': 'f3917f4a', 'show': 1, 'in_city': 1, 'one_day': 1,
  │   'wrong_date_time': 0, 'event': 'Lorcas´indómita - Delicatessen
  │   Invierno 2026', 'slug': 'lorcas-indomita-delicatessen-invierno-2026',
  │   'category': '__NOT_DEFINIED__', 'id_venue': 'tQfq78jF', 'venue': 'Teatro
  │   Apolo', 'std_venue': 'Teatro Apolo', 'start_date': '2026-03-26',
  │   'start_time': '20:30:00', 'end_date': '2026-03-26', 'end_time':
  │   '21:30:00', 'description': 'Jueves 26 de Marzo 2026 20:30. PRECIO DE LAS
  │   ENTRADAS: 14 EUROS. ABONO DELICATESSEN INVIERNO 2026 (INCLUYE “ETER,
  │   DANZA DE LUCES”, “ALETHEIA” Y “LORCAS´INDÓMITA”): 33 EUROS',
  │   'others': {'category': '__NOT_FOUND__', 'hour': '__NOT_FOUND__',
  │   'startDate': '2026-3-26T20:30+2:00', 'endDate': '2026-3-26T21:30+2:00',
  │   'duration_days': 0, 'location': 'Rambla Obispo Orbera, 25,04001
  │   Almería'}, 'source': 'AlmeriaTurismo', 'exec_time': '20260301T113659',
  │   'session': '2026_03_01_11_33_Domingo', 'image':
  │   'https://www.turismodealmeria.org/wp-content/uploads/2026/01/lorca.jpg',
  │   'url':
  │   'https://www.turismodealmeria.org/evento/lorcasindomita-delicatessen-inv
  │   ierno-2026/'}
  │   --------------------
  │   {'id': 'b547cb98', 'show': 1, 'in_city': 1, 'one_day': 1,
  │   'wrong_date_time': 0, 'event': 'Visita Las Casas Consistoriales',
  │   'slug': 'visita-las-casas-consistoriales', 'category':
  │   '__NOT_DEFINIED__', 'id_venue': '7RhD7QqG', 'venue': 'Plaza Vieja',
  │   'std_venue': 'Plaza de la Constitución', 'start_date': '2026-03-27',
  │   'start_time': '10:00:00', 'end_date': '2026-03-27', 'end_time':
  │   '12:00:00', 'description': 'El Ayuntamiento de Almería organiza visitas
  │   guiadas a las Casas Consistoriales, con personal municipal experto en la
  │   Historia y Patrimonio de Almería, quienes explicarán la reciente
  │   restauración del edificio.. Las visitas están dirigidas al público
  │   general y se realizan los viernes a las 10:00h y 12:00h, con un máximo
  │   de 30 personas por pase.. El punto de encuentro es la Plaza Vieja. La
  │   inscripción es gratuita a través de la web.
  │   https://reservas.turismodealmeria.org/visitas-casa-consistorial. ..
  │   Recorrido:. Inicio de la visita:. entrada por las Casas Consistoriales.
  │   Visita a la primitiva biblioteca. Subida por las escaleras de mármol
  │   con barandas de balaustradas. Hall de entrada al Salón Noble para
  │   contemplar los altorrelieves del Sagrado Corazón de Jesús, Virgen del
  │   Mar y San Indalecio. Salón Noble. Visita al muro primitivo del siglo
  │   XVII descubierto durante la restauración. Visita del lienzo de la Casa
  │   Pratas. Arcos apuntados y escalera con baranda de forja recuperados de
  │   la Casa Lledó. Salida de las Casas Consistoriales. y visita final a la
  │   Oficina Municipal de Turismo. Más información en la Oficina de Turismo
  │   ubicada en la calle Juez, 6 o a través del teléfono 950 210 035 y el
  │   correo oficinaturismo@aytoalmeria.es.', 'others': {'category': 'Visita
  │   guiada por el patrimonio histórico de las Casas Consistoriales',
  │   'hour': '__NOT_FOUND__', 'startDate': '2026-3-27T10:00+2:00', 'endDate':
  │   '2026-3-27T12:00+2:00', 'duration_days': 0, 'location': 'Convento de
  │   Santa Clara, Plaza de la Constitución, 04071 Almería, España'},
  │   'source': 'AlmeriaTurismo', 'exec_time': '20260301T113659', 'session':
  │   '2026_03_01_11_33_Domingo', 'image':
  │   'https://www.turismodealmeria.org/wp-content/uploads/2026/01/1200x1500-V
  │   isitas-Consistorio-Almeria-Ciudad-01-2.jpg', 'url':
  │   'https://www.turismodealmeria.org/evento/visita-las-casas-consistoriales
  │   /var/ri-8.l-L1'}
  │   --------------------
  │   {'id': 'c1676aa4', 'show': 1, 'in_city': 1, 'one_day': 1,
  │   'wrong_date_time': 1, 'event': 'Visita Guiada a La Casa Del Cine',
  │   'slug': 'visita-guiada-a-la-casa-del-cine', 'category':
  │   '__NOT_DEFINIED__', 'id_venue': 'df8rMnjt', 'venue': 'Casa del Cine de
  │   Almería', 'std_venue': 'Casa del Cine', 'start_date': '2026-03-27',
  │   'start_time': '__NOT_FOUND__', 'end_date': '2026-03-27', 'end_time':
  │   '__NOT_FOUND__', 'description': 'Si buscas planazo para el viernes…
  │   aquí lo tienes. A partir del 12 de diciembre, gran oportunidad para
  │   conocer la Casa del Cine, su legado y la historia cinematográfica de
  │   Almería.. Únete a nuestra visita guiada por la Finca Santa Isabel y
  │   descubre los secretos, anécdotas y rincones que guarda.. Asegura tu
  │   plaza llamando al 950 21 00 30 (En horario de Casa del Cine). ¡Te
  │   esperamos!', 'others': {'category': 'Todos los viernes', 'hour':
  │   '__NOT_FOUND__', 'startDate': '2026-3-27', 'endDate': '2026-3-27',
  │   'duration_days': 0, 'location': 'Camino Romero, 1, 04009 Almería'},
  │   'source': 'AlmeriaTurismo', 'exec_time': '20260301T113659', 'session':
  │   '2026_03_01_11_33_Domingo', 'image':
  │   'https://www.turismodealmeria.org/wp-content/uploads/2025/12/visita-guia
  │   da.jpg', 'url':
  │   'https://www.turismodealmeria.org/evento/visita-guiada-a-la-casa-del-cin
  │   e/var/ri-15.l-L1'}
  │   --------------------
  │   {'id': '637e30d9', 'show': 1, 'in_city': 1, 'one_day': 1,
  │   'wrong_date_time': 0, 'event': 'Yacimiento Barrio Andalusí', 'slug':
  │   'yacimiento-barrio-andalusi', 'category': '__NOT_DEFINIED__',
  │   'id_venue': '7c35bc90', 'venue': 'Yacimiento Arqueológico Barrio
  │   Andalusí (Mesón Gitano)', 'std_venue': 'Mesón Gitano', 'start_date':
  │   '2026-03-27', 'start_time': '18:00:00', 'end_date': '2026-03-27',
  │   'end_time': '20:00:00', 'description': 'Visitas guiadas al Yacimiento
  │   Arqueológico Barrio Andalusí', 'others': {'category': '__NOT_FOUND__',
  │   'hour': '__NOT_FOUND__', 'startDate': '2026-3-27T18:00+2:00', 'endDate':
  │   '2026-3-27T20:00+2:00', 'duration_days': 0, 'location': 'Calle
  │   Fernández, 70,04002 Almería'}, 'source': 'AlmeriaTurismo',
  │   'exec_time': '20260301T113659', 'session': '2026_03_01_11_33_Domingo',
  │   'image':
  │   'https://www.turismodealmeria.org/wp-content/uploads/2025/10/visitas-gui
  │   adas-Yacimiento-andalusi.jpg', 'url':
  │   'https://www.turismodealmeria.org/evento/yacimiento-barrio-andalusi/var/
  │   ri-33.l-L1'}
  │   --------------------
  │   {'id': 'c4fe8a8b', 'show': 1, 'in_city': 1, 'one_day': 1,
  │   'wrong_date_time': 0, 'event': 'Morricone Rock Experience', 'slug':
  │   'morricone-rock-experience', 'category': '__NOT_DEFINIED__', 'id_venue':
  │   '27qNP7DH', 'venue': 'Auditorio Municipal Maestro Padilla', 'std_venue':
  │   'Auditorio Municipal Maestro Padilla', 'start_date': '2026-03-27',
  │   'start_time': '20:30:00', 'end_date': '2026-03-27', 'end_time':
  │   '23:00:00', 'description': 'vie 27 mar 2026 20:30. auditorio municipal
  │   maestro padilla.', 'others': {'category': '__NOT_FOUND__', 'hour':
  │   '__NOT_FOUND__', 'startDate': '2026-3-27T20:30+2:00', 'endDate':
  │   '2026-3-27T23:00+2:00', 'duration_days': 0, 'location': 'Auditorio
  │   Municipal Maestro Padilla'}, 'source': 'AlmeriaTurismo', 'exec_time':
  │   '20260301T113659', 'session': '2026_03_01_11_33_Domingo', 'image':
  │   'https://www.turismodealmeria.org/wp-content/uploads/2026/01/morricone.j
  │   pg', 'url':
  │   'https://www.turismodealmeria.org/evento/morricone-rock-experience/'}
  │   --------------------
  │   {'id': '64982218', 'show': 1, 'in_city': 1, 'one_day': 1,
  │   'wrong_date_time': 0, 'event': 'Vera Fauna', 'slug': 'vera-fauna',
  │   'category': '__NOT_DEFINIED__', 'id_venue': 'NmPqTrh6', 'venue': 'Berlin
  │   Social Club', 'std_venue': 'Berlin Social Club', 'start_date':
  │   '2026-03-27', 'start_time': '21:00:00', 'end_date': '2026-03-27',
  │   'end_time': '23:00:00', 'description': 'La banda Vera Fauna llega a
  │   Almería con su gira ‘Dime Dónde Estamos’. El concierto tendrá
  │   lugar el 27 de marzo en la Sala Berlin Social Club. No te pierdas esta
  │   oportunidad de disfrutar en directo de su sonido fresco y envolvente.',
  │   'others': {'category': 'Gira Dime Dónde Estamos en Almería', 'hour':
  │   '__NOT_FOUND__', 'startDate': '2026-3-27T21:00+2:00', 'endDate':
  │   '2026-3-27T23:00+2:00', 'duration_days': 0, 'location': 'Parque de
  │   Nicolás Salmerón, 9, Bajo 2, 04001 Almería'}, 'source':
  │   'AlmeriaTurismo', 'exec_time': '20260301T113659', 'session':
  │   '2026_03_01_11_33_Domingo', 'image':
  │   'https://www.turismodealmeria.org/wp-content/uploads/2026/01/Concierto-V
  │   era-Fauna-Gira-Dime-Donde-Estamos-en-Almeria.jpg', 'url':
  │   'https://www.turismodealmeria.org/evento/vera-fauna/'}
  │   --------------------
  │   {'id': 'f2a2c0ca', 'show': 1, 'in_city': 1, 'one_day': 1,
  │   'wrong_date_time': 0, 'event': 'Yacimiento Barrio Andalusí', 'slug':
  │   'yacimiento-barrio-andalusi', 'category': '__NOT_DEFINIED__',
  │   'id_venue': '7c35bc90', 'venue': 'Yacimiento Arqueológico Barrio
  │   Andalusí (Mesón Gitano)', 'std_venue': 'Mesón Gitano', 'start_date':
  │   '2026-03-28', 'start_time': '11:00:00', 'end_date': '2026-03-28',
  │   'end_time': '13:00:00', 'description': 'Visitas guiadas al Yacimiento
  │   Arqueológico Barrio Andalusí', 'others': {'category': '__NOT_FOUND__',
  │   'hour': '__NOT_FOUND__', 'startDate': '2026-3-28T11:00+2:00', 'endDate':
  │   '2026-3-28T13:00+2:00', 'duration_days': 0, 'location': 'Calle
  │   Fernández, 70,04002 Almería'}, 'source': 'AlmeriaTurismo',
  │   'exec_time': '20260301T113659', 'session': '2026_03_01_11_33_Domingo',
  │   'image':
  │   'https://www.turismodealmeria.org/wp-content/uploads/2025/10/visitas-gui
  │   adas-Yacimiento-andalusi.jpg', 'url':
  │   'https://www.turismodealmeria.org/evento/yacimiento-barrio-andalusi/var/
  │   ri-34.l-L1'}
  │   --------------------
  │   {'id': '3a809ba8', 'show': 1, 'in_city': 1, 'one_day': 1,
  │   'wrong_date_time': 0, 'event': 'CUENTACUENTOS: La Fuerza De La Gratitud
  │   - Dar Gracias Para Ser Más Feliz', 'slug':
  │   'cuentacuentos-la-fuerza-de-la-gratitud-dar-gracias-para-ser-mas-feliz',
  │   'category': '__NOT_DEFINIED__', 'id_venue': 'J8tbTLH7', 'venue':
  │   'Librería Picasso', 'std_venue': 'Librería Picasso', 'start_date':
  │   '2026-03-28', 'start_time': '11:00:00', 'end_date': '2026-03-28',
  │   'end_time': '13:00:00', 'description': 'Únete a nosotros para un
  │   cuentacuentos especial donde exploraremos ‘La fuerza de la gratitud’
  │   de Kobi Yamada y Charles Santoso. Perfecto para niños a partir de 3
  │   años. ¡Te esperamos!', 'others': {'category': 'La fuerza de la
  │   gratitud: Dar gracias para ser más feliz', 'hour': '__NOT_FOUND__',
  │   'startDate': '2026-3-28T11:00+2:00', 'endDate': '2026-3-28T13:00+2:00',
  │   'duration_days': 0, 'location': 'Calle Reyes Católicos, 18, 04001
  │   Almería'}, 'source': 'AlmeriaTurismo', 'exec_time': '20260301T113659',
  │   'session': '2026_03_01_11_33_Domingo', 'image':
  │   'https://www.turismodealmeria.org/wp-content/uploads/2026/02/CUENTACUENT
  │   OS-La-fuerza-de-la-gratitud-Dar-gracias-para-ser-mas-feliz.jpg', 'url':
  │   'https://www.turismodealmeria.org/evento/cuentacuentos-la-fuerza-de-la-g
  │   ratitud-dar-gracias-para-ser-mas-feliz/'}
  │   --------------------
  │   {'id': '2102197c', 'show': 1, 'in_city': 1, 'one_day': 1,
  │   'wrong_date_time': 0, 'event': 'Paco Candela - Gira 30 Años', 'slug':
  │   'paco-candela-gira-30-anos', 'category': '__NOT_DEFINIED__', 'id_venue':
  │   '27qNP7DH', 'venue': 'Auditorio Municipal Maestro Padilla', 'std_venue':
  │   'Auditorio Municipal Maestro Padilla', 'start_date': '2026-03-28',
  │   'start_time': '13:18:00', 'end_date': '2026-03-28', 'end_time':
  │   '13:18:00', 'description': 'Paco Candela celebra por todo lo alto 30
  │   años de carrera con una nueva gira que será la más importante y
  │   emocionante para el artista, una serie de conciertos únicos rodeado por
  │   un gran elenco de músicos que hacen de cada noche una nueva fiesta
  │   interpretando sus mejores temas como sólo en directo se puede hacer.',
  │   'others': {'category': '__NOT_FOUND__', 'hour': '__NOT_FOUND__',
  │   'startDate': '2026-3-28T13:18+2:00', 'endDate': '2026-3-28T13:18+2:00',
  │   'duration_days': 0, 'location': 'Auditorio Municipal Maestro Padilla'},
  │   'source': 'AlmeriaTurismo', 'exec_time': '20260301T113659', 'session':
  │   '2026_03_01_11_33_Domingo', 'image':
  │   'https://www.turismodealmeria.org/wp-content/uploads/2026/01/Paco-Candel
  │   a-Gira-30-anos.png', 'url':
  │   'https://www.turismodealmeria.org/evento/paco-candela-gira-30-anos/'}
  │   --------------------
  │   {'id': '5922c3b5', 'show': 1, 'in_city': 1, 'one_day': 1,
  │   'wrong_date_time': 0, 'event': 'Candlelight: Coldplay E Imagine
  │   Dragons', 'slug': 'candlelight-coldplay-e-imagine-dragons', 'category':
  │   '__NOT_DEFINIED__', 'id_venue': 'PgT9B4RF', 'venue': 'Círculo Mercantil
  │   de Almería', 'std_venue': 'Círculo Mercantil de Almería',
  │   'start_date': '2026-03-28', 'start_time': '17:00:00', 'end_date':
  │   '2026-03-28', 'end_time': '22:00:00', 'description': '✨ Candlelight
  │   trae la magia de una experiencia musical en vivo en un entorno único e
  │   íntimo, iluminado solo por miles de velas. Disfruta de las icónicas
  │   canciones de Coldplay e Imagine Dragons interpretadas por un cuarteto de
  │   cuerda profesional en el Círculo Mercantil de Almería. Un evento para
  │   todas las edades a partir de los 8 años (los menores de 16 deben ir
  │   acompañados por un adulto). La duración aproximada del concierto es de
  │   60 minutos, con apertura de puertas 40 minutos antes. Accesible para
  │   personas en silla de ruedas. Asegura tu entrada para una velada
  │   inolvidable.', 'others': {'category': 'Círculo Mercantil de Almería',
  │   'hour': '__NOT_FOUND__', 'startDate': '2026-3-28T17:00+2:00', 'endDate':
  │   '2026-3-28T22:00+2:00', 'duration_days': 0, 'location': 'Calle Poeta
  │   Villaespesa, 1, 04001 Almería'}, 'source': 'AlmeriaTurismo',
  │   'exec_time': '20260301T113659', 'session': '2026_03_01_11_33_Domingo',
  │   'image':
  │   'https://www.turismodealmeria.org/wp-content/uploads/2026/02/candlelight
  │   -coldplay.jpg', 'url':
  │   'https://www.turismodealmeria.org/evento/candlelight-coldplay-e-imagine-
  │   dragons-5/var/ri-1.l-L1'}
  │   --------------------
  │   {'id': '2a3c65b2', 'show': 1, 'in_city': 1, 'one_day': 1,
  │   'wrong_date_time': 0, 'event': 'Las Voces De Penélope', 'slug':
  │   'las-voces-de-penelope', 'category': '__NOT_DEFINIED__', 'id_venue':
  │   'Q6b6LRjT', 'venue': 'Clasijazz', 'std_venue': 'Clasijazz',
  │   'start_date': '2026-03-28', 'start_time': '19:00:00', 'end_date':
  │   '2026-03-28', 'end_time': '21:00:00', 'description': 'La obra ‘Las
  │   Voces de Penélope’, escrita por Itziar Pascual, es una historia de
  │   espera y resistencia protagonizada por una figura icónica del mito
  │   clásico. A través de la palabra y la música, esta representación
  │   rinde homenaje a la fortaleza femenina en la adversidad. El reparto
  │   incluye a Belén Ursachi Ruiz, Irene Montoya Pérez, Maria Gil y Candela
  │   Pérez Martínez, con una actuación musical a cargo de Mara Flores. Se
  │   presentará el 28 de marzo a las 19:00 horas en Clasijazz (Almería),
  │   con entradas a 12 euros (normal) y 5 euros (reducida).', 'others':
  │   {'category': 'Una historia de espera y resistencia', 'hour':
  │   '__NOT_FOUND__', 'startDate': '2026-3-28T19:00+2:00', 'endDate':
  │   '2026-3-28T21:00+2:00', 'duration_days': 0, 'location': 'C. Maestro
  │   Serrano, 9, 04004 Almería'}, 'source': 'AlmeriaTurismo', 'exec_time':
  │   '20260301T113659', 'session': '2026_03_01_11_33_Domingo', 'image':
  │   'https://www.turismodealmeria.org/wp-content/uploads/2026/02/Las-Voces-d
  │   e-Penelope.jpg', 'url':
  │   'https://www.turismodealmeria.org/evento/las-voces-de-penelope/'}
  │   --------------------
  │   {'id': 'c4932457', 'show': 1, 'in_city': 1, 'one_day': 1,
  │   'wrong_date_time': 0, 'event': 'Candlelight: Tributo a the Beatles',
  │   'slug': 'candlelight-tributo-a-the-beatles', 'category':
  │   '__NOT_DEFINIED__', 'id_venue': 'PgT9B4RF', 'venue': 'Círculo Mercantil
  │   de Almería', 'std_venue': 'Círculo Mercantil de Almería',
  │   'start_date': '2026-03-28', 'start_time': '19:00:00', 'end_date':
  │   '2026-03-28', 'end_time': '21:00:00', 'description': 'Candlelight:
  │   Tributo a The Beatles trae la magia de la música en vivo a espacios
  │   únicos en Almería. Disfruta de una experiencia envolvente a la luz de
  │   las velas en el Círculo Mercantil de Almería. El repertorio incluye
  │   grandes éxitos como ‘Hey Jude’, ‘Let it be’, ‘Yesterday’, y
  │   muchos más. El concierto dura 60 minutos, con apertura de puertas 40
  │   minutos antes. El evento es para mayores de 8 años, siendo necesario
  │   que los menores de 16 asistan acompañados por un adulto. El lugar es
  │   accesible para personas con movilidad reducida.', 'others': {'category':
  │   'Círculo Mercantil de Almería', 'hour': '__NOT_FOUND__', 'startDate':
  │   '2026-3-28T19:00+2:00', 'endDate': '2026-3-28T21:00+2:00',
  │   'duration_days': 0, 'location': 'Calle Poeta Villaespesa, 1, 04001
  │   Almería'}, 'source': 'AlmeriaTurismo', 'exec_time': '20260301T113659',
  │   'session': '2026_03_01_11_33_Domingo', 'image':
  │   'https://www.turismodealmeria.org/wp-content/uploads/2026/02/candlelight
  │   .jpg', 'url':
  │   'https://www.turismodealmeria.org/evento/candlelight-tributo-a-the-beatl
  │   es-3/'}
  │   --------------------
  │   {'id': '85b25655', 'show': 1, 'in_city': 1, 'one_day': 1,
  │   'wrong_date_time': 0, 'event': 'Tablao Flamenco La Canastera', 'slug':
  │   'tablao-flamenco-la-canastera', 'category': '__NOT_DEFINIED__',
  │   'id_venue': '33Hjdghj', 'venue': 'La Canastera - Tablao flamenco',
  │   'std_venue': 'Tablao Flamenco La Canastera', 'start_date': '2026-03-28',
  │   'start_time': '20:00:00', 'end_date': '2026-03-28', 'end_time':
  │   '22:00:00', 'description': 'Disfruta de una noche inolvidable con el
  │   mejor flamenco en vivo en el Tablao Flamenco La Canastera. Cante, baile
  │   y guitarra se unen para ofrecerte una experiencia auténtica y vibrante
  │   el sábado 28 de marzo a las 20:00. Compra tu entrada anticipada y no te
  │   pierdas esta celebración del arte flamenco en el corazón de
  │   Almería.', 'others': {'category': 'Cante, baile y guitarra flamenca en
  │   vivo', 'hour': '__NOT_FOUND__', 'startDate': '2026-3-28T20:00+2:00',
  │   'endDate': '2026-3-28T22:00+2:00', 'duration_days': 0, 'location': 'C.
  │   Cordoneros, 5, 04002 Almería'}, 'source': 'AlmeriaTurismo',
  │   'exec_time': '20260301T113659', 'session': '2026_03_01_11_33_Domingo',
  │   'image':
  │   'https://www.turismodealmeria.org/wp-content/uploads/2026/02/Tablao-Flam
  │   enco-La-Canastera-1.jpg', 'url':
  │   'https://www.turismodealmeria.org/evento/tablao-flamenco-la-canastera-7/
  │   '}
  │   --------------------
  │   {'id': '94211810', 'show': 1, 'in_city': 1, 'one_day': 1,
  │   'wrong_date_time': 0, 'event': 'Marta Soto - Reinicio', 'slug':
  │   'marta-soto-reinicio', 'category': '__NOT_DEFINIED__', 'id_venue':
  │   'NmPqTrh6', 'venue': 'Berlin Social Club', 'std_venue': 'Berlin Social
  │   Club', 'start_date': '2026-03-28', 'start_time': '22:30:00', 'end_date':
  │   '2026-03-28', 'end_time': '23:30:00', 'description': 'Fecha: Sábado 28
  │   Marzo. Precio del evento: 20,00 €', 'others': {'category':
  │   '__NOT_FOUND__', 'hour': '__NOT_FOUND__', 'startDate':
  │   '2026-3-28T22:30+2:00', 'endDate': '2026-3-28T23:30+2:00',
  │   'duration_days': 0, 'location': 'Parque de Nicolás Salmerón, 9, Bajo
  │   2, 04001 Almería'}, 'source': 'AlmeriaTurismo', 'exec_time':
  │   '20260301T113659', 'session': '2026_03_01_11_33_Domingo', 'image':
  │   'https://www.turismodealmeria.org/wp-content/uploads/2026/01/marta-soto.
  │   jpg', 'url':
  │   'https://www.turismodealmeria.org/evento/marta-soto-reinicio/'}
  │   --------------------
  │   {'id': '5720f350', 'show': 1, 'in_city': 1, 'one_day': 1,
  │   'wrong_date_time': 0, 'event': 'Taller Arte Y Botánica – Herbario
  │   Poético II', 'slug': 'taller-arte-y-botanica-herbario-poetico-ii',
  │   'category': '__NOT_DEFINIED__', 'id_venue': None, 'venue': 'Pabellón de
  │   Historia Natural, PHN', 'std_venue': None, 'start_date': '2026-03-29',
  │   'start_time': '11:00:00', 'end_date': '2026-03-29', 'end_time':
  │   '14:00:00', 'description': 'Un taller que combina arte y botánica
  │   organizado por el Pabellón de Historia Natural de la Universidad de
  │   Almería.. Fechas (ciclo de 3 sesiones):. 25 de enero a las 11:00 h.. 22
  │   de febrero a las 11:00 h.. 29 de marzo a las 11:00 h.. Precio: 15 €
  │   por persona (incluye las 3 sesiones).. Lugar: Pabellón de Historia
  │   Natural (UAL).. Inscripciones: Enviando un correo a phnual@ual.es.',
  │   'others': {'category': '__NOT_FOUND__', 'hour': '__NOT_FOUND__',
  │   'startDate': '2026-3-29T11:00+2:00', 'endDate': '2026-3-29T14:00+2:00',
  │   'duration_days': 0, 'location': 'Universidad de Almería, 04120
  │   Almería'}, 'source': 'AlmeriaTurismo', 'exec_time': '20260301T113659',
  │   'session': '2026_03_01_11_33_Domingo', 'image':
  │   'https://www.turismodealmeria.org/wp-content/uploads/2026/01/taller-arte
  │   -botanica.jpeg', 'url':
  │   'https://www.turismodealmeria.org/evento/taller-arte-y-botanica-herbario
  │   -poetico-ii/var/ri-2.l-L1'}
  │   --------------------
  │   {'id': 'b6a95406', 'show': 1, 'in_city': 1, 'one_day': 1,
  │   'wrong_date_time': 0, 'event': 'UD Almería vs R. Sociedad B', 'slug':
  │   'ud-almeria-vs-r-sociedad-b', 'category': '__NOT_DEFINIED__',
  │   'id_venue': '2c7846a2', 'venue': 'UD Almería Stadium', 'std_venue': 'UD
  │   Almería Stadium', 'start_date': '2026-03-29', 'start_time': '13:00:00',
  │   'end_date': '2026-03-29', 'end_time': '15:45:00', 'description': 'El
  │   próximo domingo 29 de marzo se celebrará el emocionante encuentro
  │   entre UD Almería y R. Sociedad B en el UD Almería Stadium. Un duelo
  │   imperdible para los amantes del fútbol.', 'others': {'category':
  │   'Partido de fútbol UD Almería vs R. Sociedad B', 'hour':
  │   '__NOT_FOUND__', 'startDate': '2026-3-29T13:00+2:00', 'endDate':
  │   '2026-3-29T15:45+2:00', 'duration_days': 0, 'location': 'C. Alcalde
  │   Santiago Martínez Cabrejas, 5, 04007 Almería'}, 'source':
  │   'AlmeriaTurismo', 'exec_time': '20260301T113659', 'session':
  │   '2026_03_01_11_33_Domingo', 'image':
  │   'https://www.turismodealmeria.org/wp-content/uploads/2026/01/UD-Almeria-
  │   vs-R.-Sociedad-B.png', 'url':
  │   'https://www.turismodealmeria.org/evento/ud-almeria-vs-r-sociedad-b/'}
  │   --------------------
  │   {'id': '9e6d9c35', 'show': 1, 'in_city': 1, 'one_day': 1,
  │   'wrong_date_time': 0, 'event': 'Imagilusión - Espectáculo Infantil',
  │   'slug': 'imagilusion-espectaculo-infantil', 'category':
  │   '__NOT_DEFINIED__', 'id_venue': 'DgpfFbPt', 'venue': 'Teatro Cervantes',
  │   'std_venue': 'Teatro Cervantes', 'start_date': '2026-03-29',
  │   'start_time': '18:00:00', 'end_date': '2026-03-29', 'end_time':
  │   '20:00:00', 'description': 'El espectáculo infantil ‘Imagilusión’
  │   llega al Teatro Cervantes de Almería el domingo 29 de marzo. Una
  │   mágica puesta en escena que transportará a los más pequeños al
  │   universo de sus películas favoritas, como Aladdin, Frozen, Toy Story,
  │   El Rey León, Mary Poppins o La Bella y la Bestia. Una producción de
  │   Ballet Essentials que promete deslumbrar con música, baile y personajes
  │   entrañables. ¡Un evento familiar imperdible!', 'others': {'category':
  │   'Teatro Cervantes - Almería', 'hour': '__NOT_FOUND__', 'startDate':
  │   '2026-3-29T18:00+2:00', 'endDate': '2026-3-29T20:00+2:00',
  │   'duration_days': 0, 'location': 'Calle Poeta Villaespesa, 1, 04001
  │   Almería'}, 'source': 'AlmeriaTurismo', 'exec_time': '20260301T113659',
  │   'session': '2026_03_01_11_33_Domingo', 'image':
  │   'https://www.turismodealmeria.org/wp-content/uploads/2026/02/Imagilusion
  │   -Espectaculo-Infantil.jpg', 'url':
  │   'https://www.turismodealmeria.org/evento/imagilusion-espectaculo-infanti
  │   l/'}
  │   month = 4 --------------------------
  │   clicking
  │   sleeping 3
  │   sleeping 5
  │   Waiting until style desappear
  │   Getting content
  ├─stderr:
  │   Traceback (most recent call last):
  │   File "/app/run.py", line 137, in <module>
  │   run_one(events_extractors, TARGET_SCRAPER, session_manager, TARGET_CITY)
  │   File "/app/run.py", line 18, in run_one
  │   ev.run()
  │   File "/app/scraper/extractors/main_pages/abc_main_pages_extractor.py",
  │   line 17, in run
  │   result = self.iterate_pages_clean_events()
  │   ^^^^^^^^^^^^^^^^^^^^^^^^^^^^^^^^^
  │   File "/app/scraper/extractors/main_pages/almeria_turismo.py", line 37,
  │   in iterate_pages_clean_events
  │   events_cleaned = self.clean_main_page(main_page_soup)
  │   ^^^^^^^^^^^^^^^^^^^^^^^^^^^^^^^^^^^^
  │   File "/app/scraper/extractors/main_pages/abc_main_pages_extractor.py",
  │   line 60, in clean_main_page
  │   info_list = self.get_info_list(main_page_soup, tuple_url)
  │   ^^^^^^^^^^^^^^^^^^^^^^^^^^^^^^^^^^^^^^^^^^^^^
  │   File "/app/scraper/extractors/main_pages/almeria_turismo.py", line 50,
  │   in get_info_list
  │   json.loads(
  │   File "/usr/local/lib/python3.11/json/__init__.py", line 359, in loads
  │   return cls(**kw).decode(s)
  │   ^^^^^^^^^^^^^^^^^^^
  │   File "/usr/local/lib/python3.11/json/decoder.py", line 337, in decode
  │   obj, end = self.raw_decode(s, idx=_w(s, 0).end())
  │   ^^^^^^^^^^^^^^^^^^^^^^^^^^^^^^^^^^^^^^
  │   File "/usr/local/lib/python3.11/json/decoder.py", line 353, in
  │   raw_decode
  │   obj, end = self.scan_once(s, idx)
  │   ^^^^^^^^^^^^^^^^^^^^^^
  │   json.decoder.JSONDecodeError: Invalid \escape: line 9 column 61 (char
  │   507)
  │
  └─error: failed to execute step "tarea_1": exit status 1

Result: Failed

Launching scraper: JuntaAndaluciaAgenda
Succeeded - 2026-03-01T11:37:32Z

dag: FisgonTaskSelenium (2m 22s)
│
└─tarea_1 (2m 22s) [succeeded]
  ├─bash -lc 'set -eo pipefail; export DOCKER_CONFIG=/tmp/.docker HOME=/tmp;
  │   SELENIUM_NAME="selenium_${DAG_RUN_ID:-$$}_$(date +%s)"; cleanup() {
  │   docker rm -f "$SELENIUM_NAME" >/dev/null 2>&1 || true; }; trap cleanup
  │   EXIT; docker run -d --rm --name "$SELENIUM_NAME" --shm-size=2g -e
  │   SE_NODE_MAX_SESSIONS=1 -e SE_NODE_OVERRIDE_MAX_SESSIONS=true
  │   selenium/standalone-chrome:latest >/dev/null; docker exec
  │   "$SELENIUM_NAME" bash -c "for i in \$(seq 1 60); do (echo >
  │   /dev/tcp/127.0.0.1/4444) >/dev/null 2>&1 && exit 0; sleep 1; done; exit
  │   1"; docker run --rm --network container:"$SELENIUM_NAME" -v
  │   /home/ubuntu/work/fisgon:/app -v
  │   /home/ubuntu/data_storage:/home/ubuntu/data_storage -v
  │   /home/ubuntu/work/event_flask_app/static/img:/home/ubuntu/work/event_fla
  │   sk_app/static/img -w /app -e OPERATION=0 -e DOCKER_CONFIG=/tmp/.docker
  │   -e HOME=/tmp -e TARGET_CITY -e TARGET_SCRAPER -e
  │   DAG_RUN_URL="${DAGU_BASE_URL:-}/dags/${DAG_NAME}?dagRunId=${DAG_RUN_ID}"
  │   -e
  │   DAG_RUN_LOG_URL="${DAGU_BASE_URL:-}/dags/${DAG_NAME}/log?remoteNode=loca
  │   l&step=tarea_1&dagRunId=${DAG_RUN_ID}" fisgon_scraper:1.0'
  │
  ├─stdout: ... (67 more lines)
  │   1 / 10
  │   Getting
  │   https://www.juntadeandalucia.es/cultura/agendaculturaldeandalucia/evento
  │   /la-peticion-0
  │   Sleep 4
  │   --------------------
  │   {'id': 'ddb2ad9a', 'show': 1, 'in_city': 1, 'one_day': 1,
  │   'wrong_date_time': 0, 'event': 'La Petición', 'slug': 'la-peticion',
  │   'category': '__NOT_DEFINIED__', 'id_venue': '70107abb', 'venue': 'Sala
  │   de la Filmoteca de Andalucía en Almería', 'std_venue': 'Sala de la
  │   Filmoteca de Andalucía en Almería', 'start_date': '2026-03-09',
  │   'start_time': '19:00:00', 'end_date': '2026-03-09', 'end_time':
  │   '__NOT_DEFINIED__', 'description': '9 LUNES 19:00 h. 50 años LA
  │   PETICIÓN Pilar Miró. España. 1976. 92 min. Color. v.o.e. Año 1900.
  │   Teresa, hija única de una acomodada familia del norte de España, solo
  │   piensa en sí misma. Ya desde niña, lograba disimular sus pequeñas
  │   maldades y conseguía que otros pagasen por ellas. Cuando Miguel, su
  │   amante secreto, muere accidentalmente en sus brazos, Teresa recurre a
  │   Julián, su mudo y obediente vecino, enamorado de ella desde siempre.
  │   Este se compromete a sacar el cuerpo de la habitación bajo la promesa
  │   de su amor. Sin embargo, Mauricio, un joven aristócrata, pide la mano
  │   de la muchacha y Teresa matará para conservar su armonía social. Sus
  │   secretos y sus víctimas permanecerán hundidos en el fondo del lago.',
  │   'others': {'location_url':
  │   '/cultura/agendaculturaldeandalucia/espacios/sala-de-la-filmoteca-de-and
  │   alucia-en-almeria', 'location2': 'Sala de la Filmoteca de Andalucía en
  │   Almería', 'duration': '__NOT_FOUND__', 'datetime_details': '09 de Marzo
  │   del 2026, 19:00', 'town': '__NOT_FOUND__', 'location': 'C/ Hermanos
  │   Machado, s/n, Almería. Almería', 'duration_days': '__NOT_FOUND__'},
  │   'source': 'JuntaAndaluciaAgenda', 'exec_time': '20260301T113737',
  │   'session': '2026_03_01_11_33_Domingo', 'image':
  │   'https://www.juntadeandalucia.es/cultura/agendaculturaldeandalucia/sites
  │   /default/files/styles/header_activity_ext_2xl/public/2026-02/0872d6_4ae3
  │   35d75ba447be8dcaad4153a77db4~mv2_0.jpg.webp?itok=FAt6zEaT', 'url':
  │   'https://www.juntadeandalucia.es/cultura/agendaculturaldeandalucia/event
  │   o/la-peticion-0'}
  │   2 / 10
  │   Getting
  │   https://www.juntadeandalucia.es/cultura/agendaculturaldeandalucia/evento
  │   /curso-sin-filtros-mujeres-y-creacion-contemporanea
  │   Sleep 4
  │   --------------------
  │   {'id': '53ef1511', 'show': 1, 'in_city': 1, 'one_day': 0,
  │   'wrong_date_time': 1, 'event': 'Curso Sin Filtros: Mujeres Y Creación
  │   Contemporánea', 'slug':
  │   'curso-sin-filtros-mujeres-y-creacion-contemporanea', 'category':
  │   '__NOT_DEFINIED__', 'id_venue': 'DDDLJ7pm', 'venue': 'Centro Andaluz de
  │   la Fotografía', 'std_venue': 'Centro Andaluz de la Fotografía',
  │   'start_date': '2026-03-05', 'start_time': '__NOT_FOUND__', 'end_date':
  │   '2026-03-26', 'end_time': '__NOT_DEFINIED__', 'description': 'El Centro
  │   Andaluz de la Fotografía presenta el curso Sin filtros: Mujeres y
  │   creación contemporánea , una propuesta formativa que invita a
  │   reflexionar sobre el papel de las mujeres en la fotografía actual,
  │   tanto como autoras de nuevos discursos visuales como protagonistas de
  │   relatos que cuestionan las representaciones tradicionales. Las sesiones
  │   se celebrarán los días 5, 12, 19 y 26 de marzo, en horario de 18:00 a
  │   19:00 h , y contarán con la participación de cuatro referentes de la
  │   fotografía y el pensamiento visual contemporáneo: Judith Prat, Charo
  │   Guijarro, Carmen Dalmau y Marta Soul. Las personas interesadas pueden
  │   preinscribirse a través del formulario online hasta las 12:00 h del 3
  │   de marzo de 2026. Acceso al formulario de preinscripción', 'others':
  │   {'location_url':
  │   '/cultura/agendaculturaldeandalucia/espacios/centro-andaluz-de-la-fotogr
  │   afia', 'location2': 'Centro Andaluz de la Fotografía', 'duration':
  │   '__NOT_FOUND__', 'datetime_details': '05 de Marzo del 2026 - 26 de Marzo
  │   del 2026, De 18:00 a 19:00 horas.', 'town': '__NOT_FOUND__', 'location':
  │   'Calle Pintor Díaz Molina 9, Almería. Almería', 'duration_days':
  │   '__NOT_FOUND__'}, 'source': 'JuntaAndaluciaAgenda', 'exec_time':
  │   '20260301T113737', 'session': '2026_03_01_11_33_Domingo', 'image':
  │   'https://www.juntadeandalucia.es/cultura/agendaculturaldeandalucia/sites
  │   /default/files/styles/header_activity_ext_2xl/public/2026-02/08%20Agenda
  │   %20Cultural%20Andaluc%C3%ADa_1.jpg.webp?itok=J88TFOih', 'url':
  │   'https://www.juntadeandalucia.es/cultura/agendaculturaldeandalucia/event
  │   o/curso-sin-filtros-mujeres-y-creacion-contemporanea'}
  │   3 / 10
  │   Getting
  │   https://www.juntadeandalucia.es/cultura/agendaculturaldeandalucia/evento
  │   /concierto-de-loquillo-en-almeria
  │   Sleep 4
  │   --------------------
  │   {'id': '38a1b4d7', 'show': 1, 'in_city': 1, 'one_day': 1,
  │   'wrong_date_time': 0, 'event': 'Concierto De Loquillo en Almería',
  │   'slug': 'concierto-de-loquillo-en-almeria', 'category':
  │   '__NOT_DEFINIED__', 'id_venue': 'T7JHd2rR', 'venue': 'Plaza de Toros de
  │   Almería', 'std_venue': 'Plaza de Toros', 'start_date': '2026-10-16',
  │   'start_time': '22:00:00', 'end_date': '2026-10-16', 'end_time':
  │   '__NOT_DEFINIED__', 'description': 'CONCIERTO LOQUILLO - ALMERÍA -
  │   PLAZA DE TOROS - VIERNES 16 DE OCTUBRE 16 de Octubre de 2026 Apertura
  │   20:00 Inicio 22:00 Plaza de Toros de Almería - Cv Pl. de Toros, 04008
  │   Almería, España', 'others': {'location_url':
  │   '/cultura/agendaculturaldeandalucia/espacios/plaza-de-toros-de-almeria',
  │   'location2': 'Plaza de Toros de Almería', 'duration': '__NOT_FOUND__',
  │   'datetime_details': '16 de Octubre del 2026, 22:00 h.', 'town':
  │   '__NOT_FOUND__', 'location': 'Circunvalación Plaza de Toros, 29,
  │   Almería. Almería', 'duration_days': '__NOT_FOUND__'}, 'source':
  │   'JuntaAndaluciaAgenda', 'exec_time': '20260301T113737', 'session':
  │   '2026_03_01_11_33_Domingo', 'image':
  │   'https://www.juntadeandalucia.es/cultura/agendaculturaldeandalucia/sites
  │   /default/files/styles/header_activity_ext_2xl/public/2026-02/loquilllo.j
  │   pg.webp?itok=di1npHFg', 'url':
  │   'https://www.juntadeandalucia.es/cultura/agendaculturaldeandalucia/event
  │   o/concierto-de-loquillo-en-almeria'}
  │   4 / 10
  │   Getting
  │   https://www.juntadeandalucia.es/cultura/agendaculturaldeandalucia/evento
  │   /almeria-exposicion-maria-lejarraga-y-manuel-de-falla-cita-en-granada-en
  │   -roquetas-de-mar
  │   Sleep 4
  │   --------------------
  │   {'id': '9790139a', 'show': 1, 'in_city': 0, 'one_day': 0,
  │   'wrong_date_time': 1, 'event': 'Almería. Exposición María Lejárraga
  │   Y Manuel De Falla: Cita en Granada, en Roquetas De Mar', 'slug':
  │   'almeria-exposicion-maria-lejarraga-y-manuel-de-falla-cita-en-granada-en
  │   -roquetas', 'category': '__NOT_DEFINIED__', 'id_venue': None, 'venue':
  │   'Castillo de Santa Ana', 'std_venue': None, 'start_date': '2026-03-06',
  │   'start_time': '__NOT_FOUND__', 'end_date': '2026-05-03', 'end_time':
  │   '__NOT_DEFINIED__', 'description': 'El Centro Andaluz de las Letras les
  │   invita a visitar la exposición María Lejárraga y Manuel de Falla:
  │   Cita en Granada. En el 150 aniversario del nacimiento y el 50 de la
  │   muerte de María Lejárraga , comisariada por la catedrática Amelina
  │   Correa . Con esta exposición se quiere difundir el legado de esta
  │   maestra, dramaturga, ensayista, feminista y diputada en las Cortes de la
  │   Segunda República, muy conocida en la actualidad porque escribió la
  │   mayor parte de sus obras literarias bajo el nombre de su marido,
  │   Gregorio Martínez Sierra . La exposición muestra fundamentalmente la
  │   especial relación de María Lejárraga con su amigo y confidente Manuel
  │   de Falla . Se podrá visitar en el Castillo de Santa Ana de Roquetas de
  │   Mar (c/ Manuel Gómez s/n) desde el 6 de marzo al 3 de mayo, de martes a
  │   sábado de 10:00 a 13:00 horas y de 17:00 a 20:00 horas, y domingos de
  │   11:00 a 13:00 horas.', 'others': {'location_url':
  │   '/cultura/agendaculturaldeandalucia/espacios/castillo-de-santa-ana',
  │   'location2': 'Castillo de Santa Ana', 'duration': '__NOT_FOUND__',
  │   'datetime_details': '06 de Marzo del 2026 - 03 de Mayo del 2026, De
  │   martes a sábado de 10:00 a 13:00 y de 17:00 a 20:00. Domingos de 11:00
  │   a 13:00.\n', 'town': '__NOT_FOUND__', 'location': 'Avenida de Roquetas
  │   de Mar (Almería), Roquetas de Mar. Almería', 'duration_days':
  │   '__NOT_FOUND__'}, 'source': 'JuntaAndaluciaAgenda', 'exec_time':
  │   '20260301T113737', 'session': '2026_03_01_11_33_Domingo', 'image':
  │   'https://www.juntadeandalucia.es/cultura/agendaculturaldeandalucia/sites
  │   /default/files/styles/header_activity_ext_2xl/public/external_images/mar
  │   ia-lejarraga-archivo-manuel-de-falla_1.jpg.webp?itok=XLD4B1Sx', 'url':
  │   'https://www.juntadeandalucia.es/cultura/agendaculturaldeandalucia/event
  │   o/almeria-exposicion-maria-lejarraga-y-manuel-de-falla-cita-en-granada-e
  │   n-roquetas-de-mar'}
  │   5 / 10
  │   Getting
  │   https://www.juntadeandalucia.es/cultura/agendaculturaldeandalucia/evento
  │   /don-gil-de-las-calzas-verdes-tirso-de-molina-0
  │   Sleep 4
  │   --------------------
  │   {'id': '4dde9858', 'show': 1, 'in_city': 0, 'one_day': 1,
  │   'wrong_date_time': 0, 'event': 'Don Gil De Las Calzas Verdes (Tirso De
  │   Molina)', 'slug': 'don-gil-de-las-calzas-verdes-tirso-de-molina',
  │   'category': '__NOT_DEFINIED__', 'id_venue': None, 'venue': "Auditorio
  │   'Grupo de teatro Muñoz Seca'", 'std_venue': None, 'start_date':
  │   '2026-03-15', 'start_time': '19:00:00', 'end_date': '2026-03-15',
  │   'end_time': '__NOT_DEFINIED__', 'description': 'Producción Loyola
  │   Teatro (Universidad Loyola) Dirección: Carmen Rey Torreras Vestuario:
  │   Tamaral Atelier', 'others': {'location_url':
  │   '/cultura/agendaculturaldeandalucia/espacios/auditorio-grupo-de-teatro-m
  │   unoz-seca-0', 'location2': "Auditorio 'Grupo de teatro Muñoz Seca'",
  │   'duration': '__NOT_FOUND__', 'datetime_details': '15 de Marzo del 2026,
  │   19:00 horas', 'town': '__NOT_FOUND__', 'location': 'Avenida América,
  │   nº 11, Albox. Almería', 'duration_days': '__NOT_FOUND__'}, 'source':
  │   'JuntaAndaluciaAgenda', 'exec_time': '20260301T113737', 'session':
  │   '2026_03_01_11_33_Domingo', 'image':
  │   'https://www.juntadeandalucia.es/cultura/agendaculturaldeandalucia/sites
  │   /default/files/styles/header_activity_ext_2xl/public/2026-02/Cartel%20GI
  │   L%20ALBOX.jpg.webp?itok=_0zYKGKv', 'url':
  │   'https://www.juntadeandalucia.es/cultura/agendaculturaldeandalucia/event
  │   o/don-gil-de-las-calzas-verdes-tirso-de-molina-0'}
  │   6 / 10
  │   Getting
  │   https://www.juntadeandalucia.es/cultura/agendaculturaldeandalucia/evento
  │   /concierto-audiostoners
  │   Sleep 4
  │   --------------------
  │   {'id': '5ec68e54', 'show': 1, 'in_city': 1, 'one_day': 1,
  │   'wrong_date_time': 0, 'event': 'Concierto Audiostoners', 'slug':
  │   'concierto-audiostoners', 'category': '__NOT_DEFINIED__', 'id_venue':
  │   'NmPqTrh6', 'venue': 'Sala Berlín Social Club', 'std_venue': 'Berlin
  │   Social Club', 'start_date': '2026-08-01', 'start_time': '23:00:00',
  │   'end_date': '2026-08-01', 'end_time': '__NOT_DEFINIED__', 'description':
  │   'CONCIERTO AUDIOSTONERS (TRIBUTO A CHRIS CORNELL Y
  │   AUDIOSLAVE)-ALMERÍA-SALA BERLÍN-SÁBADO 1 DE AGOSTO 1 de Agosto de
  │   2026 Apertura 22:00 Inicio 23:00 Berlín Social Club - Parque de
  │   Nicolás Salmerón, 9, 04002 Almería, España', 'others':
  │   {'location_url':
  │   '/cultura/agendaculturaldeandalucia/espacios/sala-berlin-social-club',
  │   'location2': 'Sala Berlín Social Club', 'duration': '__NOT_FOUND__',
  │   'datetime_details': '01 de Agosto del 2026, 23:00 horas', 'town':
  │   '__NOT_FOUND__', 'location': 'Parque de Nicolás Salmerón, 9, Almería.
  │   Almería', 'duration_days': '__NOT_FOUND__'}, 'source':
  │   'JuntaAndaluciaAgenda', 'exec_time': '20260301T113737', 'session':
  │   '2026_03_01_11_33_Domingo', 'image':
  │   'https://www.juntadeandalucia.es/cultura/agendaculturaldeandalucia/sites
  │   /default/files/styles/header_activity_ext_2xl/public/2026-02/audiostones
  │   .jpg.webp?itok=Plt-ChNx', 'url':
  │   'https://www.juntadeandalucia.es/cultura/agendaculturaldeandalucia/event
  │   o/concierto-audiostoners'}
  │   7 / 10
  │   Getting
  │   https://www.juntadeandalucia.es/cultura/agendaculturaldeandalucia/evento
  │   /alejandro-astola-en-acustico
  │   Sleep 4
  │   --------------------
  │   {'id': '66b490cc', 'show': 1, 'in_city': 1, 'one_day': 1,
  │   'wrong_date_time': 0, 'event': 'Alejandro Astola en Acústico', 'slug':
  │   'alejandro-astola-en-acustico', 'category': '__NOT_DEFINIED__',
  │   'id_venue': 'NmPqTrh6', 'venue': 'Sala Berlín Social Club',
  │   'std_venue': 'Berlin Social Club', 'start_date': '2026-10-17',
  │   'start_time': '21:30:00', 'end_date': '2026-10-17', 'end_time':
  │   '__NOT_DEFINIED__', 'description': 'CONCIERTO ASTOLA - ALMERÍA - SALA
  │   BERLÍN SOCIAL CLUB - SÁBADO 17 DE OCTUBRE 17 de Octubre de 2026
  │   Apertura 20:30 Inicio 21:30 SALA BERLÍN SOCIAL CLUB - Parque de
  │   Nicolás Salmerón, 9, 04001 Almería', 'others': {'location_url':
  │   '/cultura/agendaculturaldeandalucia/espacios/sala-berlin-social-club',
  │   'location2': 'Sala Berlín Social Club', 'duration': '__NOT_FOUND__',
  │   'datetime_details': '17 de Octubre del 2026, 21:30 h.', 'town':
  │   '__NOT_FOUND__', 'location': 'Parque de Nicolás Salmerón, 9, Almería.
  │   Almería', 'duration_days': '__NOT_FOUND__'}, 'source':
  │   'JuntaAndaluciaAgenda', 'exec_time': '20260301T113737', 'session':
  │   '2026_03_01_11_33_Domingo', 'image':
  │   'https://www.juntadeandalucia.es/cultura/agendaculturaldeandalucia/sites
  │   /default/files/styles/header_activity_ext_2xl/public/2026-02/alejandro_a
  │   stola.jpg.webp?itok=_Mh3aJqR', 'url':
  │   'https://www.juntadeandalucia.es/cultura/agendaculturaldeandalucia/event
  │   o/alejandro-astola-en-acustico'}
  │   8 / 10
  │   Getting
  │   https://www.juntadeandalucia.es/cultura/agendaculturaldeandalucia/evento
  │   /tributo-queen-en-almeria
  │   Sleep 4
  │   --------------------
  │   {'id': '56ff7c6c', 'show': 1, 'in_city': 1, 'one_day': 1,
  │   'wrong_date_time': 0, 'event': 'Tributo a Queen en Almería', 'slug':
  │   'tributo-a-queen-en-almeria', 'category': '__NOT_DEFINIED__',
  │   'id_venue': 'NmPqTrh6', 'venue': 'Sala Berlín Social Club',
  │   'std_venue': 'Berlin Social Club', 'start_date': '2026-10-02',
  │   'start_time': '21:00:00', 'end_date': '2026-10-02', 'end_time':
  │   '__NOT_DEFINIED__', 'description': 'CONCIERTO TRIBUTO QUEEN FOREVER-
  │   ALMERÍA - SALA BERLIN SOCIAL CLUB - VIERNES 2 DE OCTUBRE 2 de Octubre
  │   de 2026 Apertura 20:00 Inicio 21:00 Berlín Social Club - Parque de
  │   Nicolás Salmerón, 9, 04002 Almería, España', 'others':
  │   {'location_url':
  │   '/cultura/agendaculturaldeandalucia/espacios/sala-berlin-social-club',
  │   'location2': 'Sala Berlín Social Club', 'duration': '__NOT_FOUND__',
  │   'datetime_details': '02 de Octubre del 2026, 21:00 horas', 'town':
  │   '__NOT_FOUND__', 'location': 'Parque de Nicolás Salmerón, 9, Almería.
  │   Almería', 'duration_days': '__NOT_FOUND__'}, 'source':
  │   'JuntaAndaluciaAgenda', 'exec_time': '20260301T113737', 'session':
  │   '2026_03_01_11_33_Domingo', 'image':
  │   'https://www.juntadeandalucia.es/cultura/agendaculturaldeandalucia/sites
  │   /default/files/styles/header_activity_ext_2xl/public/2026-02/tributo_que
  │   en_almeria.jpg.webp?itok=npS3_Gmn', 'url':
  │   'https://www.juntadeandalucia.es/cultura/agendaculturaldeandalucia/event
  │   o/tributo-queen-en-almeria'}
  │   9 / 10
  │   Getting
  │   https://www.juntadeandalucia.es/cultura/agendaculturaldeandalucia/evento
  │   /concierto-de-muerdo-en-almeria
  │   Sleep 4
  │   --------------------
  │   {'id': '62554b70', 'show': 1, 'in_city': 1, 'one_day': 1,
  │   'wrong_date_time': 0, 'event': 'Concierto De Muerdo en Almería',
  │   'slug': 'concierto-de-muerdo-en-almeria', 'category':
  │   '__NOT_DEFINIED__', 'id_venue': 'NmPqTrh6', 'venue': 'Sala Berlín
  │   Social Club', 'std_venue': 'Berlin Social Club', 'start_date':
  │   '2026-11-14', 'start_time': '21:30:00', 'end_date': '2026-11-14',
  │   'end_time': '__NOT_DEFINIED__', 'description': 'Después de años
  │   girando por distintos países y construyendo una conexión profunda con
  │   su público, Muerdo presenta una nueva propuesta escénica: “Volver a
  │   donde nacen las canciones”. Se trata de un formato acústico y cercano
  │   que recorre las canciones más representativas de su trayectoria desde
  │   una perspectiva renovada, poniendo el foco en la esencia compositiva y
  │   la fuerza del directo. En esta propuesta, Muerdo se mueve entre
  │   guitarras y teclados, acompañado por un músico multinstrumentista que
  │   suma matices con guitarra, percusión e instrumentos de viento,
  │   enriqueciendo cada arreglo con sutileza y profundidad. El repertorio
  │   atraviesa distintas etapas de su carrera, ofreciendo nuevas lecturas
  │   sonoras que resaltan la raíz, la palabra y el pulso compartido con el
  │   público. “Volver a donde nacen las canciones” es una invitación a
  │   redescubrir su obra en un formato honesto y despojado, donde la música
  │   se convierte en un espacio de encuentro y conexión directa.', 'others':
  │   {'location_url':
  │   '/cultura/agendaculturaldeandalucia/espacios/sala-berlin-social-club',
  │   'location2': 'Compra de entradas Sala Berlín Social Club', 'duration':
  │   '__NOT_FOUND__', 'datetime_details': '14 de Noviembre del 2026, 21:30
  │   h.', 'town': '__NOT_FOUND__', 'location': 'Parque de Nicolás Salmerón,
  │   9, Almería. Almería', 'duration_days': '__NOT_FOUND__'}, 'source':
  │   'JuntaAndaluciaAgenda', 'exec_time': '20260301T113737', 'session':
  │   '2026_03_01_11_33_Domingo', 'image':
  │   'https://www.juntadeandalucia.es/cultura/agendaculturaldeandalucia/sites
  │   /default/files/styles/header_activity_ext_2xl/public/2026-02/muerdo.jpg.
  │   webp?itok=kdugdvPD', 'url':
  │   'https://www.juntadeandalucia.es/cultura/agendaculturaldeandalucia/event
  │   o/concierto-de-muerdo-en-almeria'}
  │   ****************************
  │   Saving 10 new events
  │   Saving in
  │   /home/ubuntu/data_storage/Almeria/2026_03_01_11_33_Domingo/0_raw/2026030
  │   1_1137_JuntaAndaluciaAgenda.json
  │   Saving 10 master url
  │   Appending to /home/ubuntu/data_storage/Almeria/00_master/master_url.json
  └─stderr:
      /usr/local/lib/python3.11/site-packages/urllib3/connectionpool.py:1097:
      InsecureRequestWarning: Unverified HTTPS request is being made to host
      'www.juntadeandalucia.es'. Adding certificate verification is strongly
      advised. See:
      https://urllib3.readthedocs.io/en/latest/advanced-usage.html#tls-warnings
      warnings.warn(
      /usr/local/lib/python3.11/site-packages/urllib3/connectionpool.py:1097:
      InsecureRequestWarning: Unverified HTTPS request is being made to host
      'www.juntadeandalucia.es'. Adding certificate verification is strongly
      advised. See:
      https://urllib3.readthedocs.io/en/latest/advanced-usage.html#tls-warnings
      warnings.warn(
      /usr/local/lib/python3.11/site-packages/urllib3/connectionpool.py:1097:
      InsecureRequestWarning: Unverified HTTPS request is being made to host
      'www.juntadeandalucia.es'. Adding certificate verification is strongly
      advised. See:
      https://urllib3.readthedocs.io/en/latest/advanced-usage.html#tls-warnings
      warnings.warn(
      /usr/local/lib/python3.11/site-packages/urllib3/connectionpool.py:1097:
      InsecureRequestWarning: Unverified HTTPS request is being made to host
      'www.juntadeandalucia.es'. Adding certificate verification is strongly
      advised. See:
      https://urllib3.readthedocs.io/en/latest/advanced-usage.html#tls-warnings
      warnings.warn(
      /usr/local/lib/python3.11/site-packages/urllib3/connectionpool.py:1097:
      InsecureRequestWarning: Unverified HTTPS request is being made to host
      'www.juntadeandalucia.es'. Adding certificate verification is strongly
      advised. See:
      https://urllib3.readthedocs.io/en/latest/advanced-usage.html#tls-warnings
      warnings.warn(
      /usr/local/lib/python3.11/site-packages/urllib3/connectionpool.py:1097:
      InsecureRequestWarning: Unverified HTTPS request is being made to host
      'www.juntadeandalucia.es'. Adding certificate verification is strongly
      advised. See:
      https://urllib3.readthedocs.io/en/latest/advanced-usage.html#tls-warnings
      warnings.warn(
      /usr/local/lib/python3.11/site-packages/urllib3/connectionpool.py:1097:
      InsecureRequestWarning: Unverified HTTPS request is being made to host
      'www.juntadeandalucia.es'. Adding certificate verification is strongly
      advised. See:
      https://urllib3.readthedocs.io/en/latest/advanced-usage.html#tls-warnings
      warnings.warn(
      /usr/local/lib/python3.11/site-packages/urllib3/connectionpool.py:1097:
      InsecureRequestWarning: Unverified HTTPS request is being made to host
      'www.juntadeandalucia.es'. Adding certificate verification is strongly
      advised. See:
      https://urllib3.readthedocs.io/en/latest/advanced-usage.html#tls-warnings
      warnings.warn(
      /usr/local/lib/python3.11/site-packages/urllib3/connectionpool.py:1097:
      InsecureRequestWarning: Unverified HTTPS request is being made to host
      'www.juntadeandalucia.es'. Adding certificate verification is strongly
      advised. See:
      https://urllib3.readthedocs.io/en/latest/advanced-usage.html#tls-warnings
      warnings.warn(
      /usr/local/lib/python3.11/site-packages/urllib3/connectionpool.py:1097:
      InsecureRequestWarning: Unverified HTTPS request is being made to host
      'www.juntadeandalucia.es'. Adding certificate verification is strongly
      advised. See:
      https://urllib3.readthedocs.io/en/latest/advanced-usage.html#tls-warnings
      warnings.warn(

Result: Succeeded

Launching scraper: ClassicJazz
Succeeded - 2026-03-01T11:39:54Z

dag: FisgonTaskSelenium (1m 25s)
│
└─tarea_1 (1m 25s) [succeeded]
  ├─bash -lc 'set -eo pipefail; export DOCKER_CONFIG=/tmp/.docker HOME=/tmp;
  │   SELENIUM_NAME="selenium_${DAG_RUN_ID:-$$}_$(date +%s)"; cleanup() {
  │   docker rm -f "$SELENIUM_NAME" >/dev/null 2>&1 || true; }; trap cleanup
  │   EXIT; docker run -d --rm --name "$SELENIUM_NAME" --shm-size=2g -e
  │   SE_NODE_MAX_SESSIONS=1 -e SE_NODE_OVERRIDE_MAX_SESSIONS=true
  │   selenium/standalone-chrome:latest >/dev/null; docker exec
  │   "$SELENIUM_NAME" bash -c "for i in \$(seq 1 60); do (echo >
  │   /dev/tcp/127.0.0.1/4444) >/dev/null 2>&1 && exit 0; sleep 1; done; exit
  │   1"; docker run --rm --network container:"$SELENIUM_NAME" -v
  │   /home/ubuntu/work/fisgon:/app -v
  │   /home/ubuntu/data_storage:/home/ubuntu/data_storage -v
  │   /home/ubuntu/work/event_flask_app/static/img:/home/ubuntu/work/event_fla
  │   sk_app/static/img -w /app -e OPERATION=0 -e DOCKER_CONFIG=/tmp/.docker
  │   -e HOME=/tmp -e TARGET_CITY -e TARGET_SCRAPER -e
  │   DAG_RUN_URL="${DAGU_BASE_URL:-}/dags/${DAG_NAME}?dagRunId=${DAG_RUN_ID}"
  │   -e
  │   DAG_RUN_LOG_URL="${DAGU_BASE_URL:-}/dags/${DAG_NAME}/log?remoteNode=loca
  │   l&step=tarea_1&dagRunId=${DAG_RUN_ID}" fisgon_scraper:1.0'
  │
  ├─stdout: ... (30 more lines)
  │   sleeping 7
  │   *** SCRAPED 166 URLS WITH EVENTS **
  │   New url events = 7
  │   0 / 7
  │   Getting
  │   https://clasijazz.com/evento/dj-eli-david-rockin-port-of-spain-8/2026-05
  │   -02/
  │   Sleep 4
  │   2026-05-02T18:00:00 2026-05-02T22:00:00
  │   --------------------
  │   {'id': '98e0d247', 'show': 1, 'in_city': 1, 'one_day': 1,
  │   'wrong_date_time': 0, 'event': 'Dj Eli & David Rockin', 'slug':
  │   'dj-eli-david-rockin', 'category': '__NOT_DEFINIED__', 'id_venue':
  │   'ddgm4gQP', 'venue': 'Port Of Spain', 'std_venue': 'Port Of Spain',
  │   'start_date': '2026-05-02', 'start_time': '18:00:00', 'end_date':
  │   '2026-05-02', 'end_time': '22:00:00', 'description': 'Port of Spain
  │   Entrada Libre Dj Eli & David Rockin Eli y David se baten en un duelo de
  │   vinilos al más puro estilo rock’n’roll, rithm & blues, soul, ska…
  │   No te lo puedes perder', 'others': {'price': '__NOT_DEFINIED__',
  │   'category': 'Programación', 'location_url':
  │   'https://clasijazz.com/local/port-of-spain/', 'location': 'Parque
  │   Nicolás Salmeron 20, Almería'}, 'source': 'ClassicJazz', 'exec_time':
  │   '20260301T113959', 'session': '2026_03_01_11_33_Domingo', 'image':
  │   'https://clasijazz.com/wp-content/uploads/2025/08/Gemini_Generated_Image
  │   _7452c57452c57452.jpg', 'url':
  │   'https://clasijazz.com/evento/dj-eli-david-rockin-port-of-spain-8/2026-0
  │   5-02/'}
  │   1 / 7
  │   Getting https://clasijazz.com/evento/nicole-johanntgen-labyrinth-ii/
  │   Sleep 4
  │   2026-05-02T22:00:00 2026-05-02T23:30:00
  │   --------------------
  │   {'id': '6369148d', 'show': 1, 'in_city': 1, 'one_day': 1,
  │   'wrong_date_time': 0, 'event': 'Nicole Johänntgen «Labyrinth II»',
  │   'slug': 'nicole-johanntgen-labyrinth-ii', 'category':
  │   '__NOT_DEFINIED__', 'id_venue': 'Q6b6LRjT', 'venue': 'Sede Clasijazz',
  │   'std_venue': 'Clasijazz', 'start_date': '2026-05-02', 'start_time':
  │   '22:00:00', 'end_date': '2026-05-02', 'end_time': '23:30:00',
  │   'description': '20 € NS / 10 € S Sala Principal Una saxofonista
  │   impresionante con una cantidad de seguidores increíble por sus videos
  │   explicando técnicas súper interesantes de saxofón de una forma
  │   única. Un estilo súper bonito lleno de ritmo. La conocimos en el
  │   JazzAhead de Bremen y nos enamoró y fué en la conexión de
  │   España-Suiza y Francia. LABERINTO II “Laberinto II” es dinámico,
  │   tierno, potente y lleno de ritmo. Con una formación minimalista, el
  │   trío formado por Nicole Johänntgen al saxofón y voz, Victor Hege al
  │   sousafón y Pius Baschnagel a la batería es una auténtica maravilla.
  │   Los tres artistas crean tensiones musicales entre la poesía y
  │   escenarios de trance, llenos de melodías salvajes y ritmos profanos.
  │   Todo con el espíritu de explorar un laberinto. Se mueven hacia el
  │   centro y luego se alejan de él. Es un juego lleno de emociones. Por lo
  │   tanto, el nuevo álbum está completamente dedicado al amor. Cuando ves
  │   al trío en concierto, te gusta o no, quedas completamente cautivado. El
  │   jazz es y sigue siendo libertad interpretativa. Así es como los tres
  │   músicos, a pesar de sus diferentes orígenes, se reúnen en el
  │   escenario con el máximo respeto. Escucharse y aprender el uno del otro
  │   es la esencia de sus preocupaciones. Los tres artistas provienen de
  │   Alemania, Francia y Suiza, y todos residen cerca de Zúrich. Nicole
  │   Johänntgen ha grabado 32 álbumes hasta la fecha. Ha recibido numerosos
  │   premios, es una influencer en redes sociales y recibió el Premio
  │   Lichtenburg en mayo de 2023. Nicole, Victor y Pius presentan la nueva
  │   música de Labyrinth II. Solo Photos attached by Daniel Bernet.
  │   Bandphoto by Victor Hege.', 'others': {'price': '10,00€ – 20,00€',
  │   'category': 'Programación', 'location_url':
  │   'https://clasijazz.com/local/sede-clasijazz/', 'location': 'Maestro
  │   Serrano 9, Almería'}, 'source': 'ClassicJazz', 'exec_time':
  │   '20260301T113959', 'session': '2026_03_01_11_33_Domingo', 'image':
  │   'https://clasijazz.com/wp-content/uploads/2026/01/Pressefoto_Herbst_1_Ni
  │   coleJoahenntgen_by_Daniel_Bernet-scaled.jpg', 'url':
  │   'https://clasijazz.com/evento/nicole-johanntgen-labyrinth-ii/'}
  │   2 / 7
  │   Getting https://clasijazz.com/evento/jam-session-4/2026-05-06/
  │   Sleep 4
  │   2026-05-06T22:00:00 2026-05-06T23:30:00
  │   --------------------
  │   {'id': 'e45ae9de', 'show': 1, 'in_city': 1, 'one_day': 1,
  │   'wrong_date_time': 0, 'event': 'Jam Session', 'slug': 'jam-session',
  │   'category': '__NOT_DEFINIED__', 'id_venue': 'Q6b6LRjT', 'venue': 'Sede
  │   Clasijazz', 'std_venue': 'Clasijazz', 'start_date': '2026-05-06',
  │   'start_time': '22:00:00', 'end_date': '2026-05-06', 'end_time':
  │   '23:30:00', 'description': '3 € No Soci@ / gratuito Soci@ Sala
  │   Principal Cada miércoles puedes disfrutar de una Jam Session. Uno de
  │   los eventos más seguidos en Almería y por el que han pasado
  │   muchísimos músicos y público. ¡Disfruta de esta maravilla de Jam
  │   Session!', 'others': {'price': '__NOT_DEFINIED__', 'category':
  │   'Programación', 'location_url':
  │   'https://clasijazz.com/local/sede-clasijazz/', 'location': 'Maestro
  │   Serrano 9, Almería'}, 'source': 'ClassicJazz', 'exec_time':
  │   '20260301T113959', 'session': '2026_03_01_11_33_Domingo', 'image':
  │   'https://clasijazz.com/wp-content/uploads/2025/09/PANA5800-scaled.jpg',
  │   'url': 'https://clasijazz.com/evento/jam-session-4/2026-05-06/'}
  │   3 / 7
  │   Getting https://clasijazz.com/evento/tigre-ulli-bonaerense/
  │   Sleep 4
  │   2026-05-07T21:30:00 2026-05-07T23:30:00
  │   --------------------
  │   {'id': '1b2aa3d3', 'show': 1, 'in_city': 1, 'one_day': 1,
  │   'wrong_date_time': 0, 'event': 'Tigre Ulli + Bonaerense', 'slug':
  │   'tigre-ulli-bonaerense', 'category': '__NOT_DEFINIED__', 'id_venue':
  │   'Q6b6LRjT', 'venue': 'Clasijazz', 'std_venue': 'Clasijazz',
  │   'start_date': '2026-05-07', 'start_time': '21:30:00', 'end_date':
  │   '2026-05-07', 'end_time': '23:30:00', 'description': '10€ NS / 3€ S
  │   | Sala Principal TIGRE ULLI es el proyecto musical de MARÍA ZAMTLEJFER,
  │   una de las fundadoras de Las Ligas Menores, banda de la cual formó
  │   parte hasta marzo del 2019. Durante ese mismo año compuso un grupo de
  │   canciones que luego produjo, arregló y grabó junto a Tom Quintans
  │   (Bestia Bebé, baterista en este proyecto), las cuales formaron parte de
  │   un primer EP publicado en marzo de 2020. El mismo fue editado en formato
  │   físico por Kockliko Records (España) y El Brillante (México) y en
  │   vinilo por Inhumano Records (Suiza).Luego de varios años de desarrollar
  │   el proyecto, con presentaciones en vivo dentro de Argentina, Chile,
  │   Uruguay, México y Perú, además de algunos simples editados,
  │   finalmente la banda se consolidó gracias a la incorporación de Mora
  │   Sanchez Viamonte (107 Faunos) y Marcoa Canosa (Cabeza Flotante / Bestia
  │   Bebé). Esta mutación se ve reflejada en un sonidomucho más alejado de
  │   sus proyectos de origen, combinando influencias del indie clásico
  │   deGalaxie 500 y Pavement, el rock alternativo de Pixies y Sonic Youth
  │   pero con un perfil máspersonal, tratando de despegarse de las etiquetas
  │   de género.SOMBRA DE TIBURÓN es el título de su primer LP lanzado en
  │   Agosto de 2024. El mismo contó con dos adelantos (Entre los ríos y El
  │   buen fantasma). Una producción que inauguró una etapa más oscura de
  │   la banda, un abrazo a las sombras y un sonido más consolidado.Grabado
  │   entre Febrero y Mayo de 2024 por Felipe Quintans (ganador de un Grammy
  │   Latino y un Gardel) en Buenos Aires, Argentina y editado en vinilo por
  │   Inhumano Records. Bonaerense, la banda de procedencia almeriense con
  │   vocalista de origen argentino, ha lanzado Relámpago, su primer álbum
  │   de larga duración. Editado por el sello Desorden Sonoro, este LP marca
  │   una clara evolución hacia un sonido más maduro y con mayor
  │   profundidad, influenciado notablemente por el post-punk de los 80. En
  │   Relámpago, resuenan reminiscencias a grupos icónicos como Siouxsie And
  │   The Banshees o los primeros discos de The Cure. Sin embargo, la banda
  │   mantiene su lado luminoso y más pop, evidenciando también una gran
  │   influencia del indie latinoamericano. Este nuevo trabajo que se sitúa
  │   entre el shoegaze, dream pop y post-punk, fue producido, grabado y
  │   masterizado por Jaime Beltrán.', 'others': {'price': '3,00€ –
  │   10,00€', 'category': 'Programación', 'location_url':
  │   'https://clasijazz.com/local/clasijazz/', 'location': 'C/Maestro Serrano
  │   nº9, Almería'}, 'source': 'ClassicJazz', 'exec_time':
  │   '20260301T113959', 'session': '2026_03_01_11_33_Domingo', 'image':
  │   'https://clasijazz.com/wp-content/uploads/2025/12/tigre.jpg', 'url':
  │   'https://clasijazz.com/evento/tigre-ulli-bonaerense/'}
  │   4 / 7
  │   Getting https://clasijazz.com/evento/taller-de-danza-k-pop-4/
  │   Sleep 4
  │   2026-03-27T18:00:00 2026-03-27T19:30:00
  │   --------------------
  │   {'id': 'f503e965', 'show': 1, 'in_city': 1, 'one_day': 1,
  │   'wrong_date_time': 0, 'event': 'Taller De Danza K-Pop', 'slug':
  │   'taller-de-danza-k-pop', 'category': '__NOT_DEFINIED__', 'id_venue':
  │   'Q6b6LRjT', 'venue': 'Sede Clasijazz', 'std_venue': 'Clasijazz',
  │   'start_date': '2026-03-27', 'start_time': '18:00:00', 'end_date':
  │   '2026-03-27', 'end_time': '19:30:00', 'description': 'Entrada Libre Sala
  │   Swing ES ¡Únete de nuevo a nuestro cuarto taller de baile de K-pop!
  │   Esta vez, aprenderemos la coreografía de “ASAP” de Stayc. ¡Todos
  │   son bienvenidos, desde niños hasta adultos! Ya seas principiante o
  │   tengas experiencia en el baile, escuches K-Pop de vez en cuando o seas
  │   un superfan, ¡este taller es para ti! ¡Asegúrate de llevar ropa
  │   cómoda! ¡Nos vemos! ☀️ ENG Join us again for the fourth k-pop
  │   dance workshop! This time, we will be learning the choreography for
  │   Stayc’s “ASAP”. Everyone is welcome, from children to adults.
  │   Whether you’re a beginner or an experienced dancer, a casual listener
  │   or a K-Pop superfan, this workshop is for you! Make sure to wear
  │   comfortable clothes and to bring a bottle of water! See you…ASAP!
  │   ☀️', 'others': {'price': '__NOT_DEFINIED__', 'category':
  │   'Programación', 'location_url':
  │   'https://clasijazz.com/local/sede-clasijazz/', 'location': 'Maestro
  │   Serrano 9, Almería'}, 'source': 'ClassicJazz', 'exec_time':
  │   '20260301T113959', 'session': '2026_03_01_11_33_Domingo', 'image':
  │   'https://clasijazz.com/wp-content/uploads/2026/02/danceclass.png',
  │   'url': 'https://clasijazz.com/evento/taller-de-danza-k-pop-4/'}
  │   5 / 7
  │   Getting
  │   https://clasijazz.com/evento/noche-flamenca-port-of-spain/2026-04-30/
  │   Sleep 4
  │   2026-04-30T22:00:00 2026-04-30T23:30:00
  │   --------------------
  │   {'id': '3030d603', 'show': 1, 'in_city': 1, 'one_day': 1,
  │   'wrong_date_time': 0, 'event': 'Jueves Flamencos', 'slug':
  │   'jueves-flamencos', 'category': '__NOT_DEFINIED__', 'id_venue':
  │   'ddgm4gQP', 'venue': 'Port Of Spain', 'std_venue': 'Port Of Spain',
  │   'start_date': '2026-04-30', 'start_time': '22:00:00', 'end_date':
  │   '2026-04-30', 'end_time': '23:30:00', 'description': 'Entrada Libre Port
  │   of Spain', 'others': {'price': '__NOT_DEFINIED__', 'category':
  │   'Programación', 'location_url':
  │   'https://clasijazz.com/local/port-of-spain/', 'location': 'Parque
  │   Nicolás Salmeron 20, Almería'}, 'source': 'ClassicJazz', 'exec_time':
  │   '20260301T113959', 'session': '2026_03_01_11_33_Domingo', 'image':
  │   'https://clasijazz.com/wp-content/uploads/2025/09/IMG_6688-scaled.jpg',
  │   'url':
  │   'https://clasijazz.com/evento/noche-flamenca-port-of-spain/2026-04-30/'}
  │   6 / 7
  │   Getting
  │   https://clasijazz.com/evento/masterclass-de-saxo-a-cargo-nicole-johanntg
  │   en/
  │   Sleep 4
  │   2026-05-02T17:00:00 2026-05-02T18:30:00
  │   --------------------
  │   {'id': '46e9f9b7', 'show': 1, 'in_city': 1, 'one_day': 1,
  │   'wrong_date_time': 0, 'event': 'MasterClass De Saxo a Cargo Nicole
  │   Johänntgen', 'slug': 'masterclass-de-saxo-a-cargo-nicole-johanntgen',
  │   'category': '__NOT_DEFINIED__', 'id_venue': 'Q6b6LRjT', 'venue': 'Sede
  │   Clasijazz', 'std_venue': 'Clasijazz', 'start_date': '2026-05-02',
  │   'start_time': '17:00:00', 'end_date': '2026-05-02', 'end_time':
  │   '18:30:00', 'description': '30 € NS / 20 € S Sala Principal Wauuu .
  │   Tienes miles y miles de seguidores porque a través de internet explica
  │   conceptos de saxo increíbles . Os dejo su instragram que lo siguen
  │   muchísimos. No os perdáis esta oportunidad .
  │   https://www.instagram.com/nicolejohaenntgen/?hl=es 200.000 seguidores .
  │   Y es que es la caña esta mujer.', 'others': {'price': '20,00€ –
  │   30,00€', 'category': 'Programación', 'location_url':
  │   'https://clasijazz.com/local/sede-clasijazz/', 'location': 'Maestro
  │   Serrano 9, Almería'}, 'source': 'ClassicJazz', 'exec_time':
  │   '20260301T113959', 'session': '2026_03_01_11_33_Domingo', 'image':
  │   'https://clasijazz.com/wp-content/uploads/2026/01/nicole-johaenntgen-491
  │   4-p_upright_Daniel_Bernet-scaled.jpg', 'url':
  │   'https://clasijazz.com/evento/masterclass-de-saxo-a-cargo-nicole-johannt
  │   gen/'}
  │   ****************************
  │   Saving 7 new events
  │   Saving in
  │   /home/ubuntu/data_storage/Almeria/2026_03_01_11_33_Domingo/0_raw/2026030
  │   1_1139_ClassicJazz.json
  │   Saving 7 master url
  │   Appending to /home/ubuntu/data_storage/Almeria/00_master/master_url.json
  └─stderr:
      /usr/local/lib/python3.11/site-packages/urllib3/connectionpool.py:1097:
      InsecureRequestWarning: Unverified HTTPS request is being made to host
      'clasijazz.com'. Adding certificate verification is strongly advised. See:
      https://urllib3.readthedocs.io/en/latest/advanced-usage.html#tls-warnings
      warnings.warn(
      /usr/local/lib/python3.11/site-packages/urllib3/connectionpool.py:1097:
      InsecureRequestWarning: Unverified HTTPS request is being made to host
      'clasijazz.com'. Adding certificate verification is strongly advised. See:
      https://urllib3.readthedocs.io/en/latest/advanced-usage.html#tls-warnings
      warnings.warn(
      /usr/local/lib/python3.11/site-packages/urllib3/connectionpool.py:1097:
      InsecureRequestWarning: Unverified HTTPS request is being made to host
      'clasijazz.com'. Adding certificate verification is strongly advised. See:
      https://urllib3.readthedocs.io/en/latest/advanced-usage.html#tls-warnings
      warnings.warn(
      /usr/local/lib/python3.11/site-packages/urllib3/connectionpool.py:1097:
      InsecureRequestWarning: Unverified HTTPS request is being made to host
      'clasijazz.com'. Adding certificate verification is strongly advised. See:
      https://urllib3.readthedocs.io/en/latest/advanced-usage.html#tls-warnings
      warnings.warn(
      /usr/local/lib/python3.11/site-packages/urllib3/connectionpool.py:1097:
      InsecureRequestWarning: Unverified HTTPS request is being made to host
      'clasijazz.com'. Adding certificate verification is strongly advised. See:
      https://urllib3.readthedocs.io/en/latest/advanced-usage.html#tls-warnings
      warnings.warn(
      /usr/local/lib/python3.11/site-packages/urllib3/connectionpool.py:1097:
      InsecureRequestWarning: Unverified HTTPS request is being made to host
      'clasijazz.com'. Adding certificate verification is strongly advised. See:
      https://urllib3.readthedocs.io/en/latest/advanced-usage.html#tls-warnings
      warnings.warn(
      /usr/local/lib/python3.11/site-packages/urllib3/connectionpool.py:1097:
      InsecureRequestWarning: Unverified HTTPS request is being made to host
      'clasijazz.com'. Adding certificate verification is strongly advised. See:
      https://urllib3.readthedocs.io/en/latest/advanced-usage.html#tls-warnings
      warnings.warn(

Result: Succeeded

Launching scraper: FlowteTaquillaCultural
Succeeded - 2026-03-01T11:41:19Z

dag: FisgonTaskSelenium (4m 6s)
│
└─tarea_1 (4m 6s) [succeeded]
  ├─bash -lc 'set -eo pipefail; export DOCKER_CONFIG=/tmp/.docker HOME=/tmp;
  │   SELENIUM_NAME="selenium_${DAG_RUN_ID:-$$}_$(date +%s)"; cleanup() {
  │   docker rm -f "$SELENIUM_NAME" >/dev/null 2>&1 || true; }; trap cleanup
  │   EXIT; docker run -d --rm --name "$SELENIUM_NAME" --shm-size=2g -e
  │   SE_NODE_MAX_SESSIONS=1 -e SE_NODE_OVERRIDE_MAX_SESSIONS=true
  │   selenium/standalone-chrome:latest >/dev/null; docker exec
  │   "$SELENIUM_NAME" bash -c "for i in \$(seq 1 60); do (echo >
  │   /dev/tcp/127.0.0.1/4444) >/dev/null 2>&1 && exit 0; sleep 1; done; exit
  │   1"; docker run --rm --network container:"$SELENIUM_NAME" -v
  │   /home/ubuntu/work/fisgon:/app -v
  │   /home/ubuntu/data_storage:/home/ubuntu/data_storage -v
  │   /home/ubuntu/work/event_flask_app/static/img:/home/ubuntu/work/event_fla
  │   sk_app/static/img -w /app -e OPERATION=0 -e DOCKER_CONFIG=/tmp/.docker
  │   -e HOME=/tmp -e TARGET_CITY -e TARGET_SCRAPER -e
  │   DAG_RUN_URL="${DAGU_BASE_URL:-}/dags/${DAG_NAME}?dagRunId=${DAG_RUN_ID}"
  │   -e
  │   DAG_RUN_LOG_URL="${DAGU_BASE_URL:-}/dags/${DAG_NAME}/log?remoteNode=loca
  │   l&step=tarea_1&dagRunId=${DAG_RUN_ID}" fisgon_scraper:1.0'
  │
  └─stdout: ... (351 more lines)
      sleeping 3
      Getting content
      sleeping 1
      b_str ='17 Oct 2026 20:30'
      {'id': 'acfb34bc', 'show': 1, 'in_city': 1, 'one_day': 1,
      'wrong_date_time': 0, 'event': 'Revolver', 'slug': 'revolver', 'category':
      '__NOT_DEFINIED__', 'id_venue': '27qNP7DH', 'venue': 'auditorio municipal
      maestro padilla.', 'std_venue': 'Auditorio Municipal Maestro Padilla',
      'start_date': '2026-10-17', 'start_time': '20:30:00', 'end_date':
      '2026-10-17', 'end_time': '__NOT_DEFINIED__', 'description': 'UN VIAJE AL
      ORIGEN. REVOLVER regresa a la carretera con LA 03010, un proyecto que
      representa mucho más que un nuevo álbum de estudio: es una coordenada
      emocional, un regreso al origen y una de las obras más complejas y
      personales en la trayectoria de Carlos Goñi, que continúa explorando
      nuevos territorios creativos. Bajo este enigmático código —el código
      postal del barrio alicantino de Los Ángeles donde vivió de niño— nace
      un repertorio que viaja a las historias que marcaron sus inicios. Según
      el propio Goñi: “Este álbum, junto con Argán, es de lo más complejo
      que he escrito en toda mi vida”. Este nuevo capítulo llega tras el
      éxito histórico de la gira aniversario de Eldorado, donde Revolver
      colgó el cartel de "Sold Out" en cada ciudad. En esta nueva cita, el
      artista no solo presentará sus nuevas composiciones, sino que el
      repertorio incluirá también esos éxitos de siempre que tantas alegrías
      nos han dado, logrando el equilibrio perfecto entre su presente creativo y
      el legado que le ha acompañado durante décadas. PRECIO DE LAS ENTRADAS:
      NIVEL A: 42 EUROS. NIVEL B: 38 EUROS. Debido a la normativa vigente, todos
      los asistentes deben adquirir entrada, incluidos niños y adultos,
      independientemente de la edad y de si ocupan butaca o no. Para cualquier
      incidencia derivada de la compra online puede contactar a través del
      correo electrónico: info@flowte.es', 'others': {'price': 'PRECIO\xa0DE
      LAS ENTRADAS:NIVEL A: 42\xa0EUROSNIVEL B: 38\xa0EUROS'}, 'source':
      'FlowteTaquillaCultural', 'exec_time': '20260301T114125', 'session':
      '2026_03_01_11_33_Domingo', 'image':
      'https://www.flowte.me/cabinet/event/img/37140-1771575524.045.png', 'url':
      'https://www.flowte.me/storefront/almeria-cultura-401?cc'}
      -------------
      ******
      xpath
      /html/body/div[6]/div[4]/div[1]/div[3]/div/div[32]/div[3]/h5
      /html/body/div[6]/div[4]/div[1]/div[3]/div/div[32]/div[3]/h5 Not found
      Checking unique event dict.
      Reading /home/ubuntu/data_storage/Almeria/00_master/master_events.json...
      *******
      []
      ('Unity Gospel Choir Con Clasijazz Big Band', 'auditorio municipal maestro
      padilla.', '2026-03-01', '12:30:00')
      ('Sorda', 'teatro apolo almeria', '2026-03-04', '20:00:00')
      ('Luz Casal', 'auditorio municipal maestro padilla.', '2026-03-07',
      '21:00:00')
      ('Dinero Negro', 'teatro apolo almeria', '2026-03-11', '20:30:00')
      ('Baile De Bestias', 'teatro apolo almeria', '2026-03-13', '20:30:00')
      ('Orquesta Filarmónica De Málaga', 'auditorio municipal maestro
      padilla.', '2026-03-14', '20:30:00')
      ('Marwán', 'teatro apolo almeria', '2026-03-15', '20:00:00')
      ('Quinteto De Viento Oual', 'teatro apolo almeria', '2026-03-16',
      '19:30:00')
      ('It Was Just an Accident', 'teatro apolo almeria', '2026-03-18',
      '20:00:00')
      ('500 Noches - Tributo a Sabina', 'auditorio municipal maestro padilla.',
      '2026-03-20', '20:30:00')
      ('Parejas Imperfectas', 'auditorio municipal maestro padilla.',
      '2026-03-21', '20:30:00')
      ('Lorcas´indómita', 'teatro apolo almeria', '2026-03-26', '20:30:00')
      ('Morricone Rock Experience', 'auditorio municipal maestro padilla.',
      '2026-03-27', '20:30:00')
      ('Paco Candela', 'auditorio municipal maestro padilla.', '2026-03-28',
      '21:00:00')
      ('Love Me Tender', 'teatro apolo almeria', '2026-04-08', '20:00:00')
      ('Café Quijano', 'auditorio municipal maestro padilla.', '2026-04-10',
      '21:00:00')
      ('Antonio Giménez Y Su Acompañamiento', 'teatro apolo almeria',
      '2026-04-15', '20:30:00')
      ('Next to My Skin', 'teatro apolo almeria', '2026-04-17', '20:30:00')
      ('Laura Gallego', 'auditorio municipal maestro padilla.', '2026-04-18',
      '20:30:00')
      ('Sentimental Value', 'teatro apolo almeria', '2026-04-22', '20:00:00')
      ('Campeones 2 en El Teatro', 'auditorio municipal maestro padilla.',
      '2026-04-25', '20:00:00')
      ('El Fantástico Viaje De Jonás El Espermatozoide', 'teatro apolo
      almeria', '2026-04-30', '20:30:00')
      ('Diana Navarro', 'auditorio municipal maestro padilla.', '2026-05-16',
      '20:30:00')
      ('Zambrano', 'teatro apolo almeria', '2026-05-20', '20:30:00')
      ('Ulises', 'teatro apolo almeria', '2026-05-21', '20:30:00')
      ('Pleita', 'teatro apolo almeria', '2026-05-22', '20:30:00')
      ('Real Orquesta Sinfónica De Sevilla', 'auditorio municipal maestro
      padilla.', '2026-05-23', '20:30:00')
      ('Una Perla en Auschwitz', 'teatro apolo almeria', '2026-06-10',
      '20:30:00')
      ('Un Patético Amor Desconocido', 'teatro apolo almeria', '2026-06-12',
      '20:30:00')
      ('Casandra', 'teatro apolo almeria', '2026-07-15', '20:30:00')
      ('Revolver', 'auditorio municipal maestro padilla.', '2026-10-17',
      '20:30:00')
      ****************************
      Saving 31 new events
      Saving in
      /home/ubuntu/data_storage/Almeria/2026_03_01_11_33_Domingo/0_raw/20260301_
      1141_FlowteTaquillaCultural.json
      Saving 31 master url
      Appending to  /home/ubuntu/data_storage/Almeria/00_master/master_url.json

Result: Succeeded

Launching scraper: Entradium
Succeeded - 2026-03-01T11:45:26Z

dag: FisgonTaskSelenium (49.0s)
│
└─tarea_1 (49.0s) [succeeded]
  ├─bash -lc 'set -eo pipefail; export DOCKER_CONFIG=/tmp/.docker HOME=/tmp;
  │   SELENIUM_NAME="selenium_${DAG_RUN_ID:-$$}_$(date +%s)"; cleanup() {
  │   docker rm -f "$SELENIUM_NAME" >/dev/null 2>&1 || true; }; trap cleanup
  │   EXIT; docker run -d --rm --name "$SELENIUM_NAME" --shm-size=2g -e
  │   SE_NODE_MAX_SESSIONS=1 -e SE_NODE_OVERRIDE_MAX_SESSIONS=true
  │   selenium/standalone-chrome:latest >/dev/null; docker exec
  │   "$SELENIUM_NAME" bash -c "for i in \$(seq 1 60); do (echo >
  │   /dev/tcp/127.0.0.1/4444) >/dev/null 2>&1 && exit 0; sleep 1; done; exit
  │   1"; docker run --rm --network container:"$SELENIUM_NAME" -v
  │   /home/ubuntu/work/fisgon:/app -v
  │   /home/ubuntu/data_storage:/home/ubuntu/data_storage -v
  │   /home/ubuntu/work/event_flask_app/static/img:/home/ubuntu/work/event_fla
  │   sk_app/static/img -w /app -e OPERATION=0 -e DOCKER_CONFIG=/tmp/.docker
  │   -e HOME=/tmp -e TARGET_CITY -e TARGET_SCRAPER -e
  │   DAG_RUN_URL="${DAGU_BASE_URL:-}/dags/${DAG_NAME}?dagRunId=${DAG_RUN_ID}"
  │   -e
  │   DAG_RUN_LOG_URL="${DAGU_BASE_URL:-}/dags/${DAG_NAME}/log?remoteNode=loca
  │   l&step=tarea_1&dagRunId=${DAG_RUN_ID}" fisgon_scraper:1.0'
  │
  ├─stdout: ... (2 more lines)
  │   OPERATION=0,
  │   CREATE_SESSION=0,
  │   CLOSE_SESSION=0,
  │   SESSION=None,
  │   IMAGES=0,
  │   GET_SCRAPERS=
  │   SCRAPER=Entradium
  │   DAG_RUN_URL=/dags/FisgonTaskSelenium/log?remoteNode=local&step=tarea_1&d
  │   agRunId=019ca937-b40a-7f2a-937f-dc6c6da9ce4f
  │   Running for Almeria: Entradium
  │   Entradium
  │   RUNNING SESSION =  2026_03_01_11_33_Domingo
  │   Starting WebDriver...
  │   http://localhost:4444/wd/hub
  │   sleeping 5
  │   clicking
  │   sleeping 3
  │   sleeping 1.5
  │   sleeping 3
  │   ******
  │   xpath
  │   /html/body/header/div[2]/div[1]/div/div/form/div/div/button/span/i
  │   clicking
  │   sleeping 3
  │   sleeping 8
  │   Getting content
  │   *** SCRAPED 26 URLS WITH EVENTS **
  │   New url events = 3
  │   0 / 3
  │   Getting
  │   https://entradium.com/es/events/casting-el-musical-lo-eliges-tu-almeria
  │   Sleep 4
  │   ['12.04.2026', '17:00']
  │   --------------------
  │   {'id': '0ffcd581', 'show': 1, 'in_city': 1, 'one_day': 1,
  │   'wrong_date_time': 0, 'event': 'Casting - El Musical Lo Eliges Tú',
  │   'slug': 'casting-el-musical-lo-eliges-tu', 'category':
  │   '__NOT_DEFINIED__', 'id_venue': '7qHRF9LM', 'venue': 'Sala Emma',
  │   'std_venue': 'Sala Escuela Municipal de Música & Artes', 'start_date':
  │   '2026-04-12', 'start_time': '17:00:00', 'end_date': '__NOT_DEFINIED__',
  │   'end_time': '__NOT_DEFINIED__', 'description': 'CastingLumenia Teatro
  │   llega con una propuesta diferente, divertida y participativa desde el
  │   Teatro Musical.Un grupo de artistas tiene que decidir su próximo
  │   montaje pero no logran ponerse de acuerdo, la solución está clara:
  │   hacer un casting en directo y que el público decida que musical
  │   ganará.Os esperamos a todos en esta obra en la que el nuevo musical
  │   "¡LO ELIGES TÚ!"', 'others': {}, 'source': 'Entradium', 'exec_time':
  │   '20260301T114531', 'session': '2026_03_01_11_33_Domingo', 'image':
  │   'https://d2il8hfach02z9.cloudfront.net/uploads/event/poster/440834db10d2
  │   3dc95753f95992884686c6c0d4ef/event_m_1000143383.png?v=1772138139',
  │   'url':
  │   'https://entradium.com/es/events/casting-el-musical-lo-eliges-tu-almeria
  │   '}
  │   1 / 3
  │   Getting
  │   https://entradium.com/es/events/sinergia-solidaria-noesso-en-la-guajira-
  │   almeria
  │   Sleep 4
  │   ['22.03.2026', '12:00']
  │   --------------------
  │   {'id': '497f5b92', 'show': 1, 'in_city': 1, 'one_day': 1,
  │   'wrong_date_time': 0, 'event': 'Sinergia Solidaria Noesso en La
  │   Guajira', 'slug': 'sinergia-solidaria-noesso-en-la-guajira', 'category':
  │   '__NOT_DEFINIED__', 'id_venue': 'NhNQFPQh', 'venue': 'ASOCIACION
  │   CULTURAL LA GUAJIRA', 'std_venue': 'La Guajira', 'start_date':
  │   '2026-03-22', 'start_time': '12:00:00', 'end_date': '__NOT_DEFINIED__',
  │   'end_time': '__NOT_DEFINIED__', 'description': 'Esta sexta Sinergia
  │   Solidaria la celebramos con la Asociación NOESSO, una entidad que
  │   acompaña a personas y familias en momentos de especial vulnerabilidad,
  │   trabajando en áreas como adicciones, menores e inserción
  │   sociolaboral.En esta edición, nos convoca una pregunta urgente y
  │   contemporánea: qué hacemos con las mentiras que se convierten en
  │   violencia. Bajo el título «Mejor sin mentiras. Hablamos de personas
  │   migrantes», dedicaremos la jornada a la reflexión y la
  │   sensibilización en torno al discurso de odio: mensajes que
  │   deslegitiman, estigmatizan o excluyen a personas y colectivos por su
  │   origen, identidad cultural o situación migratoria.Contaremos con la
  │   intervención de Fernando Plaza, delegado en Almería de la Asociación
  │   Pro Derechos Humanos de Andalucía, para situar el debate con rigor y
  │   derechos humanos. También habrá una actuación musical de Alba
  │   Sorroche & Damián Sánchez, que pone cuerpo y emoción a lo que a veces
  │   no sabemos nombrar.Viviremos un taller de Teatro del Oprimido con dos
  │   actos de la obra «Moscas en el paraíso», dirigida por Adán Torres, y
  │   cerraremos la jornada con la música en directo de Loudly.El despliegue
  │   de actividades aquí:12.00 a 12.30 | Recepción y bienvenidaApertura del
  │   evento por parte de la Asociación NOESSOPresentación del Proyecto ReTo
  │   por parte de La Guajira12.30 a 13.00 | Charla sobre discurso de odio:
  │   «Mejor sin mentiras. Hablamos de personas migrantes», con Fernando
  │   Plaza.13.00 a 14.00 | Actuación Alba Sorroche y Damián Sánchez14.00 a
  │   16.00 | Sesión DJ16.00 a 17.00 | Taller de Teatro del Oprimido17.00 a
  │   18.00 | Concierto Loudly18.00 | Despedida y cierreLa entrada tiene un
  │   coste de 10€ en beneficio de la Asociación NOESSO.', 'others': {},
  │   'source': 'Entradium', 'exec_time': '20260301T114531', 'session':
  │   '2026_03_01_11_33_Domingo', 'image':
  │   'https://d2il8hfach02z9.cloudfront.net/uploads/event/poster/86bb036fcc36
  │   52c126d02189e639f2891f2322fd/event_m_sinergia_solidaria_vertical.png?v=1
  │   772095678', 'url':
  │   'https://entradium.com/es/events/sinergia-solidaria-noesso-en-la-guajira
  │   -almeria'}
  │   2 / 3
  │   Getting
  │   https://entradium.com/es/events/stand-up-comedy-artenvacio-kikin-fernand
  │   ez
  │   Sleep 4
  │   ['6.03.2026', '19:00']
  │   --------------------
  │   {'id': '50a4cf66', 'show': 1, 'in_city': 1, 'one_day': 1,
  │   'wrong_date_time': 0, 'event': 'Kikin Fernandez', 'slug':
  │   'kikin-fernandez', 'category': '__NOT_DEFINIED__', 'id_venue':
  │   '9B7gDFP7', 'venue': 'Sala Stand Up Artenvacio', 'std_venue': 'Sala
  │   Artenvacio', 'start_date': '2026-03-06', 'start_time': '19:00:00',
  │   'end_date': '__NOT_DEFINIED__', 'end_time': '__NOT_DEFINIED__',
  │   'description': 'STAND UP COMEDY ARTENVACIO - KIKIN FERNANDEZ“Kikín
  │   Fernández es un cómico con un pasado muy prometedor. Casi 30 años de
  │   escenarios han dado para mucho. Paramount Comedy, Comedy Central,
  │   Teatro, televisión y cine. El mismísimo Broncano confesó tenerlo
  │   entre sus cómicos favoritos. Ahora Kikín escribe para otros cómicos y
  │   dirige espectáculos de comedia que se estrenan en la Gran vía
  │   Madrileña.Pero a Kikín le gusta actuar en sitios pequeños. Y si puede
  │   ser en Almería, mejor.“BUENOPOSYASTA” es una expresión que sirve
  │   para casi todo, para hablar de lo que te da la gana y para no escuchar
  │   lo que no te apetece. Lo importante es reírse.Apertura de puertas a
  │   las: 18:30 h Espectáculo a las: 19:00 h Entradas en Entradium: 10€
  │   Entradas en puerta: 12€', 'others': {}, 'source': 'Entradium',
  │   'exec_time': '20260301T114531', 'session': '2026_03_01_11_33_Domingo',
  │   'image':
  │   'https://d2il8hfach02z9.cloudfront.net/uploads/event/poster/0bec0d8b5a45
  │   9c9a3a446e7422b20a2f099067c2/event_m_dj_flyer_-_Hecho_con_PosterMyWall.j
  │   pg?v=1772097436', 'url':
  │   'https://entradium.com/es/events/stand-up-comedy-artenvacio-kikin-fernan
  │   dez'}
  │   ****************************
  │   Saving 3 new events
  │   Saving in
  │   /home/ubuntu/data_storage/Almeria/2026_03_01_11_33_Domingo/0_raw/2026030
  │   1_1145_Entradium.json
  │   Saving 3 master url
  │   Appending to /home/ubuntu/data_storage/Almeria/00_master/master_url.json
  └─stderr:
      /usr/local/lib/python3.11/site-packages/urllib3/connectionpool.py:1097:
      InsecureRequestWarning: Unverified HTTPS request is being made to host
      'entradium.com'. Adding certificate verification is strongly advised. See:
      https://urllib3.readthedocs.io/en/latest/advanced-usage.html#tls-warnings
      warnings.warn(
      /usr/local/lib/python3.11/site-packages/urllib3/connectionpool.py:1097:
      InsecureRequestWarning: Unverified HTTPS request is being made to host
      'entradium.com'. Adding certificate verification is strongly advised. See:
      https://urllib3.readthedocs.io/en/latest/advanced-usage.html#tls-warnings
      warnings.warn(
      /usr/local/lib/python3.11/site-packages/urllib3/connectionpool.py:1097:
      InsecureRequestWarning: Unverified HTTPS request is being made to host
      'entradium.com'. Adding certificate verification is strongly advised. See:
      https://urllib3.readthedocs.io/en/latest/advanced-usage.html#tls-warnings
      warnings.warn(

Result: Succeeded

Launching scraper: TodasLasEntradas
Succeeded - 2026-03-01T11:46:15Z

dag: FisgonTaskSelenium (8.0s)
│
└─tarea_1 (8.0s) [succeeded]
  ├─bash -lc 'set -eo pipefail; export DOCKER_CONFIG=/tmp/.docker HOME=/tmp;
  │   SELENIUM_NAME="selenium_${DAG_RUN_ID:-$$}_$(date +%s)"; cleanup() {
  │   docker rm -f "$SELENIUM_NAME" >/dev/null 2>&1 || true; }; trap cleanup
  │   EXIT; docker run -d --rm --name "$SELENIUM_NAME" --shm-size=2g -e
  │   SE_NODE_MAX_SESSIONS=1 -e SE_NODE_OVERRIDE_MAX_SESSIONS=true
  │   selenium/standalone-chrome:latest >/dev/null; docker exec
  │   "$SELENIUM_NAME" bash -c "for i in \$(seq 1 60); do (echo >
  │   /dev/tcp/127.0.0.1/4444) >/dev/null 2>&1 && exit 0; sleep 1; done; exit
  │   1"; docker run --rm --network container:"$SELENIUM_NAME" -v
  │   /home/ubuntu/work/fisgon:/app -v
  │   /home/ubuntu/data_storage:/home/ubuntu/data_storage -v
  │   /home/ubuntu/work/event_flask_app/static/img:/home/ubuntu/work/event_fla
  │   sk_app/static/img -w /app -e OPERATION=0 -e DOCKER_CONFIG=/tmp/.docker
  │   -e HOME=/tmp -e TARGET_CITY -e TARGET_SCRAPER -e
  │   DAG_RUN_URL="${DAGU_BASE_URL:-}/dags/${DAG_NAME}?dagRunId=${DAG_RUN_ID}"
  │   -e
  │   DAG_RUN_LOG_URL="${DAGU_BASE_URL:-}/dags/${DAG_NAME}/log?remoteNode=loca
  │   l&step=tarea_1&dagRunId=${DAG_RUN_ID}" fisgon_scraper:1.0'
  │
  └─stdout:
      RUNNING VARS →
      CITY=Almeria,
      OPERATION=0,
      CREATE_SESSION=0,
      CLOSE_SESSION=0,
      SESSION=None,
      IMAGES=0,
      GET_SCRAPERS=
      SCRAPER=TodasLasEntradas
      DAG_RUN_URL=/dags/FisgonTaskSelenium/log?remoteNode=local&step=tarea_1&dag
      RunId=019ca938-754a-782f-a8c8-5d463efac554
      Running for Almeria: TodasLasEntradas
      TodasLasEntradas
      RUNNING SESSION =  2026_03_01_11_33_Domingo
      Starting WebDriver...
      http://localhost:4444/wd/hub
      Getting content
      *** SCRAPED 23 URLS WITH EVENTS **
      New url events = 0
      #######################
      No new urls/events extracted. No new events to save
      #######################

Result: Succeeded

Launching scraper: RedBibliotecas
Succeeded - 2026-03-01T11:46:23Z

dag: FisgonTaskSelenium (18.0s)
│
└─tarea_1 (18.0s) [succeeded]
  ├─bash -lc 'set -eo pipefail; export DOCKER_CONFIG=/tmp/.docker HOME=/tmp;
  │   SELENIUM_NAME="selenium_${DAG_RUN_ID:-$$}_$(date +%s)"; cleanup() {
  │   docker rm -f "$SELENIUM_NAME" >/dev/null 2>&1 || true; }; trap cleanup
  │   EXIT; docker run -d --rm --name "$SELENIUM_NAME" --shm-size=2g -e
  │   SE_NODE_MAX_SESSIONS=1 -e SE_NODE_OVERRIDE_MAX_SESSIONS=true
  │   selenium/standalone-chrome:latest >/dev/null; docker exec
  │   "$SELENIUM_NAME" bash -c "for i in \$(seq 1 60); do (echo >
  │   /dev/tcp/127.0.0.1/4444) >/dev/null 2>&1 && exit 0; sleep 1; done; exit
  │   1"; docker run --rm --network container:"$SELENIUM_NAME" -v
  │   /home/ubuntu/work/fisgon:/app -v
  │   /home/ubuntu/data_storage:/home/ubuntu/data_storage -v
  │   /home/ubuntu/work/event_flask_app/static/img:/home/ubuntu/work/event_fla
  │   sk_app/static/img -w /app -e OPERATION=0 -e DOCKER_CONFIG=/tmp/.docker
  │   -e HOME=/tmp -e TARGET_CITY -e TARGET_SCRAPER -e
  │   DAG_RUN_URL="${DAGU_BASE_URL:-}/dags/${DAG_NAME}?dagRunId=${DAG_RUN_ID}"
  │   -e
  │   DAG_RUN_LOG_URL="${DAGU_BASE_URL:-}/dags/${DAG_NAME}/log?remoteNode=loca
  │   l&step=tarea_1&dagRunId=${DAG_RUN_ID}" fisgon_scraper:1.0'
  │
  └─stdout: ... (78 more lines)
      {'id': '592a16cd', 'show': 1, 'in_city': 1, 'one_day': 1,
      'wrong_date_time': 0, 'event': 'Taller Infantil "Mi Inicial Molona"',
      'slug': 'taller-infantil-mi-inicial-molona', 'category':
      '__NOT_DEFINIED__', 'id_venue': 'GQnp3h69', 'venue': 'Biblioteca Municipal
      Los Ángeles', 'std_venue': 'Biblioteca Pública Municipal Los Ángeles',
      'start_date': '2026-03-04', 'start_time': '18:00:00', 'end_date':
      '__NOT_DEFINIED__', 'end_time': '19:30:00', 'description': 'Crearemos
      letras en cartonaje que decoraremos con gran cantidad de material variado.
      Dependiendo de si queremos personalizar la puerta de nuestra habitación o
      usarlas para decorar un mueble o estantería, podrán elegir entre una
      técnica u otra para que se queden en plano o en 3D. ATENCIÓN: La
      inscripción al taller se abrirá una semana antes de su inicio. Solo
      podrán asistir los usuarios con carné de biblioteca, que estén
      previamente inscritos y dentro del cupo que el aforo permita. SE RUEGA
      PUNTUALIDAD', 'others': '__NOT_DEFINIED__', 'source': 'RedBibliotecas',
      'exec_time': '20260301T114627', 'session': '2026_03_01_11_33_Domingo',
      'image':
      'https://www.bibliotecaspublicas.es/.imaging/mte/site-bibliotecas-theme/24
      0/dam/almeria/ACTIVIDADES/MARZO%2026%20BASICOS/03-TI-1.png/jcr%3Acontent/0
      3-TI%25201.png', 'url':
      'https://www.bibliotecaspublicas.es/almeria/actividades/Agenda/ti-143-inic
      ial.html'}
      13 / 24
      Getting content
      --------------------
      {'id': 'd6fc95a9', 'show': 1, 'in_city': 1, 'one_day': 1,
      'wrong_date_time': 0, 'event': 'Taller Infantil "Garabatos Emocionales"',
      'slug': 'taller-infantil-garabatos-emocionales', 'category':
      '__NOT_DEFINIED__', 'id_venue': 'GMqmFgD4', 'venue': 'Biblioteca El
      Alquián', 'std_venue': 'Biblioteca Pública El Alquián', 'start_date':
      '2026-03-24', 'start_time': '18:00:00', 'end_date': '__NOT_DEFINIED__',
      'end_time': '19:30:00', 'description': 'Regalaremos una agenda a cada
      participante y en esas mismas hojas iremos plasmando técnicas de
      concentración, relajación e inteligencia emocional. Para el desarrollo
      de la sesión regalaremos a cada asistente varias láminas de pegativas
      también y un montón de material de papelería a través del cual
      aprenderán a dejar volar su imaginación sin compararse con nadie y
      disfrutando del arte de crear. ATENCIÓN: La inscripción al taller se
      abrirá una semana antes de su inicio. Solo podrán asistir los usuarios
      con carné de biblioteca, que estén previamente inscritos y dentro del
      cupo que el aforo permita. SE RUEGA PUNTUALIDAD', 'others':
      '__NOT_DEFINIED__', 'source': 'RedBibliotecas', 'exec_time':
      '20260301T114627', 'session': '2026_03_01_11_33_Domingo', 'image':
      'https://www.bibliotecaspublicas.es/.imaging/mte/site-bibliotecas-theme/24
      0/dam/almeria/ACTIVIDADES/MARZO%2026%20BASICOS/13.png/jcr%3Acontent/13.png
      ', 'url':
      'https://www.bibliotecaspublicas.es/almeria/actividades/Agenda/ti-141-gara
      batos.html'}
      14 / 24
      Getting content
      --------------------
      {'id': '2cc1f764', 'show': 1, 'in_city': 1, 'one_day': 1,
      'wrong_date_time': 0, 'event': 'Taller Infantil "Garabatos Emocionales"',
      'slug': 'taller-infantil-garabatos-emocionales', 'category':
      '__NOT_DEFINIED__', 'id_venue': '1b66427d', 'venue': 'Biblioteca Municipal
      Cabo de Gata', 'std_venue': 'Biblioteca Municipal Cabo de Gata',
      'start_date': '2026-03-26', 'start_time': '17:30:00', 'end_date':
      '__NOT_DEFINIED__', 'end_time': '19:00:00', 'description': 'Regalaremos
      una agenda a cada participante y en esas mismas hojas iremos plasmando
      técnicas de concentración, relajación e inteligencia emocional. Para el
      desarrollo de la sesión regalaremos a cada asistente varias láminas de
      pegativas también y un montón de material de papelería a través del
      cual aprenderán a dejar volar su imaginación sin compararse con nadie y
      disfrutando del arte de crear.. ATENCIÓN: Solo podrán asistir los
      usuarios con carné de biblioteca, que estén previamente registrados y
      dentro del cupo que el aforo permita. SE RUEGA PUNTUALIDAD', 'others':
      '__NOT_DEFINIED__', 'source': 'RedBibliotecas', 'exec_time':
      '20260301T114627', 'session': '2026_03_01_11_33_Domingo', 'image':
      'https://www.bibliotecaspublicas.es/.imaging/mte/site-bibliotecas-theme/24
      0/dam/almeria/ACTIVIDADES/MARZO%2026%20BASICOS/13.png/jcr%3Acontent/13.png
      ', 'url':
      'https://www.bibliotecaspublicas.es/almeria/actividades/Agenda/ti-140-gara
      batos.html'}
      15 / 24
      Getting content
      --------------------
      {'id': '721cf304', 'show': 1, 'in_city': 1, 'one_day': 1,
      'wrong_date_time': 0, 'event': 'Bebecuentos "Triángulo, Cuadrado"',
      'slug': 'bebecuentos-triangulo-cuadrado', 'category': '__NOT_DEFINIED__',
      'id_venue': '3mrLgtRB', 'venue': 'Biblioteca Central José María Artero',
      'std_venue': 'Biblioteca Central José María Artero', 'start_date':
      '2026-03-03', 'start_time': '18:00:00', 'end_date': '__NOT_DEFINIED__',
      'end_time': '19:00:00', 'description': 'Cuadrado saca bloques de una cueva
      y los sube por la montaña hasta colocarlos en la cima. Es su trabajo. Su
      amiga Círculo lo visita, le dice que es un gran escultor, ¡un genio! Y
      le pide que haga una escultura de ella. ¿Pero es Cuadrado un gran
      artista? Él piensa que no, pero aún así… lo intenta. Los dos
      creadores de libros infantiles con más talento de la actualidad, juntos
      en este sorprendentemente sencillo y divertido álbum ilustrado que invita
      a la reflexión. ATENCIÓN: Es muy importante que tenga en cuenta las
      pautas para los bebecuentos. La inscripción al bebecuentos se abrirá una
      semana antes de su inicio. Solo podrán asistir los usuarios con carné de
      biblioteca, que estén previamente inscritos y dentro del cupo que el
      aforo permita. SE RUEGA PUNTUALIDAD', 'others': '__NOT_DEFINIED__',
      'source': 'RedBibliotecas', 'exec_time': '20260301T114627', 'session':
      '2026_03_01_11_33_Domingo', 'image':
      'https://www.bibliotecaspublicas.es/.imaging/mte/site-bibliotecas-theme/24
      0/dam/almeria/ACTIVIDADES/MARZO%2026%20BASICOS/03-BBC.png/jcr%3Acontent/03
      -BBC.png', 'url':
      'https://www.bibliotecaspublicas.es/almeria/actividades/Agenda/bbc-bc-tria
      ngulo.html'}
      16 / 24
      Getting content
      --------------------
      {'id': '535e6cf1', 'show': 1, 'in_city': 1, 'one_day': 1,
      'wrong_date_time': 0, 'event': 'Presentación Del Libro "Carambolo Perdió
      Su Corona"', 'slug': 'presentacion-del-libro-carambolo-perdio-su-corona',
      'category': '__NOT_DEFINIED__', 'id_venue': '3mrLgtRB', 'venue':
      'Biblioteca Central José María Artero', 'std_venue': 'Biblioteca Central
      José María Artero', 'start_date': '2026-03-19', 'start_time':
      '18:00:00', 'end_date': '__NOT_DEFINIED__', 'end_time': '19:00:00',
      'description': 'Teresa Flores Martínez, autora y Marta Flores Nieto,
      ilustradora nos presentan su nuevo libro "Carambolo perdió su corona" y
      tras las presentación habrá un cuentacuentos para los asistentes.
      Carambolo es un niño cariñoso y despistado que pierde la preciosa corona
      de papel de periódico que le ha hecho su madre para su cumpleaños. Muy
      triste sale en su busca por todos los rincones por donde juega
      habitualmente, allí localiza a cada uno de sus amigos y les pregunta si
      han visto su corona. La corona no aparece, pero va encontrando otros
      objetos muy queridos para él que perdió en sus paseos y que le son
      devueltos…. ¿Logrará por fin Carambolo recuperar su corona? ENTRADA
      LIBRE HASTA COMPLETAR AFORO SE RUEGA PUNTUALIDAD', 'others':
      '__NOT_DEFINIED__', 'source': 'RedBibliotecas', 'exec_time':
      '20260301T114627', 'session': '2026_03_01_11_33_Domingo', 'image':
      'https://www.bibliotecaspublicas.es/.imaging/mte/site-bibliotecas-theme/24
      0/dam/almeria/ACTIVIDADES/MARZO%2026%20BASICOS/14.png/jcr%3Acontent/14.png
      ', 'url':
      'https://www.bibliotecaspublicas.es/almeria/actividades/Agenda/pl-172a.htm
      l'}
      17 / 24
      Getting content
      --------------------
      {'id': '3c3a9a67', 'show': 1, 'in_city': 1, 'one_day': 1,
      'wrong_date_time': 0, 'event': 'Taller Infantil "Garabatos Emocionales"',
      'slug': 'taller-infantil-garabatos-emocionales', 'category':
      '__NOT_DEFINIED__', 'id_venue': '3mrLgtRB', 'venue': 'Biblioteca Central
      José María Artero', 'std_venue': 'Biblioteca Central José María
      Artero', 'start_date': '2026-03-23', 'start_time': '18:00:00', 'end_date':
      '__NOT_DEFINIED__', 'end_time': '19:30:00', 'description': 'Regalaremos
      una agenda a cada participante y en esas mismas hojas iremos plasmando
      técnicas de concentración, relajación e inteligencia emocional. Para el
      desarrollo de la sesión regalaremos a cada asistente varias láminas de
      pegativas también y un montón de material de papelería a través del
      cual aprenderán a dejar volar su imaginación sin compararse con nadie y
      disfrutando del arte de crear. ATENCIÓN: La inscripción al taller se
      abrirá una semana antes de su inicio. Solo podrán asistir los usuarios
      con carné de biblioteca, que estén previamente inscritos y dentro del
      cupo que el aforo permita. SE RUEGA PUNTUALIDAD', 'others':
      '__NOT_DEFINIED__', 'source': 'RedBibliotecas', 'exec_time':
      '20260301T114627', 'session': '2026_03_01_11_33_Domingo', 'image':
      'https://www.bibliotecaspublicas.es/.imaging/mte/site-bibliotecas-theme/24
      0/dam/almeria/ACTIVIDADES/MARZO%2026%20BASICOS/13.png/jcr%3Acontent/13.png
      ', 'url':
      'https://www.bibliotecaspublicas.es/almeria/actividades/Agenda/ti-172-gara
      batos.html'}
      18 / 24
      Getting content
      --------------------
      {'id': '47182bee', 'show': 1, 'in_city': 1, 'one_day': 1,
      'wrong_date_time': 0, 'event': 'Club De Lectura en El Alquián', 'slug':
      'club-de-lectura-en-el-alquian', 'category': '__NOT_DEFINIED__',
      'id_venue': 'GMqmFgD4', 'venue': 'Biblioteca El Alquián', 'std_venue':
      'Biblioteca Pública El Alquián', 'start_date': '2026-03-06',
      'start_time': '10:30:00', 'end_date': '__NOT_DEFINIED__', 'end_time':
      '11:30:00', 'description': 'Si te gusta leer anímate a participar en
      nuestro club de lectura. Celebramos dos sesiones al mes. Descubre cada mes
      un nuevo libro, comparte lectura y conversación. No te lo pierdas.',
      'others': '__NOT_DEFINIED__', 'source': 'RedBibliotecas', 'exec_time':
      '20260301T114627', 'session': '2026_03_01_11_33_Domingo', 'image':
      'https://www.bibliotecaspublicas.es/.imaging/mte/site-bibliotecas-theme/24
      0/dam/almeria/ACTIVIDADES/CLUBES/CL-141--1-.png/jcr%3Acontent/CL%2520141%2
      520%281%29.png', 'url':
      'https://www.bibliotecaspublicas.es/almeria/actividades/Agenda/cl-alquian.
      html'}
      19 / 24
      Getting content
      --------------------
      {'id': 'e6fbc50e', 'show': 1, 'in_city': 1, 'one_day': 1,
      'wrong_date_time': 0, 'event': 'Taller Infantil "Mi Inicial Molona"',
      'slug': 'taller-infantil-mi-inicial-molona', 'category':
      '__NOT_DEFINIED__', 'id_venue': '1b66427d', 'venue': 'Biblioteca Municipal
      Cabo de Gata', 'std_venue': 'Biblioteca Municipal Cabo de Gata',
      'start_date': '2026-03-05', 'start_time': '17:30:00', 'end_date':
      '__NOT_DEFINIED__', 'end_time': '19:00:00', 'description': 'Crearemos
      letras en cartonaje que decoraremos con gran cantidad de material variado.
      Dependiendo de si queremos personalizar la puerta de nuestra habitación o
      usarlas para decorar un mueble o estantería, podrán elegir entre una
      técnica u otra para que se queden en plano o en 3D. ATENCIÓN: La
      inscripción al taller se abrirá una semana antes de su inicio. Solo
      podrán asistir los usuarios con carné de biblioteca, que estén
      previamente inscritos y dentro del cupo que el aforo permita. SE RUEGA
      PUNTUALIDAD', 'others': '__NOT_DEFINIED__', 'source': 'RedBibliotecas',
      'exec_time': '20260301T114627', 'session': '2026_03_01_11_33_Domingo',
      'image':
      'https://www.bibliotecaspublicas.es/.imaging/mte/site-bibliotecas-theme/24
      0/dam/almeria/ACTIVIDADES/MARZO%2026%20BASICOS/03-TI-1.png/jcr%3Acontent/0
      3-TI%25201.png', 'url':
      'https://www.bibliotecaspublicas.es/almeria/actividades/Agenda/ti-140-inic
      ial.html'}
      20 / 24
      Getting content
      --------------------
      {'id': '6a93b4bb', 'show': 1, 'in_city': 1, 'one_day': 1,
      'wrong_date_time': 0, 'event': 'Presentación Del Libro "Willy No Busca
      Trufas"', 'slug': 'presentacion-del-libro-willy-no-busca-trufas',
      'category': '__NOT_DEFINIED__', 'id_venue': '3mrLgtRB', 'venue':
      'Biblioteca Central José María Artero', 'std_venue': 'Biblioteca Central
      José María Artero', 'start_date': '2026-03-02', 'start_time':
      '18:00:00', 'end_date': '__NOT_DEFINIED__', 'end_time': '19:00:00',
      'description': 'Estefanía Sanjuán presentará su libro y a continuación
      habrá un cuentacuentos para todos los asistentes. Willy no busca trufas
      es un cuento mágico sobre un cerdito muy especial: tiene cresta de fuego,
      una cola con poderes… ¡y ningún interés por buscar trufas! Mientras
      todos esperan que sea como los demás, Willy se lanza a una aventura para
      descubrir su verdadero don. En el camino, conoce amigos únicos y aprende
      que ser diferente no solo está bien…, sino que ¡es maravilloso! Willy
      no busca trufas transmite valores como la autoaceptación, la valentía de
      ser uno mismo, la importancia de la diversidad y el respeto a las
      diferencias. Fomenta la empatía, la inclusión y la libertad de elegir el
      propio camino, desafiando expectativas y estereotipos. Invita a los niños
      a descubrir sus talentos únicos y a valorar lo que les hace especiales.
      ENTRADA LIBRE HASTA COMPLETAR AFORO', 'others': '__NOT_DEFINIED__',
      'source': 'RedBibliotecas', 'exec_time': '20260301T114627', 'session':
      '2026_03_01_11_33_Domingo', 'image':
      'https://www.bibliotecaspublicas.es/.imaging/mte/site-bibliotecas-theme/24
      0/dam/almeria/ACTIVIDADES/MARZO%2026%20BASICOS/1.png/jcr%3Acontent/1.png',
      'url':
      'https://www.bibliotecaspublicas.es/almeria/actividades/Agenda/pl-172-1.ht
      ml'}
      21 / 24
      Getting content
      --------------------
      {'id': '181d9522', 'show': 1, 'in_city': 1, 'one_day': 1,
      'wrong_date_time': 0, 'event': 'Club De Lectura "La Central"', 'slug':
      'club-de-lectura-la-central', 'category': '__NOT_DEFINIED__', 'id_venue':
      '3mrLgtRB', 'venue': 'Biblioteca Central José María Artero',
      'std_venue': 'Biblioteca Central José María Artero', 'start_date':
      '2026-03-04', 'start_time': '11:00:00', 'end_date': '__NOT_DEFINIED__',
      'end_time': '12:30:00', 'description': 'Este mes de enero el club de
      lectura abordará la lectura de "Ese lugar llamado casa" de Marta Orriols.
      Si quieres participar y aún no estás inscrito, hazlo ahora. Si tienes
      más dudas sobre el club puedes escribirnos a
      bibliotecasmunicipales@aytoalmeria.es con el asunto: "Club de Lectura"',
      'others': '__NOT_DEFINIED__', 'source': 'RedBibliotecas', 'exec_time':
      '20260301T114627', 'session': '2026_03_01_11_33_Domingo', 'image':
      'https://www.bibliotecaspublicas.es/.imaging/mte/site-bibliotecas-theme/24
      0/dam/almeria/ACTIVIDADES/CLUBES/LOGO-CL-CENTRAL.png/jcr%3Acontent/LOGO%25
      20CL%2520CENTRAL.png', 'url':
      'https://www.bibliotecaspublicas.es/almeria/actividades/Agenda/cl-172.html
      '}
      22 / 24
      Getting content
      --------------------
      {'id': 'f742ceb4', 'show': 1, 'in_city': 1, 'one_day': 1,
      'wrong_date_time': 0, 'event': 'Cuentacuentos Infantil "Un Tractor Muy,
      Muy Ruidoso"', 'slug':
      'cuentacuentos-infantil-un-tractor-muy-muy-ruidoso', 'category':
      '__NOT_DEFINIED__', 'id_venue': '3mrLgtRB', 'venue': 'Biblioteca Central
      José María Artero', 'std_venue': 'Biblioteca Central José María
      Artero', 'start_date': '2026-03-10', 'start_time': '18:30:00', 'end_date':
      '__NOT_DEFINIED__', 'end_time': '19:30:00', 'description': "Ganador de los
      Moonbeam Children's Book Awards en 2013. Un cuento divertido y original
      que nos invita a abrir la mente y a ser libres, viendo las cosas como las
      ve un niño: como realmente son. Un tractor avanzaba por la carretera. Su
      ruido atronador impedía a la conductora oír las exclamaciones y los
      comentarios negativos de las personas que salían a su paso. Claro que, a
      veces, para lo que hay que oír, es mejor así: que el ruido sea muy, pero
      que muy fuerte… Esta divertida mujer, agricultora de profesión, se
      paseaba arriba y abajo con su vehículo de confianza, muy segura de sí
      misma y orgullosa de su profesión: la agricultura. A su paso, muchos
      ciudadanos adultos no comprenden la extravagancia de esta especial y
      original conductora. Sin embargo, cuando un niño gritó: “¡Hola,
      señora del tractor!”, nuestra conductora detuvo su tractor y se
      maravilló de esa frescura, esa espíritu libre que solo transmiten los
      niños. SE RUEGA PUNTUALIDAD", 'others': '__NOT_DEFINIED__', 'source':
      'RedBibliotecas', 'exec_time': '20260301T114627', 'session':
      '2026_03_01_11_33_Domingo', 'image':
      'https://www.bibliotecaspublicas.es/.imaging/mte/site-bibliotecas-theme/24
      0/dam/almeria/ACTIVIDADES/MARZO%2026%20BASICOS/8.png/jcr%3Acontent/8.png',
      'url':
      'https://www.bibliotecaspublicas.es/almeria/actividades/Agenda/cci-172-tra
      ctor.html'}
      23 / 24
      Getting content
      --------------------
      {'id': 'e63a9114', 'show': 1, 'in_city': 1, 'one_day': 1,
      'wrong_date_time': 0, 'event': 'Tertulia Literaria en Cabo De Gata.',
      'slug': 'tertulia-literaria-en-cabo-de-gata', 'category':
      '__NOT_DEFINIED__', 'id_venue': '1b66427d', 'venue': 'Biblioteca Municipal
      Cabo de Gata', 'std_venue': 'Biblioteca Municipal Cabo de Gata',
      'start_date': '2026-03-26', 'start_time': '17:30:00', 'end_date':
      '__NOT_DEFINIED__', 'end_time': '18:30:00', 'description': 'Manuel Vázq
      Si te gusta leer y la gastronomía..ven a la Biblioteca Cabo de Gata a las
      17:30 el próximo día 20 de febrero', 'others': '__NOT_DEFINIED__',
      'source': 'RedBibliotecas', 'exec_time': '20260301T114627', 'session':
      '2026_03_01_11_33_Domingo', 'image':
      'https://www.bibliotecaspublicas.es/.imaging/mte/site-bibliotecas-theme/24
      0/dam/almeria/ACTIVIDADES/CLUBES/CL-CABO.png/jcr%3Acontent/CL%2520CABO.png
      ', 'url':
      'https://www.bibliotecaspublicas.es/almeria/actividades/Agenda/cl-cabo0.ht
      ml'}
      ****************************
      Saving 24 new events
      Saving in
      /home/ubuntu/data_storage/Almeria/2026_03_01_11_33_Domingo/0_raw/20260301_
      1146_RedBibliotecas.json
      Saving 24 master url
      Appending to  /home/ubuntu/data_storage/Almeria/00_master/master_url.json

Result: Succeeded

Launching scraper: SalaEmma
Succeeded - 2026-03-01T11:46:41Z

dag: FisgonTaskSelenium (19.0s)
│
└─tarea_1 (19.0s) [succeeded]
  ├─bash -lc 'set -eo pipefail; export DOCKER_CONFIG=/tmp/.docker HOME=/tmp;
  │   SELENIUM_NAME="selenium_${DAG_RUN_ID:-$$}_$(date +%s)"; cleanup() {
  │   docker rm -f "$SELENIUM_NAME" >/dev/null 2>&1 || true; }; trap cleanup
  │   EXIT; docker run -d --rm --name "$SELENIUM_NAME" --shm-size=2g -e
  │   SE_NODE_MAX_SESSIONS=1 -e SE_NODE_OVERRIDE_MAX_SESSIONS=true
  │   selenium/standalone-chrome:latest >/dev/null; docker exec
  │   "$SELENIUM_NAME" bash -c "for i in \$(seq 1 60); do (echo >
  │   /dev/tcp/127.0.0.1/4444) >/dev/null 2>&1 && exit 0; sleep 1; done; exit
  │   1"; docker run --rm --network container:"$SELENIUM_NAME" -v
  │   /home/ubuntu/work/fisgon:/app -v
  │   /home/ubuntu/data_storage:/home/ubuntu/data_storage -v
  │   /home/ubuntu/work/event_flask_app/static/img:/home/ubuntu/work/event_fla
  │   sk_app/static/img -w /app -e OPERATION=0 -e DOCKER_CONFIG=/tmp/.docker
  │   -e HOME=/tmp -e TARGET_CITY -e TARGET_SCRAPER -e
  │   DAG_RUN_URL="${DAGU_BASE_URL:-}/dags/${DAG_NAME}?dagRunId=${DAG_RUN_ID}"
  │   -e
  │   DAG_RUN_LOG_URL="${DAGU_BASE_URL:-}/dags/${DAG_NAME}/log?remoteNode=loca
  │   l&step=tarea_1&dagRunId=${DAG_RUN_ID}" fisgon_scraper:1.0'
  │
  └─stdout: ... (24 more lines)
      {'id': 'df25fdbc', 'show': 1, 'in_city': 1, 'one_day': 1,
      'wrong_date_time': 0, 'event': 'Menos Es Más', 'slug': 'menos-es-mas',
      'category': '__NOT_DEFINIED__', 'id_venue': '7qHRF9LM', 'venue': 'Sala
      EMMA', 'std_venue': 'Sala Escuela Municipal de Música & Artes',
      'start_date': '2026-05-22', 'start_time': '20:00:00', 'end_date':
      '__NOT_FOUND__', 'end_time': '__NOT_FOUND__', 'description': 'Viernes, 22
      de Mayo, 2026 8:00 PM "Menos es Mas" es un formato diferente para amenizar
      tu evento. Este proyecto combina rock, jazz, pop...y su finalidad es
      transmitir emociones a través del instrumento. Juanmi Viñolo ha
      preparado una selección de temas de grandes clásicos de artistas como
      Frank Sinatra, Carlos\nSantana, Luis Salinas...\nSi te gusta la guitarra
      eléctrica, no te lo puedes perder 10.00 €', 'others': {}, 'source':
      'SalaEmma', 'exec_time': '20260301T114645', 'session':
      '2026_03_01_11_33_Domingo', 'image':
      '/home/ubuntu/work/event_flask_app/static/img/13b2ef2d.jpg', 'url':
      'https://entradasemma.azurewebsites.net/'}
      --------------------
      {'id': 'd889f644', 'show': 1, 'in_city': 1, 'one_day': 1,
      'wrong_date_time': 0, 'event': 'EDÉN SERRANO El Show', 'slug':
      'eden-serrano-el-show', 'category': '__NOT_DEFINIED__', 'id_venue':
      '7qHRF9LM', 'venue': 'Sala EMMA', 'std_venue': 'Sala Escuela Municipal de
      Música & Artes', 'start_date': '2026-03-06', 'start_time': '20:00:00',
      'end_date': '__NOT_FOUND__', 'end_time': '__NOT_FOUND__', 'description':
      'Viernes, 6 de Marzo, 2026 8:00 PM 12.00 €', 'others': {}, 'source':
      'SalaEmma', 'exec_time': '20260301T114645', 'session':
      '2026_03_01_11_33_Domingo', 'image':
      '/home/ubuntu/work/event_flask_app/static/img/f8c1d160.jpg', 'url':
      'https://entradasemma.azurewebsites.net/'}
      --------------------
      {'id': '93bf94fe', 'show': 1, 'in_city': 1, 'one_day': 1,
      'wrong_date_time': 0, 'event': 'Taller Más Allá De La Voz', 'slug':
      'taller-mas-alla-de-la-voz', 'category': '__NOT_DEFINIED__', 'id_venue':
      '7qHRF9LM', 'venue': 'Sala EMMA', 'std_venue': 'Sala Escuela Municipal de
      Música & Artes', 'start_date': '2026-03-21', 'start_time': '09:00:00',
      'end_date': '__NOT_FOUND__', 'end_time': '__NOT_FOUND__', 'description':
      'Sábado, 21 de Marzo, 2026 9:00 AM Más allá de la voz es un taller
      intensivo dirigido a cantantes que desean profundizar en la
      interpretación emocional y la presencia escénica, transformando sus
      canciones en experiencias auténticas para el público.\nA lo largo del
      taller se trabaja la canción desde dentro: la letra, la intención y la
      emoción, integrando la técnica vocal con recursos expresivos y
      escénicos. El objetivo es que el cantante no solo cante correctamente,
      sino que comunique, emocione y conecte desde un lugar verdadero y
      consciente sobre el escenario. 45.00 €', 'others': {}, 'source':
      'SalaEmma', 'exec_time': '20260301T114645', 'session':
      '2026_03_01_11_33_Domingo', 'image':
      '/home/ubuntu/work/event_flask_app/static/img/6bc51da0.jpg', 'url':
      'https://entradasemma.azurewebsites.net/'}
      --------------------
      {'id': 'd46647e6', 'show': 1, 'in_city': 1, 'one_day': 1,
      'wrong_date_time': 0, 'event': 'Menos Es Más (Alumnos Emma)', 'slug':
      'menos-es-mas-alumnos-emma', 'category': '__NOT_DEFINIED__', 'id_venue':
      '7qHRF9LM', 'venue': 'Sala EMMA', 'std_venue': 'Sala Escuela Municipal de
      Música & Artes', 'start_date': '2026-05-22', 'start_time': '20:00:00',
      'end_date': '__NOT_FOUND__', 'end_time': '__NOT_FOUND__', 'description':
      'Viernes, 22 de Mayo, 2026 8:00 PM 8.00 €', 'others': {}, 'source':
      'SalaEmma', 'exec_time': '20260301T114645', 'session':
      '2026_03_01_11_33_Domingo', 'image':
      '/home/ubuntu/work/event_flask_app/static/img/4cd2e31d.jpg', 'url':
      'https://entradasemma.azurewebsites.net/'}
      --------------------
      {'id': 'f8949cc6', 'show': 1, 'in_city': 1, 'one_day': 1,
      'wrong_date_time': 0, 'event': 'Pepe El Caja', 'slug': 'pepe-el-caja',
      'category': '__NOT_DEFINIED__', 'id_venue': '7qHRF9LM', 'venue': 'Sala
      EMMA', 'std_venue': 'Sala Escuela Municipal de Música & Artes',
      'start_date': '2026-05-23', 'start_time': '20:00:00', 'end_date':
      '__NOT_FOUND__', 'end_time': '__NOT_FOUND__', 'description': 'Sábado, 23
      de Mayo, 2026 8:00 PM 15.00 €', 'others': {}, 'source': 'SalaEmma',
      'exec_time': '20260301T114645', 'session': '2026_03_01_11_33_Domingo',
      'image': '/home/ubuntu/work/event_flask_app/static/img/e918a5a5.jpg',
      'url': 'https://entradasemma.azurewebsites.net/'}
      --------------------
      {'id': '8ad1beb0', 'show': 1, 'in_city': 1, 'one_day': 1,
      'wrong_date_time': 0, 'event': 'Manolo Lera', 'slug': 'manolo-lera',
      'category': '__NOT_DEFINIED__', 'id_venue': '7qHRF9LM', 'venue': 'Sala
      EMMA', 'std_venue': 'Sala Escuela Municipal de Música & Artes',
      'start_date': '2026-04-11', 'start_time': '20:00:00', 'end_date':
      '__NOT_FOUND__', 'end_time': '__NOT_FOUND__', 'description': 'Sábado, 11
      de Abril, 2026 8:00 PM 12.00 €', 'others': {}, 'source': 'SalaEmma',
      'exec_time': '20260301T114645', 'session': '2026_03_01_11_33_Domingo',
      'image': '/home/ubuntu/work/event_flask_app/static/img/c4ff0b09.jpg',
      'url': 'https://entradasemma.azurewebsites.net/'}
      --------------------
      {'id': 'ce70f159', 'show': 1, 'in_city': 1, 'one_day': 1,
      'wrong_date_time': 0, 'event': 'Melocotón en Almíbar', 'slug':
      'melocoton-en-almibar', 'category': '__NOT_DEFINIED__', 'id_venue':
      '7qHRF9LM', 'venue': 'Sala EMMA', 'std_venue': 'Sala Escuela Municipal de
      Música & Artes', 'start_date': '2026-05-09', 'start_time': '20:00:00',
      'end_date': '__NOT_FOUND__', 'end_time': '__NOT_FOUND__', 'description':
      'Sábado, 9 de Mayo, 2026 8:00 PM 12.00 €', 'others': {}, 'source':
      'SalaEmma', 'exec_time': '20260301T114645', 'session':
      '2026_03_01_11_33_Domingo', 'image':
      '/home/ubuntu/work/event_flask_app/static/img/80836c9f.jpg', 'url':
      'https://entradasemma.azurewebsites.net/'}
      --------------------
      {'id': '7662a7b1', 'show': 1, 'in_city': 1, 'one_day': 1,
      'wrong_date_time': 0, 'event': 'Rafa Tornado Punkústico', 'slug':
      'rafa-tornado-punkustico', 'category': '__NOT_DEFINIED__', 'id_venue':
      '7qHRF9LM', 'venue': 'Sala EMMA', 'std_venue': 'Sala Escuela Municipal de
      Música & Artes', 'start_date': '2026-03-15', 'start_time': '17:00:00',
      'end_date': '__NOT_FOUND__', 'end_time': '__NOT_FOUND__', 'description':
      'Domingo, 15 de Marzo, 2026 5:00 PM ENTRADA+CONSUMICIÓN 6.00 €',
      'others': {}, 'source': 'SalaEmma', 'exec_time': '20260301T114645',
      'session': '2026_03_01_11_33_Domingo', 'image':
      '/home/ubuntu/work/event_flask_app/static/img/f7ec8af7.jpg', 'url':
      'https://entradasemma.azurewebsites.net/'}
      --------------------
      {'id': '4a3a3c98', 'show': 1, 'in_city': 1, 'one_day': 1,
      'wrong_date_time': 0, 'event': '¡corten! Una Comedia De Cine', 'slug':
      'corten-una-comedia-de-cine', 'category': '__NOT_DEFINIED__', 'id_venue':
      '7qHRF9LM', 'venue': 'Sala EMMA', 'std_venue': 'Sala Escuela Municipal de
      Música & Artes', 'start_date': '2026-04-25', 'start_time': '20:00:00',
      'end_date': '__NOT_FOUND__', 'end_time': '__NOT_FOUND__', 'description':
      'Sábado, 25 de Abril, 2026 8:00 PM 12.00 €', 'others': {}, 'source':
      'SalaEmma', 'exec_time': '20260301T114645', 'session':
      '2026_03_01_11_33_Domingo', 'image':
      '/home/ubuntu/work/event_flask_app/static/img/3741842c.jpg', 'url':
      'https://entradasemma.azurewebsites.net/'}
      --------------------
      {'id': 'b934db49', 'show': 1, 'in_city': 1, 'one_day': 1,
      'wrong_date_time': 0, 'event': 'Alvarito', 'slug': 'alvarito', 'category':
      '__NOT_DEFINIED__', 'id_venue': '7qHRF9LM', 'venue': 'Sala EMMA',
      'std_venue': 'Sala Escuela Municipal de Música & Artes', 'start_date':
      '2026-06-06', 'start_time': '20:00:00', 'end_date': '__NOT_FOUND__',
      'end_time': '__NOT_FOUND__', 'description': 'Sábado, 6 de Junio, 2026
      8:00 PM 12.00 €', 'others': {}, 'source': 'SalaEmma', 'exec_time':
      '20260301T114645', 'session': '2026_03_01_11_33_Domingo', 'image':
      '/home/ubuntu/work/event_flask_app/static/img/02185143.jpg', 'url':
      'https://entradasemma.azurewebsites.net/'}
      --------------------
      {'id': 'a726368d', 'show': 1, 'in_city': 1, 'one_day': 1,
      'wrong_date_time': 0, 'event': 'Victor Castigao Descontrolao', 'slug':
      'victor-castigao-descontrolao', 'category': '__NOT_DEFINIED__',
      'id_venue': '7qHRF9LM', 'venue': 'Sala EMMA', 'std_venue': 'Sala Escuela
      Municipal de Música & Artes', 'start_date': '2026-04-18', 'start_time':
      '20:00:00', 'end_date': '__NOT_FOUND__', 'end_time': '__NOT_FOUND__',
      'description': 'Sábado, 18 de Abril, 2026 8:00 PM 12.00 €', 'others':
      {}, 'source': 'SalaEmma', 'exec_time': '20260301T114645', 'session':
      '2026_03_01_11_33_Domingo', 'image':
      '/home/ubuntu/work/event_flask_app/static/img/5277175b.jpg', 'url':
      'https://entradasemma.azurewebsites.net/'}
      --------------------
      {'id': '832cbb2f', 'show': 1, 'in_city': 1, 'one_day': 1,
      'wrong_date_time': 0, 'event': '¡comedia! “Malas Y Maldecías Tocata Y
      Fuga”', 'slug': 'comedia-malas-y-maldecias-tocata-y-fuga', 'category':
      '__NOT_DEFINIED__', 'id_venue': '7qHRF9LM', 'venue': 'Sala EMMA',
      'std_venue': 'Sala Escuela Municipal de Música & Artes', 'start_date':
      '2026-03-07', 'start_time': '20:00:00', 'end_date': '__NOT_FOUND__',
      'end_time': '__NOT_FOUND__', 'description': 'Sábado, 7 de Marzo, 2026
      8:00 PM 12.00 €', 'others': {}, 'source': 'SalaEmma', 'exec_time':
      '20260301T114645', 'session': '2026_03_01_11_33_Domingo', 'image':
      '/home/ubuntu/work/event_flask_app/static/img/72e63318.jpg', 'url':
      'https://entradasemma.azurewebsites.net/'}
      --------------------
      {'id': '36a08053', 'show': 1, 'in_city': 1, 'one_day': 1,
      'wrong_date_time': 0, 'event': 'El Mentalista Canalla', 'slug':
      'el-mentalista-canalla', 'category': '__NOT_DEFINIED__', 'id_venue':
      '7qHRF9LM', 'venue': 'Sala EMMA', 'std_venue': 'Sala Escuela Municipal de
      Música & Artes', 'start_date': '2026-04-24', 'start_time': '20:00:00',
      'end_date': '__NOT_FOUND__', 'end_time': '__NOT_FOUND__', 'description':
      'Viernes, 24 de Abril, 2026 8:00 PM 12.00 €', 'others': {}, 'source':
      'SalaEmma', 'exec_time': '20260301T114645', 'session':
      '2026_03_01_11_33_Domingo', 'image':
      '/home/ubuntu/work/event_flask_app/static/img/dc95ffaf.jpg', 'url':
      'https://entradasemma.azurewebsites.net/'}
      Checking unique event dict.
      Reading /home/ubuntu/data_storage/Almeria/00_master/master_events.json...
      *******
      [('Manolo Lera', 'Sala EMMA', '2026-04-11', '20:00:00'), ('Victor Castigao
      Descontrolao', 'Sala EMMA', '2026-04-18', '20:00:00'), ('El Mentalista
      Canalla', 'Sala EMMA', '2026-04-24', '20:00:00'), ('¡corten! Una Comedia
      De Cine', 'Sala EMMA', '2026-04-25', '20:00:00'), ('Melocotón en
      Almíbar', 'Sala EMMA', '2026-05-09', '20:00:00'), ('Kikín Fernández Y
      Fernando Labordeta', 'Sala EMMA', '2026-05-16', '20:00:00'), ('Pepe El
      Caja', 'Sala EMMA', '2026-05-23', '20:00:00'), ('Alvarito', 'Sala EMMA',
      '2026-06-06', '20:00:00'), ('Humor De Casados (Mariano Ypunto Y La Nena)',
      'Sala EMMA', '2026-06-13', '20:00:00')]
      ('Humor De Casados (Mariano Ypunto Y La Nena)', 'Sala EMMA', '2026-06-13',
      '20:00:00')
      ('Christian Garcia (10 Años Dando Guerra)', 'Sala EMMA', '2026-03-14',
      '20:00:00')
      ('Kikín Fernández Y Fernando Labordeta', 'Sala EMMA', '2026-05-16',
      '20:00:00')
      ('Menos Es Más', 'Sala EMMA', '2026-05-22', '20:00:00')
      ('EDÉN SERRANO El Show', 'Sala EMMA', '2026-03-06', '20:00:00')
      ('Taller Más Allá De La Voz', 'Sala EMMA', '2026-03-21', '09:00:00')
      ('Menos Es Más (Alumnos Emma)', 'Sala EMMA', '2026-05-22', '20:00:00')
      ('Pepe El Caja', 'Sala EMMA', '2026-05-23', '20:00:00')
      ('Manolo Lera', 'Sala EMMA', '2026-04-11', '20:00:00')
      ('Melocotón en Almíbar', 'Sala EMMA', '2026-05-09', '20:00:00')
      ('Rafa Tornado Punkústico', 'Sala EMMA', '2026-03-15', '17:00:00')
      ('¡corten! Una Comedia De Cine', 'Sala EMMA', '2026-04-25', '20:00:00')
      ('Alvarito', 'Sala EMMA', '2026-06-06', '20:00:00')
      ('Victor Castigao Descontrolao', 'Sala EMMA', '2026-04-18', '20:00:00')
      ('¡comedia! “Malas Y Maldecías Tocata Y Fuga”', 'Sala EMMA',
      '2026-03-07', '20:00:00')
      ('El Mentalista Canalla', 'Sala EMMA', '2026-04-24', '20:00:00')
      ****************************
      Saving 7 new events
      Saving in
      /home/ubuntu/data_storage/Almeria/2026_03_01_11_33_Domingo/0_raw/20260301_
      1146_SalaEmma.json
      Saving 7 master url
      Appending to  /home/ubuntu/data_storage/Almeria/00_master/master_url.json

Result: Succeeded

